#Chinese	#English
「人間音緣─星雲大師佛教歌曲發表會」詞庫	Lyrics for Sounds of the Human World: Venerable Master Hsing Yun's Buddhist Songs Competition
「人間音緣」入圍歌曲發表會	Buddhist Songs From Sounds of the Human World Competition
「和平鐘聲到台灣」祈求兩岸和平回向法會	“Peace Bell for Taiwan” Dharma Service
「回歸佛陀時代」弘法大會	“Return To Buddha's Time” Dharma Service
「恆河之聲」梵唄音樂會	“Sounds of the Ganges River” Buddhist Concert
「慈悲喜捨」梵唄音樂會	“Compassion, Loving-kindness, Joy And Equanimity” Buddhist Concert
「晨鐘暮鼓」梵唄音樂會	Sounds of Morning Bell And Evening Drum
「浩瀚星雲」音樂劇	Stars and Clouds Musical
「禮讚十方佛梵音樂舞」	In Praise of the Buddhas: Buddhist Chanting And Dance
「莊嚴淨土.梵音樂舞」梵唄音樂會	“Beautiful Pure Land - Buddhist Chanting And Dances”
「覺有情─星雲大師墨跡巡迴展」	To Enlighten Sentient Beings - Calligraphy Tour of Venerable Master
「釋迦牟尼佛傳」音樂劇	Siddhartha: The Musical
32養生蔬食館	32 Vegetarian Restaurant
49日精進念佛	49-Day Amitabha Chanting Retreat
人我之間要跳探戈	Personal relationships are like tango
1. 你好我壞 2. 你對我錯 3. 你大我小 4. 你有我無	1. You are well, and I am not. 2. You are right, and I am wrong. 3. You are important, and I am not. 4. You can have, and I own nothing.
一九五三宜蘭合唱團	1953 Yilan Choir
一人一世界 一心一如來	Every mind is a world; Every heart is a buddha.
一人入道 全家有福	When One Member Enters the Way; The Entire Family Will Benefit from It
一以貫之	Be Consistent
一佛出世，二佛涅槃	when one buddha is born, the other two will pass away
一佛出世，千佛護持	the birth of one buddha is made possible by thousand(s) of other buddhas
1. 一個真誠的微笑 給人無限的歡喜 2. 一句適當的鼓勵 給人無窮的受用 3. 一件慈悲的善行 給人無量的因緣 4. 一則應機的故事 給人無盡的啟示	A sincere smile offers immeasurable joy. A fitting encouragement offers endless support. An act of compassion offers boundless possibilities. A relevant story offers infinite inspirations.
一個科學者研究佛經的報告	Reports of Buddhist Studies by a Scientist
一切唯心造	All Is but a Creation of the Mind
1. 一切好事 從我本身做起  2. 一切好言 從我口中說出 3. 一切善心 從我自己開發 4. 一切善人 從我至誠禮敬	May all good causes begin from self. May all good words spread from my speech. May all good intentions begin from my heart. May all good people feel respect from me.
一切智	wisdom of all
一切有情	all living beings
一切有為法，如夢幻泡影	all conditioned phenomena are like dreams, illusions, bubbles, and shadows
一切法	all phenomena
一切眾生	all sentient beings
一切眾生皆能成佛	all sentient beings are capable of becoming buddhas
一切都是當然的	Everything is as it should be
一剎那	one ksana
一加一頌 1. 一曉一天明 2. 一天一日行 3. 一路一條道 4. 一往一來去 5. 一點一開始 6. 一筆一幅畫 7. 一手一片天 8. 一笑一歡喜 9. 一生一條命 10. 一人一顆心 11. 一句一讚歎 12. 一家一合相 13. 一默一聲雷 14. 一事一種理 15. 一諾一千金 16. 一小一無限 17. 一念一禪法 18. 一空一切色 19. 一花一世界 20. 一葉一如來	Every One Thing 1.   Every dawn breaks into a sunrise. 2.   Every day is a part of life. 3.   Every road leads to a way. 4.   Every arrival leads to departure. 5.   Every dot is a beginning. 6.   Every brush makes a painting whole. 7.   Every hand creates a world. 8.   Every smile carries a delight. 9.   Every life represents a hope. 10. Every person has a heart. 11. Every word can be a compliment. 12. Every family is a union. 13. Every silence is a thunderous statement. 14. Every incident embodies a theory. 15. Every promise is worth a thousand gold. 16. Every small matter holds infinite possibilities. 17. Every thought is Chan in practice. 18. Every emptiness comprises all matters. 19. Every flower is a world of its own. 20. Every leaf is a manifestation of Buddha.
一劫	one kalpa
一匝	to make a full circle
一半一半	Half and half
一即多，多即一	one is many, and many are one
一句	a sentence
一合相	a composite
一向	one direction
一味	one taste
一味禪	Chan of one taste
一報還一報	an eye for an eye, a tooth for a tooth
一塵不染清淨地 萬善同登般若門	Without even a speck of dust is this land of purity; Through which all virtues unite is this gate of prajna.
一大劫	one great kalpa
一子出家，九族升天	when one child renounces, nine clans of kinsmen will ascend to heaven
一家	same family
一宿覺	enlightenment in one night
一師一道	one teacher and one path
一彈指	a snap of the finger
一彈指頃	a snap of the finger
一微塵	a particle of dust
一心一德 十全十美	Single-Heartedly, Perfect in Every Way
一心二門; 1. 心真如門 2. 心生滅門	One Mind Opens Two Doors: 1. The door of suchness; 2. The door of arising and ceasing
一心似月無圓缺 萬事如雲任去來	A mind like the perfect full moon; Coursing through the world's troubles like free clouds.
一心如月明千載 萬法似水淨十方	A heart like the timeless bright moon; Boundless dharmas like all-permeating purifying water.
一忍可當百勇 一靜可別百動 一勤可成百事 一善可消百惡	A moment of tolerance outplays a hundred warriors. A moment of calm outweighs a hundred movements. A moment of diligence solves a hundred problems. A moment of kindness eliminates a hundred unkind deeds.
一念	one thought
一把鑰匙，開一把鎖	each key opens up a lock
一指禪	one-finger Chan
一教塔  二眾塔  三好塔  四給塔  五和塔  六度塔  七誡塔  八道塔	1. One Teaching Pagoda; 2. Two Assemblies Pagoda; 3. Three Goodness Pagoda; 4. Four Givings Pagoda; 5. Five Harmonies Pagoda; 6. Six Perfections Pagoda; 7. Seven Admonishments Pagoda; 8. Eightfold Path Pagoda
一方土地方方淨 念念心真念念真	A corner of land pure in all corners; A moment of thought truthful in every moment.
一日不作，一日不食	a day without work means a day without food
一日之計在於晨 一生之計在於勤 一事之計在於明 一家之計在於和	Morning is the golden moment of the day. Diligence is the key to success in life. Clarity is the cause for a favorable outcome. Harmony is the foundation of a family.
一日修來一日功 一日不修一日空 真正修行在日常 佛道本在生活中	Each day's worth of practice is each day's worth of merit, Each day's share of negligence is each day's share of vanity; True practice is found within everyday life, Because the Buddha is nowhere but in life itself.
一日梵唄，千禧法音	A Day's Buddhist Chanting - Millennium Dharma Music
一時與長久 歲月是流轉的 文化是千秋的 花開是時節的 青山是常在的 勸導是有限的 守戒是不變的 感受是短暫的 相處是長遠的 傷痛是當下的 歡喜是持久的 委屈是暫時的 真相是恆常的 功名是一時的 生命是一世的 生死是瞬間的 願力是無窮的 妄念是剎那的 佛性是不滅的 因緣是變化的 悟道是永恆的	Momentary vs Everlasting Age is fleeting, but culture is timeless. Flowers are seasonal, but mountains are abiding. Counseling is limited, but discipline is sustainable. Feelings are momentary, but relationships are for life. Pain is transient, but joy is perpetual. Misunderstanding is temporary, but Truth is eternal. Fame and gain are short-lived, but life is everlasting. Birth and death are ephemeral, but vows are abiding. Delusion is swift, but Buddha-nature is imperishable. Causes and conditions are changing, but enlightenment is forever.
一朝被蛇咬，十年怕井繩	once bitten, twice shy
一朝風月 萬里晴空	A Moment's Moon and Wind Across an Everlasting Cloudless Sky
一期	one moment of time
一水貫通五湖四海 一月普照萬國九州 一雨滋潤山川草木 一雷覺醒大地群迷 一理貫通千差萬別 一言決斷古今猶豫 一心廣含十方虛空 一念慈悲眾生受益	One water flows through all rivers and seas. One moon shines on all kingdoms and continents. One rain nourishes a mountain's rivers, grass, and trees. One thunder awakens the confused minds of the whole land. One principle mastered makes all the difference. One final call puts an end to all doubts. One all-embracing mind: the vast emptiness. One thought of compassion benefits all beings.
一流	of the same flow
一燈照破心中暗 雙手能做慈悲人	One single light can dispel the mind's darkness; Your hands suffice to show the compassion in you.
一真法界	The Dharma Realm of One Truth
一碗慈心粥	"勝飲人參湯; 一杯清和茶,勝喝瓊玉漿; 一口菜根香,勝嚼酒肉飯; 一念思無邪,勝辦滿漢席"",""A bowl of compassion porridge is better than drinking precious ginseng soup, A cup of calming tea is better than drinking a fabulous elixir, A mouthful of humble fare is better than dining on meat and wine. One thought free of unwholesomeness is better than arranging a sumptuous feast."
一筆勾	cross out with one stroke
一粒米中藏世界 半邊鍋裏煮乾坤	An entire world is hidden inside a grain of rice; Endless wonders are stirred inside a wok.
一絲不掛	not attached to a single thread
一缽千家飯 孤僧萬里遊	From a thousand households I eat with an alms bowl; Ten thousand miles I travel as a lone monk.
一花一世界 一葉一如來	One can find a world in a flower; One can see a buddha in a leaf.
一花一世界，一葉一如來	there is a world in a single flower; a buddha in a single leaf
一花一木都有生命 一山一水都有生機 一人一事都有道理 一舉一動都有因果	Every flower and tree has its own life, Every mountain and river has its own vitality, Every person and matter has its own reasons, Every move and action has its own cause and effect.
一花一界 一人一佛	One Can See a World in a Flower; One Can See a Buddha in a Person
一花一界 一葉一如	One Can See a World in a Flower; One Can See a Buddha in a Leaf
一言	one word;
一言既出，駟馬難追	a word spoken is an arrow let fly
一路	all along the way
一路福星	Star of Fortune
一門	one gate
一音	one voice
一食頃	the time of a meal
一體不二	non-dual oneness
七七四十九日精進禪修	49-Day Meditation Retreat
七俠五義	Seven Chivalrous Knights
七情六欲	the seven emotions and six sensory pleasures
七戒塔	Seven Admonishments Pagoda
七眾弟子 1. 比丘 2. 比丘尼 3. 沙彌 4. 沙彌尼 5. 式叉摩那 6. 優婆塞 7. 優婆夷	Sevenfold Assembly: 1. bhiksu; 2. bhiksuni; 3. sramanera; 4. sramanerika; 5. siksamana; 6. upasaka; 7. upasika
七聖財; 1. 信仰 2. 聽聞 3. 慚愧 4. 定慧 5. 沙彌 6. 沙彌尼 7. 聲聞	Seven Kinds of Spiritual Wealth: 1. faith; 2. listening and learning; 3. conscience; 4. meditative wisdom; 5. sramanera; 6. sramaneri; 7. sravaka
七覺支	the Seven Factors of Enlightenment
七誡運動 一誡煙毒，二誡色情，三誡暴力，四誡偷盜，五誡賭博，六誡酗酒，七誡惡口。	1. Abstain from smoking and drugs 2. Abstain from sexual misconduct 3. Abstain from violence 4. Abstain from stealing 5. Abstain from gambling 6. Abstain from alcohol abuse 7. Abstain from coarse language.
丈夫自有沖天志 不向如來行處行	A man of spirit aspires to soar far and high; Refusing to walk the same path as the Buddha.
丈室	Small Room
三世	Three Periods of Time
三世因果	Cause and Effect Across the Three Lifetimes
三乘	Three Vehicles
三分師徒，七分道友	three parts guidance and seven parts friendship
三劫	Three Kalpas
三千	three thousand-fold
三千威儀，八萬細行	three thousand demeanors and eighty thousand subtle actions
三單監寺	Third Deputy Superintendent
三壇羅漢期戒會	Triple Plaftform Full Ordination Ceremony
三大阿僧祇劫; 1. 成劫 2. 住劫 3. 壞劫 4. 空劫               	Kalpa: 1. kalpa of formation; 2. kalpa of abiding; 3. kalpa of destruction; 4. kalpa of void
三好人	Three Acts of Goodness Practitioner
三好人家	Three Acts of Goodness Family
三好人生 四季花開	Three Acts of Goodness Practitioner; Spring All Year Long
三好人生 花開四季	Three Acts of Goodness Practitioner; Spring All Year Long
三好人生 萬家生佛	A Life Lived in the Three Acts of Goodness; Buddha Is in All Families
三好傳家	Let the Three Acts of Goodness Be a Family Legacy
三好兒童夏令營	Three Acts of Goodness Children's Summer Camp
三好塔	Three Goodness Pagoda
三好安家 五和興邦	Three Acts of Goodness Bring Peace to the Family; Five Harmonies Bring Prosperity to the Country
三好實踐校園	Three Acts of Goodness Schools
三好故事營	Three Acts of Goodness Story Camp
三好校園	Three Acts of Goodness School
三好校園 身做好事 口說好話 心存好念	Three Acts of Goodness School  Do Good Deeds Speak Good Words Think Good Thoughts
三好校園實踐學校頒獎典禮	Three Acts of Goodness School Award Ceremony
三好樓	Three Acts of Goodness Building
三好生命教育教材	Three Acts of Goodness Teaching Materials
三好體驗營	Three Acts of Goodness Camp
三學; 1. 戒學 2. 定學 3. 慧學	Threefold Training: 1. training on morality; 2. training on meditative concentration; 3. training on wisdom
三學增上明佛性 一塵不染照禪心	Along the progress of the Threefold Training one's buddha-nature is uncovered; Upon the state of purity shines the mind of Ch'an.
三寶; 1. 佛 2. 法 3. 僧	The Triple Gem: 1. Awakened One (Buddha); 2. Dharma; 3. Sangha
三寶佛	the Triple Gem Buddhas
三寶山	Triple Gem Mountain
三從	Three Obediences
三德; 1. 智德 2. 恩德 3. 斷德	Three Virtues of the Buddha: 1. wisdom; 2. kindness; 3. eliminating afflictions
三思	Three Mental Conditions
三思終有益 百忍永無憂	Nothing can go wrong with thinking thrice; No troubles befall an ever persevering mind.
三惡道	Three Lower Realms
三慧; 1. 聞慧 2. 思慧 3. 修慧	Three Kinds of Wisdom: 1. wisdom from hearing; 2. wisdom from thinking; 3. wisdom from practice
三摩地; 1. 常坐三昧 2. 常行三昧 3. 半行半坐三昧 4. 非行非坐三昧	Samadhi: 1. constant sitting samadhi; 2. constant walking samadhi; 3. half-walking, half-sitting samadhi; 4. non-walking and non-sitting samadhi
三昧	samadhi
三昧水慈善醫院	Samadhi Water Compassionate Relief Hospital
三昧火	fire of samadhi
三時	Three Periods of Time
三時佛法; 1. 正法 2. 像法 3. 末法	Three Ages of the Dharma: 1. age of right Dharma; 2. age of semblance Dharma; 3. age of declining Dharma
三時業; 1. 現報業 2. 生報業 3. 後報業	Effects of Karma of the Three Time Periods: 1. karmic effects in this life; 2. karmic effects in the next life; 3. karmic effects in future lives
三時繫念法會	Amitabha Triple Contemplation Service
三業; 1. 身業 2. 口業 3. 意業	Three Types of Karma: 1. physical karma; 2. verbal karma; 3. mental karma
三毒; 1. 貪毒 2. 瞋毒 3. 愚痴	Three Poisons: 1. the poison of greed; 2. the poison of anger; 3. the poison of ignorance
三法印; 1. 諸行無常 2. 諸法無我 3. 涅槃寂靜	Three Dharma Seals: 1. all conditioned phenomena are impermanent; 2. all phenomena are without an independent self; 3. Nirvana is perfect tranquility
三災	Three Calamities
三生	Three Lifetimes
三生有幸	blessings from the past three lifetimes
三界	Three Realms
三界二十八天; a. 欲界六天 1. 四天王天 2. 忉利天 3. 夜摩天 4. 兜率天 5. 化樂天 6. 他化自在天 b. 色界十八天 1. 梵眾天 2. 梵輔天 3. 大梵天 4.少光天 5. 無量光天 6. 光音天 7. 少淨天 8. 無量淨天 9. 遍淨天 10. 福生天 11. 福愛天 12. 廣果天 13. 無想天 14. 無煩天 15. 無熱天 16. 善見天 17. 善現天 18. 色究竟天 c.無色界四天 1. 空無邊處天 2. 識無邊處天 3. 無所有處天 4. 非想非非想處天	Heaven: a. Six Heavens of the Desire Realm: 1. Caturmaharajika Heaven (the heaven of the four kings); 2. Trayastrimsa Heaven (the heaven of the thirty-three gods); 3. Yama Heaven (the heaven of timely restraint); 4. Tusita Heaven (the heaven of contentedness); 5. Nirmanarati Heaven (the heaven of joyful creation; 6. Paranirmita-vasavartin Heaven (the heaven of robbing others' pleasure); b. Eighteen Heavens of the Form Realm: 1. Brahma-parisadya Heaven (the heaven of the followers of Brahma); 2. Brahma-purohita Heaven (the heaven of the ministers of Brahma); 3. Mahabrahma Heaven (the heaven of the great Brahma); 4. Parittabha Heaven (the heaven of limited radiance); 5. Apramanabha Heaven (the heaven of infinite radiance); 6. Abhasvara Heaven (the heaven of radiant sound); 7. Parittasubha Heaven (the heaven of limited purity); 8. Apramanasubha Heaven (the heaven of infinite purity); 9. Subhakrtsna Heaven (the heaven of pervasive purity); 10. Punyaprasava Heaven (the heaven produced by virtue); 11. Anabhraka Heaven (the heaven of lovers of virtue); 12. Brhatphala Heaven (the heaven of bountiful fruits); 13. Asamjnisattvah Heaven (the heaven without thought); 14. Avrha Heaven (the heaven without affliction); 15. Atapa Heaven (the heaven without heat); 16. Sudarsana Heaven (the heaven of skillful vision); 17. Sudrsa Heaven (the heaven of skillful manifestation); 18. Akanistha Heaven (the supreme heaven of the form realm); c. Four Heavens of the Formless Realm: 1. Akasanantyayatana Heaven (the heaven of limitless space); 2. Vijnananantyayatana Heaven (the heaven of limitless consciousness); 3. Ākiñcaññāyatana Heaven (the heaven of nothingness); 4. Naiva-samjnanasamjnayatana Heaven (the heaven of neither thought nor non-thought)
三界似火宅，娑婆如苦海	The Three Realms are like a burning house; the Saha World is like an ocean of suffering
三界唯心，萬法唯識	the three realms are only in the mind; the myriad dharmas are only in the consciousness
三界外	outside the three dharma realms
三皈五戒甘露灌頂典禮	Triple Gem Refuge Ceremony And Five Precepts Ceremony
三皈依	Three Refuges
三皈依	to take refuge in the Triple Gem
三福行	Practice the Three Merits
三禮	Three Rites
三藏; 1. 經藏 2. 律藏 3. 論藏	Tripitaka: 1. Collection of Discourses; 2. Collection of Monastic Rules; 3. Collection of Treatises
三衣一缽; 1. 僧伽梨 2. 鬱多羅僧 3. 安陀會 4. 缽        	Robe and Bowl: 1. Sanghati (monastic robe); 2. Uttarasanga (upper robe); 3. Anatarvasaka (inner robe); 4. Katora (bowl)
三覺圓滿	Perfected in the Three Types of Enlightenment
三資糧; 1. 信 2. 願 3. 行	Three Supports: 1. faith; 2. vows; 3. practice
三輪體空; 1. 施者 2. 受者 3. 施物	Giving: 1. the giver; 2. the recipient; 3. the gift
三轉法輪	Three Turnings of Dharma Wheel
三途: 1. 畜生 2. 餓鬼 3. 地獄	Three Lower Realms: 1. Animal Realm; 2. Realm of Hungry Ghosts; 3. Hell Realms
三重文化廣場	Sanchong Cultural Plaza
三陽和諧	Auspicious Blessing of Peace and Harmony
上乘	superior vehicle
上人	supreme teacher
上報四重恩，下濟三途苦	have gratitude for the four kindnesses, and follow the Dharma to cross over the three lower realms of existence
上大供	great offering
上客堂	Upper Guest Hall
下化眾生	backtrack to deliver sentient beings
下鄉弘法	Countryside Dharma Propagation
不二	Non-Duality
不二門	Non-Duality Gate
不二門	the Gate of Non-Duality
不二門中參妙道 大千界內叩玄關	Delve into the wondrous way inside the Gate of Non-Duality; Break through the doorway into the great chiliocosm.
不以得為喜 不以失為悲 不以求為苦 不以有為樂	Do not take gain to be joy. Do not take loss to be pain. Do not take yearning to be suffering. Do not take having to happiness.
不倒單	never laying down
不共業	individual karma
不動尊	Acala
不動心	Unmoving Mind
不即不離	neither close nor far
不可得	unobtainable
不可說	inexplicable
不增不減	neither increases nor decreases
不妄語	not lying
不忘初心 全力以赴	Never Forget One’s Initial Aspirations; Always Give Your Best Effort
不思善	not thinking about the wholesome
不思惡	not thinking about the unwholesome
不思議	inconceivable
不放逸	no laxity
不是冤家不聚頭	destiny will make enemies meet
不比較，不計較	Never compare or calculate
不生不滅	neither arises nor extinguishes
不看僧面看佛面	if not for the sake of the monk, at least for that of the Buddha
不知道的樂趣	There is fun in not knowing.
不空過	Do Not Pass Time in Vain
不立文字	cannot be set down in words
不經一番寒徹骨 那有梅花撲鼻香	Without going through the cruel and harsh winter; How can the plum turn tangy with fragrance
不自在	not in perfect ease
不要做海豚	Don't be a dolphin.
不要做焦芽敗種	Let's not perish together.
不要將歉疚帶到棺材裡去	Never bring your regret to your deathbed.
不要讓阿彌陀佛代替我們報恩	Don't let Amitabha Buddha pay for what we owe.
不要錯失良機	Seize your opportunities
不見不聞的世界	A world of not looking and not listening
不誑語	not lying
不變隨緣	remain unmoved while following the conditions
不退轉	never regress or change
不雨花猶落 無風絮自飛	Flowers will fall even without the rain, Catkins will fly away even without the wind.
世事不必爭人我 身心放下見乾坤	Needless to fight over self and others; Upon letting go, the Truth is revealed.
世事有分別 人我一家親	Despite the differences in this world; Every person is family to me.
世人二十苦 忍者苦口難言 愚者苦海無邊 病者苦不堪言 盲者苦於無光 佞者苦心積慮 孤者苦無照顧 老者苦有代溝 貪者苦求無著 貧者苦雨淒風 邪者苦事無窮 犯者苦陷牢獄 惡者苦果必然 業者苦心經營 師者苦口婆心 達者苦中有樂 勇者苦忍有力 學者苦心研究 勤者苦盡甘來 智者苦能轉樂 仁者苦節飄香	Twenty Pains of Life One who endures finds the pain indescribable. One who is ignorant is trapped in the abyss of suffering. One who is sick is in unspeakable pain. One who is blind is blocked from rays of light. One who is wicked is chained by painstaking plot. One who is in solitude is threatened by loneliness. One who is old is isolated by generation gaps. One who is greedy is deprived of freedom. One who is poor is desolated by rain and cold. One who is evil is trapped in endless suffering. One who is convicted is locked behind bars. One who is unwholesome will never escape suffering. One who is in business is entangled by the tediousness of management. One who is the teacher is willing to advise earnestly and kindly. One who is skillful is able to find joy in hardship. One who is brave has the power to end suffering. One who is well learned is able to commit to his research. One who is diligent can put an end to hardship. One who is wise can turn suffering into happiness. One who is benevolent will leave behind a good name.
世俗	Secular
世有人我相 禪無分別心	In this world, there may be self and others; In Chan, the discriminative mind never was.
世界佛光童軍大會	World BLIA Scout Jamboree
世界佛光青年大會	International Buddha’s Light Young Adult Conference
世界佛教僧伽會	International Congress of World Buddhist Sangha Council
世界佛教居士林林刊	The World Buddhist Lay Association Magazine
世界佛教徒聯誼會	World Fellowship of Buddhists
世界佛教比丘尼協會	World Buddhism Bhikkuni Association
世界佛教美術圖說大辭典	Encyclopedia of World Buddhist Arts
世界佛教青年友誼大會	General Conference of the World Fellowship of Buddhist Youth
世界佛教青年會1985年學術會議	1985 WFBY Academic Conference
世界佛教青年會學術會議	World Fellowship of Buddhist Youth (WFBY)
世界僧伽會議	World Buddhist Sangha Conference
世界和平 世界一家	Peace for the World; One World, One Family
世界和平 天下一家	Peace for the World; One World, One Family
世界和平朝聖法會	Pilgrimage And Religious Service for World Peace
世界宗教交流	International Religious Exchange
世界宗教和平會議	World Assembly of Religions for Peace
世界宗教和平聯盟	World Council of Religions for Peace
世界宗教領導人大會	World Religious Leaders' Conference
世界環境日	World Environment Day
世界神明聯誼會	When Buddha Meets the Gods Event
世界顯密佛教會議	World Sutric And Tantric Buddhist Conference
世紀生春	Spring Joy in the New Millennium
世間	world
世間有佛慈悲廣 胸中無私天地寬	In a world with a buddha present compassion develops; In a selfless heart the Universe widens.
世間有水皆歸海 天下無山空飛雲	All waters in this world return to the sea; No clouds float above empty mountains.
世間法	Worldly Rules
世間自然的法則 春花秋月是季節的美景 地水火風是宇宙的條件 江湖河海是大地的活力 人我是非是社會的現象 喜怒哀樂是感受的表情 悲歡離合是自然的狀況 老病死生是生命的循環 善惡報應是因果的法則 貧富貴賤是人生的際遇 福祿壽喜是生存的願望 功成名就是勤奮的成績 瞋恨嫉妒是情緒的惡習 忠孝仁愛是倫理的要素 成住壞空是事物的無常 禮義廉恥是做人的根本 悲智願行是修行的綱目 忍辱持戒是自我的要求 信解行證是行者的次第 慚愧懺悔是內心的淨化 慈悲喜捨是菩薩的心腸	The Law of Nature Spring flowers and autumn moon are splendors of the seasons. Earth, water, wind, and fire are elements of the universe. Rivers and oceans are vigors of the Earth. Gossip and conflicts are phenomena of society. Joy, anger, sadness, and happiness are expressions of emotions. Parting sorrows and joyful unions are a natural part of life. Old age, sickness, death, and rebirth are the cycle of life. Good and bad karmic retributions are the rules of cause and effect. Wealth and poverty are blessings of life. Happiness and good fortune are the basic goals in life. Success and fame are the results of hard work and dedication. Hatred and jealousy are the poisons of emotion. Loyalty, dutifulness, benevolence, and kindness are the pillars of ethics. Formation, abiding, deterioration, and extinction are impermanence. Propriety, justice, honesty, and honor are the basis of a human being. Compassion, wisdom, vow, and practice are the essence of attainment. Patience and precepts are ways of self-discipline. Faith, understanding, practice, and realization are steps of cultivation. Shame and repentance are the keys of mind-purification. Kindness, compassion, joy, and equanimity are the spirits of a bodhisattva.
世間解	knower of the world
中南半島慈善之旅	Southeast Asia Charity And Dharma Propagation Tour
中台禪寺	Chung Tai Chan Temple
中國佛學會	Chinese Buddhist Society
中國佛教	Chinese Buddhism
中國佛教史	History of Chinese Buddhism
中國佛教哲學要義	Chinese Buddhist Philosophy
中國佛教文化論叢	Chinese Buddhist Cultural Essays
中國佛教會台灣省會員代表大會	General Meeting of the Member's Representatives of Buddhist Association, R.O.C.
中國佛教百科叢書	Encyclopedia of Chinese Buddhism
中國佛教通史	History of Chinese Buddhism
中國佛教高僧全集	A Collection of Biograhpies of Eminent Monks in Chinese Buddhism
中國佛教高僧漫畫	Buddhist Legends of Adventure & Courage
中國宜興國際素食文化暨綠色生活名品博覽會	International Vegetarian And Green Products Expo At Yixing, Mainland China
中國禪修入門	Only a Great Rain
中國西安法門寺	Famen Temple near Xi'an
中壢圓光寺	Yuan Guang Buddhist Temple
中央日報	Central Daily News
中巴佛光康寧醫院	Hospital Los Angeles Paraguay-China
中流	Middle Stream Monthly
中英佛學辭典	A Dictionary of Chinese Buddhist Terms
中英對照佛學叢書	Contemporary Bilingual Buddhist Series
中英對照佛學叢書	Bilingual Buddhist Series: Sutras & Scriptures Doctrines of Buddhism
中英對照佛學叢書：教理之部	Bilingual Buddhist Series:  Doctrines of Buddhism
中英對照佛學叢書：經典之部	Bilingual Buddhist Series:  Sutras & Scriptures
中華佛光青年團員大會	BLIA-YAD Chunghwa General Conference
中華佛學研究所	Chung-Hwa Institute of Buddhist Studies
中華佛寺協會	Chinese Buddhist Temple Association
中華佛教居士會	Lay Buddhists' Association, Republic of China
中華佛教文化館	Chung-Hwa Institute of Buddhist Culture
中華佛教文化館影印大藏經宣傳活動	Promotion of Tripitaka Reprinting Organized By Chung-Hwa Institute of Buddhist Culture
中華佛教總會	Chinese Buddhist General Association (CBGA) (active 1910s)
中華佛教親善訪問團	Buddhist Goodwill Visiting Party of R.O.C.
中華佛教青年會	Chinese Young Buddhist Association
中觀	Madhyamaka
中觀寺	Zhong Guang Temple
中道	Middle Way
主人翁	Master
主任	Director
主任委員	1. Executive Director; 2. Committee Director (BLIA);
主席	Chairperson, Chair
主殿	Main Shrine
主法	Presiding Master
主管	Supervisor
主編	Editor-in-Chief
主觀	Subjective
主題演說：當代人心思潮	Keynote Speeches: Wise Thoughts, Modern Mentality
主館	Main Hall
九二一震災聯合公祭驅驚生亡兩利大法會	Taiwan September 21st Earthquake Dharma Service
九住心	Nine Stages of Mindfulness
九品往生 1. 上品上生 2. 上品中生 3. 上品下生 4. 中品上生 5. 中品中生 6. 中品下生 7. 下品上生 8. 下品中生 9. 下品下生	Nine Grades of Rebirth in the Pure Land: 1. the top of the highest grade; 2. the middle of the highest grade; 3. the bottom of the highest grade; 4. the top of the intermediary grade; 5. the middle of the intermediary grade; 6. the bottom of the intermediary grade; 7. the top of the lowest grade; 8. the middle of the lowest grade; 9. the bottom of the lowest grade
九品蓮台	Nine Stages of Lotus Thrones
九品蓮開	Nine Stages of Lotus Blossoms
乞士	Begging
乞食	Begging for Food
乾坤容我靜 名利任人忙	The universe is my place of calm; Fame and gain are what keep me busy.
了不起與沒有什麼了不起	Amazing and not so amazing
了了分明覺道於心	Perfectly Clear: A Mind Awakened to the Way.
了卻人間多少事 笑開天下古今愁	See through the many mundane affairs, Laugh away sorrows past and present.
了悟心源	Attain a Perfect Understanding of the Origin of Your Mind
了悟當下	Attain a Perfect Understanding in the Here and Now
了無罣礙沒有牽絆	Completely Free of Worries Without obstacles.
了生死	ending the cycle of birth and death
事事無礙	mutual unobstructedness among phenomena
事有人我相 禪無分別心	Characteristics of self and other are found in phenomena; Discriminative minds are absent in Chan.
事能知足心常泰 人到無求品自高	A contented mind is a perpetual feast; A mind bereft of desire naturally makes one noble.
事與願違	when things go against your will
二六時	twelve hours
二十一世紀的未來世界	Prospects of the 21st Century
二十四史	Twenty-four Dynastic Histories
二十樂 犯錯的人樂在懺悔 安份的人樂在其中 中獎的人樂不可支 喜捨的人樂善好施 熱心的人樂於公益 隨緣的人樂天知命 自在的人樂山愛水 旅行的人樂不思蜀 精進的人樂而不荒 淡泊的人樂業安居 逍遙的人樂以忘憂 研究的人樂此不疲 知足的人樂貧安逸 慈悲的人樂善好義 蜜月的人樂愛相待 無我的人樂於分享 莊重的人樂而不邪 豐收的人樂見成果 興奮的人樂而能定 修道的人樂道安貧	Twenty Ways to Find Joy Wrongdoers can find joy in repentance. Find joy in enjoying one's actions. Prizewinners find joy in rewards. Generous people find joy in giving. Passionate people find joy in philanthropy. Find joy in being content with whatever one has. Carefree people find joy relaxing in nature. Travelers find joy being away from home. Diligent people find joy in zealous practice. Detached people find joy in a simple life. Free people find joy in forgetting their troubles. Researchers find joy in conducting their studies. Content people find joy in living a simple life. Compassionate people find joy in kind and righteous deeds. Honeymooners find joy in being with each other. Selfless people find joy in sharing. Righteous people find joy in being upright. Farmers find joy in a fruitful harvest. Find joy in peace after moments of excitement. Spiritual practitioners find joy in the Way and frugality.
二單書記	Second Deputy Secretary
二單監寺	Second Deputy Superintendent
二壇	the second platform
二眾塔	Two Assemblies Pagoda
二禪	the second dhyana
二而一	they are different, yet the same
云何應住	In What Should One Abide?
五乘佛法; 1. 人乘 2. 天乘 3. 聲聞乘 4. 緣覺乘 5. 菩薩乘	Five Vehicles: 1. Human vehicle 2. Heavenly vehicle 3. Sravaka vehicle 4. Pratyekabuddha Vehicle 5. Bodhisattva Vehicle
五停心觀; 1. 不淨觀 2. 慈悲觀 3. 因緣觀 4. 念佛觀 5. 數息觀	Five Contemplations: 1. The contemplation of impurity; 2. The contemplation of loving-kindness and compassion; 3. The contemplation of causes and conditions; 4. The contemplation of the Buddha; 5. The contemplation of counting the breath
五台山真容院	Zhenrong Temple on Mount Wutai
五和 1. 自心和樂 2. 人我和敬 3. 家庭和順 4. 社會和諧 5. 世界和平	Five Harmonies 1. Individual harmony achieved through joy; 2. Interpersonal harmony achieved through respect; 3. Family harmony achieved through deference; 4. Social harmony achieved through cooperation; 5. World harmony achieved through peace.
五和塔	Five Harmonies Pagoda
五家七派; 1. 臨濟宗 2. 溈仰宗 3. 曹洞宗 4. 雲門宗 5. 法眼宗 6. 楊岐派 7. 黃龍派	Chan Schools: 1. The Linji School; 2. The Guiyang School; 3. The Caodong School; 4. The Yunmen School; 5. The Fayan School; 6. The Yangqi School; 7. The Huanglong School
五戒; 1. 不殺 2. 不盜 3. 不邪淫 4. 不妄語 5. 不飲酒	Five Precepts: 1. refrain from killing; 2. refrain from stealing; 3. refrain from sexual misconduct; 4. refrain from lying; 5. refrain from consuming intoxicants
五戒菩薩戒	Five Precepts & Bodhisattva Precepts Ceremony
五戒菩薩戒戒會	Five Precepts & Bodhisattva Precepts Ceremony
五欲; 1. 財 2. 色 3. 名 4. 食 5. 睡	Five Desires: 1. wealth; 2. sex; 3. fame; 4. food and drink; 5. sleep
五濁惡世; 1. 劫濁 2. 見濁 3. 煩惱濁 4. 眾生濁 5. 命濁	Saha World: 1. kalpa degeneration; 2. view degeneration; 3. affliction degeneration; 4. sentient being degeneration; 5. life-span degeneration
五無間罪; 1. 受苦無間 2. 身形無間 3. 時間無間 4. 罪器無間 5. 眾類無間	Avici Hell: 1. Uninterrupted suffering; 2. Uninterrupted physical form; 3. Uninterrupted time; 4. Uninterrupted implements of torture; 5. Uninterrupted categories of beings
五百羅漢 (靈山勝境)	Five Hundred Arhat Garden
五種不翻; 1. 多含不翻 2. 祕密不翻 3. 尊貴不翻 4. 順古不翻 5. 此方無不翻	Five Kinds of Untranslatable Terms: 1. Terms with multiple meanings; 2. Terms with esoteric meanings; 3. Terms of reverence; 4. Terms traditionally transliterated; 5. Terms without local equivalent
五聖同心開淨土 七眾協力護道場	With one mind, the Five Sages build Pure Lands; Through concerted effort, the Seven Assemblies support the cultivation court.
五蘊; 1. 色 2. 受 3. 想 4. 行 5. 識	Five Aggregates: 1. form; 2. feeling; 3. perception; 4. mental formations; 5. consciousness
五蘊皆空觀自在 六塵不染見如來	See that the Five Skandhas are empty: be at perfect ease; Remain untainted by the Six Objects: perceive the Tathagata.
五衰相現; 1. 衣服垢穢 2. 頭上華萎 3. 腋下出汗 4. 身體臭穢 5. 不樂本座; 小五衰相; 1.樂聲不起 2.身光忽滅 3.浴水著身 4.著境不捨 5. 眼目數瞬	Five Signs of Decay: 1. Clothes become filthy; 2. Garland atop the head fades; 3. The armpits become sweaty; 4. The body becomes foul-smelling; 5. The heavenly palace appears unpleasant; Five Minor Signs of Decay: 1. The music stops; 2. The body’s radiance fades; 3. Bathwater clings to the body; 4. Attachment to their surroundings; 5. The eyes start blinking
五觀堂	Five Contemplations Hall
五觀若明金易化 三心未了水難消	If the Five Contemplations are fully practiced, even gold is easily consumed; Shall the Three Minds remain unaware, even water becomes indigestible.
五逆; 1. 殺父 2. 殺母 3. 殺阿羅漢 4. 出佛身血 5. 破和合僧	Five Great Violations: 1. Killing one's father; 2. Killing one's mother; 3. Killing an arhat; 4. Shedding the blood of a buddha; 5. Creating a schism in the monastic community
五體投地	throwing all five limbs to the ground
享有就好	To Enjoy and Appreciate Is Sufficient Enough
人中尊	the Honored One among humans
人事主任	Director of Human Resources
人出巧言 以誠相接 人出漏言 以婉相答 人出戲言 以默相待 人出廢言 以簡相告	In hearing sweet words, Respond with honesty. In hearing flawed words, Respond with politeness. In hearing dishonest words, Respond with silence. In hearing idle words, Respond with brevity.
人勝諸天; 1. 勇猛勝 2. 憶念勝 3. 梵行勝	Human Realm: 1. superior bravery; 2. superior recollection; 3. superior pure practices
人勤春來早 家和喜事多	Happiness ensues diligent hearts; Joy comes to harmonious families.
人命在呼吸間	we can only count on a single breath
人和事成	Harmony Accomplishes Everything
人和互助	Harmony and Mutual Help
人和家慶	A Harmonious Family Calls for Celebration
人和家慶 金玉滿堂	A Harmonious Family Calls for Celebration; A House Filled with Treasures of Gold and Jade
人在眾中 心在定中	Settle Amongst People, Abide in Meditative Concentration
人在眾中 心在定裏	Settle Amongst People, Abide in Meditative Concentration
人天	humans and devas
人天歡喜	Joy for Both Heavenly and Human Beings
人天眼目	Eyes of Heaven and Earth
人學的重要	The importance of learning how to be a human
人師	a teacher of humans
人成佛成	Buddhahood Is Attained Upon the Attainment of a Perfected Character
人成即佛成	Buddhahood is attained the instant our characters are perfected
人我不二	Unity of Self and Others
人我互換	Switch Places with Others
人我吉祥	Auspicious Blessings for the Self and Others
人我和敬	Harmonious and Respectful Relations
人我和敬 共生吉祥	Harmonious and Respectful Relations; Auspicious Coexistence
人我相	characteristics of the self and others
人文國小	Ilan Humanity Primary School
人正心好	An Upright Personality Makes a Good Heart
人正心安	An Upright Character with a Mind at Peace
人死亡之後的生命怎麼樣	Buddhism in Every Step: When We Die
人海慈航─怎樣知道有觀世音菩薩	A Compassionate Ferry: Where is Guanyin Bodhisattva?
人海燈	Lamp in the Ocean of People Monthly
人無信不立 天有日方明	Dishonesty shatters any ground you stand on; Only in the presence of the sun can the sky light up.
人生三百歲	Live three hundred years' worth of life.
人生三百歲 寺院億萬千	Live a life worth three hundred years' endeavors; Building temples in thousands and millions.
人生二十最 人生最大的敵人是自己 人生最大的毛病是自私 人生最大的悲哀是無知 人生最大的錯誤是邪見 人生最大的失敗是驕慢 人生最大的煩惱是欲望 人生最大的無明是怨尤 人生最大的過失是侵犯 人生最大的困擾是是非 人生最大的美德是慈悲 人生最大的勇氣是認錯 人生最大的能源是信仰 人生最大的擁有是感恩 人生最大的修養是寬容 人生最大的本錢是尊嚴 人生最大的歡喜是法樂 人生最大的發心是利眾 人生最大的富有是滿足 人生最大的希望是平安 人生最大的收穫是圓滿	Twenty Foremost Things in Life The foremost enemy in life is self. The foremost malady in life is selfishness. The foremost sadness in life is ignorance. The foremost error in life is delusion. The foremost failure in life is arrogance. The foremost defilement in life is desire. The foremost ignorance in life is complaint. The foremost default in life is transgression. The foremost problem in life is conscience. The foremost virtue in life is compassion. The foremost courage in life is to confess. The foremost energy in life is religious faith. The foremost possession in life is gratitude. The foremost cultivation in life is magnanimity. The foremost asset in life is dignity. The foremost happiness in life is spiritual joy. The foremost devotion in life is to benefit beings. The foremost hope in life is peace. The foremost wealth in life is contentment. The foremost reward in life is a perfect outcome.
人生二十笑 (一) 爭執時友善一笑 展現人生的風度 吃虧時微微一笑 展現人生的肚量 委屈時坦然一笑 展現人生的自信 無奈時幽默一笑 展現人生的境界 危難時泰然一笑 展現人生的定力 生氣時平靜一笑 展現人生的素養 出糗時會心一笑 展現人生的智慧 挫折時淡然一笑 展現人生的力量 失意時樂觀一笑 展現人生的豁達 害怕時輕鬆一笑 展現人生的勇氣	Twenty Reasons to Laugh (1)  A friendly smile in times of quarrel is a demonstration of one's demeanor. A faint smile in times of disadvantage is a demonstration of one's tolerance. A genuine smile in times of aggrievement is a demonstration of one's dignity. A subtle smile in times of helplessness is a demonstration of one's state of mind. A composed smile in times of danger is a demonstration of one's calmness. A peaceful smile in times of anger is a demonstration of one's disposition. A reassuring smile in times of embarrassment is a demonstration of one's wisdom. A bland smile in times of setback is a demonstration of one's strength. A cheerful smile in times of disappointment is a demonstration of one's magnanimity. An airy smile in times of fear is a demonstration of one's courage.
人生二十笑 (二) 誤會時灑脫一笑 展現人生的修為 分手時優雅一笑 展現人生的大氣 生疏時親切一笑 展現人生的隨和 難堪時轉念一笑 展現人生的睿智 羞愧時大方一笑 展現人生的率真 生病時達觀一笑 展現人生的態度 苦惱時開懷一笑 展現人生的氣度 緊張時天真一笑 展現人生的直率 受騙時開朗一笑 展現人生的坦蕩 得意時含蓄一笑 展現人生的謙卑	Twenty Reasons to Laugh (2) A carefree smile in times of misunderstanding is a demonstration of one's deportment. An elegant smile in times of a breakup is a demonstration of one's manner. An amiable smile in times of estrangement is a demonstration of one's friendliness.  A hopeful smile in times of sorrow is a demonstration of one's cleverness. A gracious smile in times of shame is a demonstration of one's ingenuousness. An optimistic smile in times of ailment is a demonstration of one's attitude. A happy smile in times of distress is a demonstration of one's comportment. An honest smile in times of nervousness is a demonstration of one's frankness.  A warm smile in times of deceit is a demonstration of one's clear conscience. A reserved smile in times of triumph is a demonstration of one's humbleness.
人生十問	Buddhism in Every Step: Ten of Life’s Common Concerns
人生卜事	Positive Forecasts for Life
人生如夢誰是我 到處能安即是家	Life is but a dream, so who am I? Peaceful is a mind that sees anywhere as home.
人生月刊	Human Life Monthly Magazine
人生無量壽 佛教億萬年	Life is ageless; Faith is timeless.
人生猶似西山日 富貴終如草上霜	Life is like the setting sun in the West; Wealth is nothing but dew on grass.
人生百事	One Hundred Tasks of Life
人生要有些什麼? 人生活著要有希望 人生存在要有明天 人生意義要有信仰 人生每天要有工作 人生眼界要有遠見 人生前途要有計劃 人生做事要有觀察 人生方便要有結緣 人生交友要有情義 人生性格要有慈悲 人生發展要有動力 人生處世要有服務 人生行事要有周全 人生存活要有大眾 人生活動要有空間 人生積善要有無私 人生評斷要有明鑒 人生滋長要有忙碌 人生安危要有思量 人生可否要有智慧	The Must Haves in Life We must have hope in order to live. We must have tomorrow in order to exist. We must have faith in order to find meaning. We must have a job to do everyday. We must have perspective in our vision. We must have a plan for the future. We must be observant in completing tasks. We must develop affinities in order to find help. We must show sentiment and loyalty to our friends. We must have compassion in our character. We must find motivation in order to progress. We must offer our service to find our place in this world. We must be considerate in everything we do. We must have affinities in order to survive. We must have space in order to be active. We must be selfless in order to accumulate good. We must be reasonable in our judgment. We must be industrious at growing and improving. We must prepare for sunny and rainy days. We must be wise in saying ‘yes’ and ‘no.’
人生諸苦 慳貪之人伶仃孤苦  揮霍之人求不得苦  懶惰之人千辛萬苦 矯情之人嘴甜心苦 麻木之人不知甘苦 執著之人放不下苦 瞋恨之人怨憎會苦 五逆之人倒懸悲苦  風塵之人內心痛苦 流浪之人顛波淚苦 邊疆之人窮困辛苦 軍中之人戰鬥累苦 病亡之人愛別離苦 乞討之人淒涼哀苦 創業之人備嘗辛苦  發心之人不辭勞苦 養育之人含辛茹苦 情義之人同甘共苦 勤奮之人不以為苦  慈悲之人喜樂拔苦  喜捨之人濟貧救苦  積善之人無有眾苦	The Pains of Life Stinginess and greed cause the pain of loneliness. Extravagance causes the pain of discontent. Laziness causes the pain of hardship. Pretentiousness causes the pain of insincerity. Nonchalance causes the pain of apathy. Stubbornness causes the pain of attachment. Anger causes the pain of unpleasant meetings. The Five Offenses cause the pain of being born as an animal. Prostitution bears the pain of unspeakable torment. Vagrancy causes the pain of displacement. Being on the outlying areas bears the pain of destitution. Being a soldier suffers the pain of battle. Sickness and death suffer the pain of separation from loved ones. Beggardom suffers the pain of desolation. Entrepreneurship suffers the pain of toil and fatigue. Aspiration keeps one immune to painstaking effort. Parents willingly endure the hardships of raising a child. Righteous and loyal ones partake in each other's pains and joys. Diligence keeps one insusceptible to hardship. Compassion relieves others from pain by  giving them joy and happiness. Generosity helps those in pain of being poor and needy. Good deeds keep one free from all forms of pain.
人生難得，大道難聞	it is hard to be born as a human, and hard to hear the Dharma
人要知道苦惱	it is important to feel pain and affliction
人貴無求 心安有福	It is Best to Be Desireless; A Peaceful Mind is Naturally Happy
人貴相知	Friendship is Precious
人貴自知 自知者明	Nobility Comes from Within; It Takes One to Know One
人間	human world
人間「就好」20事 萬物享有就好不必佔有 衣服可穿就好不必名牌 三餐溫飽就好不必美食 居家舒適就好不必華麗 安睡一榻就好不必寬廣 旅行平安就好不必逞強 親友安全就好不必掛念 生活知足就好不必奢華 事情過去就好不必追憶 朋友淡交就好不必過濃 夫妻信任就好不必多疑 承諾有做就好不必邀功 內心單純就好不必煩惱 舉止莊重就好不必矯情 做己貴人就好不必他求 善惡分明就好不必計較 給人接受就好不必拘泥 凡事隨緣就好不必執著 金錢夠用就好不必貪多 人生歡喜就好不必煩憂	Enough is Good  It is enough to enjoy rather than possess everything.  It is enough to be dressed warmly rather than in brands.  It is enough to be adequately fed rather than well fed.  It is enough to live comfortably rather than luxuriously.  It is enough to have a good bed rather than a big one.  It is enough to travel safely rather than extravagantly.  It is enough to know family and friends safe than fret over them.  It is enough to live in contentment rather than indulgence.  It is enough to put your past behind rather than being nostalgic.  It is enough to keep simple rather than burdensome friends.  It is enough to trust your spouse rather than being suspicious.  It is enough to keep your words rather than getting credits for them.  It is enough to be simpleminded rather than worrisome.  It is enough to be gracious rather than pretentious.  It is enough to rely on yourself rather than seeking favors.  It is enough to tell right from wrong rather than being calculative.  It is enough to fit in rather than sticking to formalities.  It is enough to follow conditions rather than being attached.  It is enough to have enough money rather than having more.  It is enough to be joyful rather than troubled.
人間佛國	Buddha Land in the Human World - The Making of the Buddha Memorial Center
人間佛教	Humanistic Buddhism
人間佛教何處尋	Where Is The Way
人間佛教佛陀本懷	Humanistic Buddhism: Holding True to the Original Intents of Buddha
人間佛教唱歌比賽	Humanistic Buddhism Singing Contest
人間佛教國際電影展	Humanistic Buddhism International Film Festival
人間佛教學報•藝文	Humanistic Buddhism: Journal, Arts and Culture
人間佛教學術會議	Humanistic Buddhism Academic Conference
人間佛教小叢書	Pocketbooks of Humanistic Buddhism
人間佛教序文選	Selection of Humanistic Buddhism Prefaces
人間佛教座談會	Symposium on Humanistic Buddhism
人間佛教戒定慧	For All Living Beings: A Guide to Buddhist Practice
人間佛教書信選	Selection of Letters and Correspondence
人間佛教本土化	Localization of Humanistic Buddhism
人間佛教當代問題座談會	Humanistic Buddhism and Modern Social Issues
人間佛教的人情味	Where is Your Buddha Nature?
人間佛教的基本思想	The Fundamental Concepts of Humanistic Buddhism
人間佛教的思想與實踐	The Concept and Practice of Humanistic Buddhism
人間佛教的戒學	Humanistic Buddhist Morality
人間佛教的社會福利觀	Humanistic Buddhism for Social Well-being
人間佛教的經證	Being Good: Buddhist Ethics for Everyday Life
人間佛教的藍圖	Humanistic Buddhism: A Blueprint for Life
人間佛教的行者-星雲大師	Star and Cloud- The Biography of Venerable Master Hsing Yun
人間佛教研習會	Seminar on Humanistic Buddhism
人間佛教系列	Humanistic Buddhism Series
人間佛教經證閱讀研討會	Humanistic Buddhist Reading Conferences on Sutras
人間佛教翻轉生命的故事	Humanistic Buddhism: A Story of Life Transformation
人間佛教英文小叢書	Buddhism in Every Step (English Booklets Series)
人間佛教行者	Humanistic Buddhist practitioner
人間佛教語錄	Teachings on Humanistic Buddhism
人間佛教論文集	Collection of Essays on Humanistic Buddhism
人間佛教運動	Humanistic Buddhism Movement
人間佛教青年論壇	Humanistic Buddhism Youth Forum
人間佛緣 百年仰望	Buddhism in Every Step: Buddhist Affinities over a Century
人間化	Humanize
人間彌勒	Worldly Maitreya
人間性	Humanistic quality
人間有愛， 仗義「書」財	Love In the Human World, Books for Righteousness
人間有愛，為公益而唱	Love In the Human World, Singing for Charity Concert
人間淨土之實踐	The Realization of a Humanistic Pureland
人間福報	Merit Times
人間禪	Humanistic Chan
人間系列	Humanistic Series
人間菩薩	Bodhisattvas in the World
人間萬事	The Many Matters of Life
人間衛視	Beautiful Live Television (BLTV)
人間音緣	Sounds of the Human World
人間音緣─星雲大師佛教歌曲發表會	Sounds of the Human World - Master Hsing Yun's Buddhist Songs Competition
人間音緣紀念專輯	Sounds of the Human World Special Edition CD
人間音緣音樂會	“Sounds of the Human World” Concert
什麼都是我的，什麼都不是我的	Everything belongs to me, yet nothing belongs to me
仁山智水 天地我心	Benevolent as a Mountain, Wise as Water; Heaven and Earth Are All in My Heart
仁心仁德	Benevolent and Virtuous
仁心仁德 天下一家	Benevolence and Virtue; One World, One Family
仁心仁德 應世無畏	Benevolent and Virtuous; Face the World Fearlessly
仁心仁政	Benevolent Heart, Benevolent Governance
仁心厚道	Benevolence and Honesty
仁心古道	Benevolence, the Usual Way
仁心恕道	Benevolence and Forgiveness
仁心正道	Benevolent Mind, Right Path
仁心道明	A Benevolent Mind Is Clear with the Path
仁愛之家	Ren Ai Senior Citizen's Home
仁慈天下	Benevolence and Kindness for the World
仁慈家風	A Family Tradition of Benevolence and Compassion
仁慈應世	Face the World with Benevolence and Kindness
仁慈應世 福慧人間	Face the World with Benevolence and Kindness; Fill the World with Good Fortune
仁慈正義 應世無畏	Benevolence, Kindness, and Righteousness; Face the World Fearlessly in This Way
仁義	Benevolence and Righteousness
仁義天下	Benevolence and Kindness for the World
仁義為先	Benevolence and Righteousness Come Before Everything
仁義為友	Befriend the Benevolent and Righteous
仁者壽	Benevolence Brings Longevity
仁者樂山 智者樂水	The Benevolent Enjoy the Mountains; The Wise Enjoy the Water
仁者無畏 慈悲無敵	The Benevolent Is Fearless; The Compassionate Sees No Foes
仁風清涼	The Soothing Breeze of Benevolence
今人古心	Modern Mind, Ancient Heart
今人古心 行道天下	Modern Mind, Ancient Heart; The Way Prevails in the World
今日人間有善緣 當年佛前種福田	From yesterday's merits cultivated in front of the Buddha; Come today's good affinities in the human world.
今日佛教	Buddhism Today Magazine
今日耐煩做事 是未來成功的踏板 今日千錘百鍊 是未來事業的階梯 今日養深積厚 是未來成就的力量 今日喜捨布施 是未來圓滿的助緣	Today's patience is the footprint of tomorrow's success. Today's painstaking effort is the stairway to tomorrow's accomplishment. Today's waiting and trying is the energy for tomorrow's triumph. Today's generosity is the basis of tomorrow's happy outcomes.
他心通	Mind Reader
代理主任	Acting Director
以人為我 以忙為樂	Think in Others' Shoes; Enjoy Being Busy
以智慧來代替金錢	Think of solutions, don't pay for solutions
以無盡燈傳承後代 以自性佛覺悟心性 以三法印印證佛法 以四聖諦統攝信心 以五乘法貫穿佛法 以六度門進入佛國 以七覺支開展智慧 以八正道圓滿修證	Pass the inextinguishable light to future generations. Awaken yourself with your intrinsic Buddha-nature. Authenticate all teachings with the Three Dharma Seals. Crystallize your faith with the Four Noble Truths. Penetrate all teachings with the Five Vehicles. Enter the Buddha land through the door of the Six Perfections. Unfold your wisdom with the Seven Factors of Enlightenment. Perfect your practices and understanding through the Noble Eightfold Path.
以粥代茶	exchanging the pleasantry of tea for porridge
以聞思修 入三摩地	Enter the Ground of Samadhi Through Learning, Reflection and Practice
任運自在 我心安然	Be at Perfect Ease When Following Conditions; My Mind Is Peaceful and Calm
任重道遠	Shoulder Heavy Responsibilities
休拋真諦求真諦 但識凡心即佛心	Never search the Truth by turning away from it; Realize the buddha-mind through the ordinary mind.
伽藍	sangha community
但向己求 莫從他覓	Expect Only of Yourself, Not of Others
住持	abbot
住眾	Community
何須有路尋無路 莫道無門卻有門	Why turn from a path towards one with no way out? Don't say the door before you isn't a door.
佛七圓滿日	Completion of Amitabha Buddha Dharma Function
佛七法會	Seven-Day Amitabha Retreat
佛像安座大典	enshrinement ceremony
佛像安座暨啟用典禮	inauguration and consecration ceremony
佛像開光暨供奉佛陀舍利典禮	Consecration and Buddha's Relic Enshrinement Ceremony
佛像開光法會	Consecration Ceremony for the Buddha Statue
佛光	Buddha's Light
佛光一滴	Fo Guang Waterdrop Tea House 1
佛光三昧修持法	Buddha’s Light Samadhi Practice
佛光世紀	Buddha's Light Newsletter
佛光之夜	Night of the Buddha's Light
佛光人	Fo Guang member; Buddha's Light member
佛光人的理念 光榮歸於佛陀、成就歸於大眾、 利益歸於常住、功德歸於檀那。	Glory Goes to the Buddha, Success Goes to the Community, Benefit Goes to the Monastery, Merit Goes to the Devotees.
佛光人的精神 常住第一、自己第二 大眾第一、自己第二 信徒第一、自己第二 佛教第一、自己第二	The Spirit of a Fo Guang Member Place the Monastery Before Oneself, Place Others Before Oneself,  Place Devotees Before Oneself, Place Buddhism Before Oneself.
佛光人行事規範 集體創作，制度領導； 非佛不作，唯法所依。	Work by collective effort, lead by a system. Do what is in accordance with Buddha, and rely on nothing but the Dharma.
佛光四句偈 慈悲喜捨遍法界 惜福結緣利人天 禪淨戒行平等忍 慚愧感恩大願心	Buddha's Light Verse May kindness, compassion, joy, and equanimity pervade all worlds; May we cherish and build affinities to benefit all beings; May Chan, Pure Land, and Precepts inspire equality and patience; May our humility and gratitude give rise to great vows.
佛光大佛	Fo Guang Big Buddha
佛光大佛分香我家	Bringing Home the Fo Guang Big Buddha
佛光大學	Fo Guang University (FGU)
佛光大學懷恩館	Fo Guang University Huai-En Gymnasium
佛光大學百萬人興學運動─行腳托缽	Fo Guang University Million-Member Fundraising Campaign Alms Procession
佛光大藏經	Fo Guang Buddhist Canon
佛光大藏經·儀誌藏	Fo Guang Buddhist Canon: Ritual Canon
佛光大藏經·史傳藏	Fo Guang Buddhist Canon: Biographical Canon
佛光大藏經·唯識藏	Fo Guang Buddhist Canons: Yogacara Canon
佛光大藏經·圖像藏	Fo Guang Buddhist Canon: Illustrated Canon
佛光大藏經·律藏	Fo Guang Buddhist Canon: Vinaya Canon
佛光大藏經·本緣藏	Fo Guang Buddhist Canon: Jataka Canon
佛光大藏經·法華藏	Fo Guang Buddhist Canon: Lotus Canon
佛光大藏經·淨土藏	Fo Guang Buddhistg Canon: Pure Land Canon
佛光大藏經·禪藏	Fo Guang Buddhist Canon: Chan Canon
佛光大藏經·秘密藏	Fo Guang Buddhist Canon: Guhya Canon
佛光大藏經·聲聞藏	Fo Guang Buddhist Canon: Sravaka Canon
佛光大藏經·般若藏	Fo Guang Buddhist Canon: Prajnaparamita Canon
佛光大藏經·華嚴藏	Fo Guang Buddhist Canon: Avatamsaka Canon
佛光大藏經·藝文藏	Fo Guang Buddhist Canon: Literature and Arts Canon
佛光大藏經·阿含藏	Fo Guang Buddhist Canon: Agama Canon
佛光大藏經·雜藏	Fo Guang Buddhist Canon: Miscallaneous Canon
佛光大辭典	Fo Guang Dictionary of Buddhism
佛光大辭典光碟版	Fo Guang Buddhist Dictonary on CD-ROM
佛光大辭典增訂版	The Fo Guang Dictionary of Buddhism─Revised Edition
佛光大道	Fo Guang Boulevard
佛光學	The Buddha's Light Philosophy
佛光學論文發表會	Academic Conference on Fo Guang Studies
佛光宗風	Fo Guang Shan philosophy
佛光寶寶祝福禮	Fo Guang Baby Blessing Ceremony
佛光小姐	Fo Guang Lady
佛光山	Fo Guang Shan
佛光山之歌	The Song of Fo Guang Shan
佛光山人間佛教本山徒眾學術研討會	Academic Conference on Humanistic Buddhism for Members of the Fo Guang Shan Order
佛光山住持	Head Abbot of Fo Guang Shan Monastery
佛光山佛教學術會議	FGS Academic Buddhist Conference
佛光山佛教青年學術會議	FGS Buddhist Youth Academic Conference
佛光山信徒香會	Fo Guang Shan Devotees' Gathering
佛光山傳授在家五戒菩薩戒	Five Precepts And Bodhisattva Precepts Retreat
佛光山功德主會	FGS Benefactor's Meeting
佛光山加爾各答育幼院	Buddha's Light Calcutta Children's Home
佛光山叢林大學	(1975-1977); see 佛光山叢林學院
佛光山叢林大學院	(1973-1975); see 佛光山叢林學院
佛光山叢林學院	FGS Tsung-Lin University
佛光山四大宗旨 1. 以文化弘揚佛法 2. 以教育培養人才 3. 以慈善福利社會 4. 以共修淨化人心	Fo Guang Shan’s Four Objectives: 1. To propagate the Dharma through culture; 2. To foster talent through education; 3. To benefit society through charity; 4. To purify human minds through spiritual cultivation.
佛光山國際佛教學術會議	FGS International Buddhist Academic Conference
佛光山國際平安燈會	Fo Guang Shan International Festival of Light And Peace
佛光山國際書展	Fo Guang Shan International Book Fair
佛光山國際水果節	Fo Guang Shan International Fruit Festival
佛光山大學校長論壇	Fo Guang Shan University Presidents Forum
佛光山大悲殿落成典禮	Inauguration Ceremony of FGS Great Compassion Shrine
佛光山大慈育幼院	FGS Da Ci Children’s Home
佛光山好苗子培養計畫	Fo Guang Shan Seeds of Hope Project
佛光山宗史館	Historical Museum of Fo Guang Shan
佛光山寺	Fo Guang Shan Monastery
佛光山封山典禮	Fo Guang Shan Mountain Gate Sealing Ceremony
佛光山平安燈會暨國際花藝特展	FGS Festival of Light And Peace and International Flower Exibition
佛光山慈善院	FGS Charity Council
佛光山教團	Fo Guang Shan Buddhist Order
佛光山文化院	FGS Culture Council
佛光山新春告白	Letters to Dharma Protectors and Friends
佛光山春節平安燈會	FGS Festival of Light And Peace
佛光山民眾圖書館	FGS Public Library
佛光山清規手冊	Fo Guang Shan Pure Regulations Handbook
佛光山百萬人興學大悲懺法會	Fo Guang Shan Million-Member Fundraising Campaign—Great Compassion Repentance Service
佛光山百萬人興學感恩茶話會	Fo Guang Shan Million-Member Fundraising Campaign—Thank You Tea Party
佛光山百萬人興學行腳托缽	Fo Guang Shan Million-Member Fundraising Campaign—Alms Procession
佛光山的宗風 1. 八宗兼弘，僧信共有  2. 集體創作，尊重包容 3. 學行弘修，民主行事 4. 六和教團，四眾平等 5. 政教世法，和而不流 6. 傳統現代，相互融和 7. 國際交流，同體共生 8. 人間佛教，佛光淨土	The Focus of Fo Guang Shan 1. To propagate all eight schools of Buddhism, and promote the coexistence of monastics and laity. 2. To stress teamwork and promote respect and magnanimity. 3. To attend equally to cultivate teaching, learning, and practice, and conduct business democratically. 4. To have our monastery uphold the Six Harmonies and emphasize equality among the four groups (bhiksu, bhiksuni, upasaka, upasika). 5. To harmonize politics, religion, and worldly affairs without conflict. 6. To integrate tradition and modernism. 7. To communicate globally, being conscious of homogeneity and interdependence. 8. To cultivate Humanistic Buddhism to build a Buddha's Light Pure Land.
佛光山的性格 1.人間的喜樂性格 2.大眾的融和性格 3.藝文的教化性格 4.菩薩的發心性格 5.慈悲的根本性格 6.方便的行事性格 7.國際的共尊性格 8.普世的平等性格	The Characteristics of Fo Guang Shan 1. Humanistic characteristic of joy and happiness 2. Harmonious characteristic of fellowship 3. Transformative characteristic of literature and culture 4. Aspirational characteristic of the bodhisattvas 5. Fundamental characteristic of compassion 6. Practical characteristic of skillful means 7. Global characteristic of coexistence and respect 8. Universal characteristic of equality
佛光山的目標 1. 提倡人間佛教 2. 建設佛光淨土 3. 建設四眾教團 4. 促進普世和慈	The Purpose of Fo Guang Shan 1. To advocate Humanistic Buddhism 2. To establish a Buddha's Light Pure Land 3. To organize a community for all four categories of Buddhists 4. To promote universal harmony and compassion
佛光山短期出家修道會	FGS Short-Term Monastic Retreat
佛光山維摩書院	FGS Vimalakirti Institute
佛光山英語寺院生活體驗營	FGS Weekend Temple Retreat
佛光山萬佛三壇大戒戒會	Fo Guang Shan Ten-thousand Buddha Triple Platform Full Ordination Ceremony
佛光山萬佛三壇羅漢期戒會	FGS 10,000-Buddha Arhat Full Ordination Ceremony
佛光山藏經樓	Fo Guang Shan Sutra Repository
佛光山藝術學院	Fo Guang Shan Academy of Art
佛光山道糧功德回向法會	FGS Ullambana Festival Transfer of Merits Dharma Service
佛光山重啟山門	Fo Guang Shan Mountain Gate Re-opening Ceremony
佛光山開山50周年紀念影像回顧圖像展	Fo Guang Shan: A 50th Anniversary Retrospective Photo Exhibition
佛光山開山三十週年	30th Anniversary of Fo Guang Shan
佛光山開山四十週年紀念特刊	Fo Guang Shan 40th Anniversary Edition
佛光山開山故事	From Wasteland to Sacred Land: How it All Began (Chinese Edition)
佛光山開山的故事	Buddhism in Every Step: The Founding of Fo Guang Shan
佛光山雲水書坊2014我愛閱讀兒童徵文	2014 I Love Reading: Cloud And Water Mobile Library Children's Writing Competition Awards Ceremony
佛光山電子大藏經	FGS Buddhist Electronic Texts
佛光山青年佛學夏令營	Fo Guang Shan Buddhist Youth Camp
佛光慈蔭安老院	Buddha's Light Ghi Yum Home for the Aged
佛光成人禮	Adulthood Ceremony
佛光成年禮	Buddha Light Adulthood Ceremony
佛光教科書	Fo Guang Essential Guides to Buddhism
佛光教科書 1：佛法僧三寶	Fo Guang Essential Guides to Buddhism: The Triple Gem
佛光教科書 10：宗教概說	Fo Guang Essential Guides to Buddhism: Introduction to Religious Doctrines
佛光教科書 11：佛光學	Fo Guang Essential Guides to Buddhism: Buddha’s Light Philosophy
佛光教科書 12：佛教作品選錄	Fo Guang Essential Guides to Buddhism: Excerpts of Buddhist Literature
佛光教科書 2：佛教的真理	Fo Guang Essential Guides to Buddhism: Buddhist Teachings
佛光教科書 3：菩薩行證	Fo Guang Essential Guides to Buddhism: Bodhisattva Practice
佛光教科書 4：佛教史	Fo Guang Essential Guides to Buddhism: History of Buddhism
佛光教科書 5：宗教概論	Fo Guang Essential Guides to Buddhism: Introduction to Sects and Schools
佛光教科書 6：實用佛教	Fo Guang Essential Guides to Buddhism: Applied Buddhism
佛光教科書 7：佛教常識	Fo Guang Essential Guides to Buddhism: General Buddhist Knowledge
佛光教科書 8：佛教與世學	Fo Guang Essential Guides to Buddhism: Buddhism and Worldly Knowledge
佛光教科書 9：佛教問題探討	Fo Guang Essential Guides to Buddhism: Buddhist Q&A
佛光普照	Buddha's Light Shines Universally
佛光普照 法水長流	Buddha’s Light Shines Universally; Everflowing Stream of Dharma
佛光普照，法水長流	may the Buddha's light shine universally and the Dharma water flow eternally
佛光普照三千界 法水長流五大洲	May the Buddha’s light shine universally on the three thousand realms; Let the Dharma stream flow across all five continents.
佛光普照聖賢路 大學廣開狀元門	The Buddha's Light illuminates the path for the sagely; The University opens up doors for scholarly excellence.
佛光會員信條 1.我們禮敬常住三寶，正法永存佛光普照； 2.我們信仰人間佛教，生活美滿家庭幸福； 3.我們實踐生活修行，隨時隨地心存恭敬； 4.我們奉行慈悲喜捨，日日行善端正身心； 5.我們尊重會員大眾，來時歡迎去時相送； 6.我們具有正知正見，發掘自我般若本性； 7.我們現證法喜安樂，永斷煩惱遠離無明； 8.我們發願普度眾生，人間淨土佛國現前。	Guidelines For BLIA Members 1. We pay homage to the Triple Gem with reverence and actively devote our lives to the propagation of Buddhism. 2. We uphold the principle of Humanistic Buddhism and wish everyone health and happiness.  3. We practice the Buddhist teaching in everyday life and always maintain a devout and solemn heart.  4. We cultivate compassion, wisdom, and diligence for the benefit of all beings. 5. We respect our members and greet them warmly on every occasion. 6. We develop the wisdom that is within ourselves through “right understanding” and “right view.”  7. We experience the joy of Dharma through the eradication of ignorance and defilements. 8. We commit ourselves to the liberation of all beings from suffering and the creation of a pure land on Earth. 
佛光會宗旨	BLIA objectives
佛光會幹部叢林生活營	BLIA Executive Training Seminar
佛光會督導研習營	BLIA Elder Advisors Seminar
佛光樓	Fo Guang Building
佛光法水 如意吉祥	Buddha’s Light and Dharma Stream; Luck and Auspiciousness
佛光淨土文教基金會	FGS Pure Land Cultural & Educational Foundation
佛光照耀聖賢路 大學廣開狀元門	The Buddha's Light shines on the path for the sagely; The University opens up doors for scholarly excellence.
佛光盃國際大學女子籃球邀請賽	BLIA Cup International University Women's Basketball Tournament
佛光盃國際大學籃球邀請賽	BLIA Cup International University Women's Basketball Tournament
佛光祈願文	Pearls of Wisdom: Prayers for Engaged Living
佛光禪入門	Fo Guang Meditation Guidelines
佛光童軍服務員知能研習營	Buddha's Light Scouts Staff Seminar
佛光精舍	Fo Guang Senior Home
佛光紀元五十年	50th Year of the Fo Guang Era
佛光緣	Fo Guang Affinities
佛光緣文化廣場	Fo Guang Yuang Yuan Cultural Square
佛光緣書局	Fo Guang Yuan Bookstore
佛光緣滴水坊	Fo Guang Yuan Water Drop Teahouse
佛光緣美術館總部	Fo Guang Yuan Art Gallery Headquarters
佛光聯合診所	1. Fo Guang United Clinic; 2. Fo Guang Clinic
佛光菜根譚	Humble Table, Wise Fare: Gifts for Life
佛光菩提眷屬慶祝賀禮	Fo Guang Bodhi Couple Vow Renewal Ceremony
佛光菩提迦耶育幼院	Buddha's Light Children's Home In Bodhgaya
佛光蓮花手印	BLIA Lotus Mudra
佛光衛星電視台	Buddha's Light Satellite Television Station
佛光衛視開台試播典禮	Inauguration Ceremony of Buddha's Light Satellite Television Station
佛光親屬會	Fo Guang Family Gathering
佛光診所	Fo Guang Clinic
佛光通訊	Fo Guang Internal News
佛光道場	Fo Guang Shan temple
佛光道場發展方向 1.傳統與現代融和 2.僧眾與信眾共有 3.行持與慧解並重 4.佛教與藝文合一	The Directions of Development for Fo Guang Shan Temples 1. Harmony between tradition and modernism 2. Co-ownership by monastic and lay disciples 3. Equal emphasis on practice and understanding 4. Integration of Buddhism, literature and arts
佛光醫院	Buddha's Light Medical Clinic
佛光電子大藏經	Fo Guang Shan Electronic Buddhist Canons
佛光青年幹部成長營	Buddha's Light Young Adult Executive Growth And Development Camp
佛光青年成年禮	Fo Guang Adulthood Ceremony
佛光青年白象幹部培訓	BLIA-YAD White Elephant Training Workshop
佛化三千界 法傳不二人	The Buddha transforms all three thousand realms; The Dharma imparted to attainers of Non-Duality.
佛化人間	Buddhism for the world
佛化全球	Globalization of Buddhism
佛化報	Buddhist Paper
佛化家庭	Buddhist family
佛化新青年會	Association for the Buddhacization of the New Youth (active in 1920s)
佛化隨刊	Buddhistic Occasional
佛即是心心即佛 人能弘道道弘人	Buddha is mind, mind is the Buddha; People propagate the Way, the Way propagates the people.
佛國	Buddha Land
佛國之旅	Journey to the Buddha Lands
佛國記	Records of the Buddha Kingdom
佛國靈山	Buddha Kingdom, Spiritual Mountain
佛在吾心	Buddha is in My Mind
佛在哪裡，佛在心裡	Where is Buddha? Buddha is in one's mind
佛在心中 道在當下	The Buddha is in One's Mind; The Path is in the Present Moment
佛塔	Stupa
佛姓	Buddha's Family Name
佛子	Child of the Buddha
佛學	Buddhology
佛學叢報	Buddhist Studies Journal
佛學夏令營	Buddhist Summer Camp
佛學大辭典	Dictionary of Buddhist Studies
佛學會考	Buddhist Exam
佛學研究十八篇	Eighteen Papers on Buddhist Studies
佛學研習班	Advanced Buddhism Class
佛學講座暨三皈五戒典禮	International Triple Platform Full Ordination Ceremony And Lay Buddhist's Refuge Taking And Five Precepts Ceremony
佛學院	Buddhist college; see 佛光山叢林學院
佛寶山	Buddha Gem Mountain
佛寶節	Buddha Birthday
佛從何處覓 道在此中求	Where do you find the Buddha? The Way is sought right here.
佛心本是人心轉 世味何如道味長	The Buddha Mind is actually human mind transformed; Can worldly flavor outlast spiritual taste?
佛恩浩蕩	Mighty Kindness of the Buddha
佛慈廣大	Immense and Great Kindness of Buddha
佛所行讚	Buddhacarita
佛手	Buddha's Hands
佛指舍利赴台迎歸法會	Dharma Service for Returning of the Buddha's Finger Relic
佛教作品文選	After Many Autumns
佛教兒童念佛班	Buddhist Children's Chanting Class
佛教協進會	Association for the Advancement of Buddhism (briefly active in 1912)
佛教叢書	Buddhism Series
佛教叢書 1：教理	Buddhism Series: Core Teachings
佛教叢書 2：經典	Buddhism Series: Sutra Texts
佛教叢書 3：佛陀	Buddhism Series: The Buddha
佛教叢書 4：弟子	Buddhism Series: Disciples
佛教叢書 5：教史	Buddhism Series: History of Buddhism
佛教叢書 6：宗派	Buddhism Series: Sects and Schools
佛教叢書 7：儀制	Buddhism Series: Liturgy
佛教叢書 8：教用	Buddhism Series: Applied Buddhism
佛教叢書 9：藝文	Buddhism Series: Arts and Literature
佛教叢書 10：人間佛教	Buddhism Series: Humanistic Buddhism
佛教史年表	Chronological Chart of the History of Buddhism
佛教地宮還原館	Museum of Buddhist Underground Palaces
佛教寶藏館	Museum of Buddhist Treasures
佛教對修行問題的看法	Buddhism in Every Step: Questions on Buddhist Practice
佛教對命運的看法	Buddhism in Every Step: The Buddhist Perspective on Life and Destiny
佛教對因緣的看法	Buddhism in Every Step: Cause and Condition
佛教對女性問題的看法	Buddhism in Every Step: The Buddhist Perspective on Women’s Rights
佛教對心識的看法	Buddhism in Every Step: Buddhist Perspective on Mind Consciousness
佛教對時空的看法	Buddhism in Every Step: The Buddhist Perspective on Time and Space
佛教對當代問題的探討	A Look at Modern Social issues
佛教對當代問題的探討(二)	Life: Politics, Human Rights, and What the Buddha Said About Life
佛教對知見的看法	Buddhism in Every Step: Right View
佛教對神通的看法	Buddhism in Every Step: The Buddhist Perspective on the Supernatural
佛教對素食問題的看法	Buddhism in Every Step: Buddhism and Vegetarianism
佛教對身心疾病的看法	Buddhism in Every Step: Buddhism and Healing
佛教對輪迴的看法	Buddhism in Every Step: The Wheel of Rebirth
佛教小說集	Buddhist Novels
佛教廣播節目	Buddhist radio
佛教故事大全	A Complete Collection of Stories on Buddhism
佛教日報	The Buddhist Daily
佛教月報	The Buddhist Monthly
佛教東傳兩千年─佛教文物暨地宮珍特展	2000 Years of Buddhism In the East - Buddhist Artifact And Underground Palace Exhibition
佛教梵唄大全錄音帶	Complete Buddhist Hymns
佛教梵唄大全集	Buddhist Hymns
佛教梵唄音樂弘法大會	Buddhist Hymns And Music Dharma Propagating Service
佛教梵唄音樂會	Buddhist Hymns Concert
佛教正信會	Buddhist Right Faith Society (est. 1928)
佛教的人生真義是什麼	What is the Truth of Buddhism
佛教的傳承與宗派的發展	Heritage of Buddhism and the Development of Sects
佛教的特質	Buddhism in Every Step: Unqiue Characteristics of Buddhism
佛教的真義是什麼	The Truth of Buddhism
佛教的真諦	Buddhism in Every Step: The Essence of Buddhism
佛教的真諦	Buddhism in Every Step: The Four Noble Truths
佛教的財富觀	The Buddhist Perspective on Wealth
佛教研究法	Methodology of Buddhist Studies
佛教科學觀	The Science of Buddhism
佛教童話集	Buddhist Stories For Children
佛教管理學	A Buddhist Approach to Management
佛教管理學 1：經典	A Buddhist Approach to Management: From the Sutras
佛教管理學 2：叢林	A Buddhist Approach to Management: For Monasteries
佛教管理學 3：弘法	A Buddhist Approach to Management: For Dharma Propagation
佛教管理學 4：兩岸	A Buddhist Approach to Management: For Cross-Strait Relations
佛教節慶	Museum of Buddhist Festivals
佛教聖歌歌詠比賽	Buddhist Hymn Singing Contest
佛教聯合浴佛法會	Joint Buddha's Birthday Celebration
佛教與建築	Buddhism in Every Step: Building Connections: Buddhism & Architecture
佛教與心理學	Buddhism in Every Step: Buddhism and Psychology
佛教與我─生命的活水	Buddhism and Me: Living Stream of Life
佛教與現代的關係	Buddhism in Contemporary Society
佛教與環保	Buddhism in Every Step: Protecting Our Environment
佛教與生活	Living Affinity
佛教與生活(一)	Buddhism in Every Step: Letting Go
佛教與生活(二)	Buddhism in Every Step: Seeing Clearly
佛教與管理學	Buddhism in Every Step: A Buddhist Approach to Management
佛教與義工	Buddhism in Every Step: Buddhism and Volunteerism
佛教與茶道	Buddhism in Every Step: Buddhism and the Tea Ceremony
佛教與醫學	Buddhism in Every Step: Buddhism, Medicine and Health
佛教與雕塑	Buddhism in Every Step: Buddhism and Sculpture
佛教與音樂	Buddhism in Every Step: Sounds of the Dharma: Buddhism and Music
佛教財富觀	The Buddhist Perspective on Wealth
佛教通訊社	Buddhism News Agency
佛教青年	Buddhist Youth
佛教青年學術論壇	Youth Buddhist Academy Forum
佛教青年的展望	Buddhism in Every Step: Looking Ahead: A Guide for Young Buddhists
佛教靠我	I am the future of Buddhism
佛教音樂學術研討會	Buddhist Music Academic Conference
佛教高僧漫畫全集	Buddhist Legends of Adventure & Courage
佛日增輝	May the Glory of Buddha's Days Continue to Thrive
佛日增輝 法輪常轉	May the days of the Buddha be glorified; May the Dharma Wheel forever turn.
佛昇忉利天為母說法經	Sutra on Buddha's Ascension to the Trayastrimsas Heaven to Discourse the Dharma to His Mother
佛法	Buddha's teaching
佛法僧	Buddha, Dharma, Sangha
佛法入門	Lotus in a Stream
佛法在世間，不離世間覺	Dharma can only be found in the world, and enlightenment cannot be attained away from it
佛法所在，必為第一	Everthing comes second in the presence of Dharma
佛法現代化	the modernization of Dharma
佛法生活化	Dharma as a part of life
佛法真義	True Meaning of the Dharma
佛法與生活	Living Affinity
佛法與科學之比較研究	Comparative Studies of Buddhism and Science
佛法要義	The Core Teachings
佛牙再生舍利區	Relics Born from the Buddha's Tooth
佛牙舍利恭迎團	Buddha's Tooth Relic Welcoming Delegation
佛牙舍利殿	Buddha Tooth Relic Shrine
佛祖	Buddhas
佛祖巡境全民平安	Buddha's Relic Nationwide Tour - Peace for All People
佛祖歷代通載	Comprehensive History of the Buddhas and Patriarchs
佛祖綱目	Outline of the Buddhas and Patriarchs
佛緣	Buddha Connection
佛觀一粒米，大如須彌山	the Buddha sees that a grain of rice is as enormous as Mount Sumeru
佛觀一鉢水，八萬四千蟲	the Buddha sees 84,000 organisms in a bowl of water
佛誕寶寶祈福	Buddha's Birthday Baby Blessing Ceremony
佛誕浴佛法會	Bathing the Buddha Celebration
佛誕節浴佛暨三皈五戒法會	Buddha's Birthday Celebration and Triple Gem Refuge and Five Precepts Ceremony
佛誕節花車遊行	Parade With Floats for the Buddha's Birthday
佛語	Buddha Talk
佛說淨飯王般涅槃經	Sutra on the Nirvana of King Suddhodana Discoursed by the Buddha
佛身	Buddha's Body
佛道禪心	Buddha Path and Chan Mind
佛門的一日	A Day In the Buddhist Monastery
佛陀，您在哪裡？	Buddhism in Every Step: Dear Buddha, Where are You?
佛陀也會被人毀謗	even the Buddha was slandered
佛陀十號; 1. 如來 2. 應供 3. 正遍知 4. 明行足 5. 善逝 6. 世間解 7. 無上士 8. 調御丈夫 9. 天人師 10. 世尊	Ten Names of the Buddha: 1. Thus-Come (tathagata);  2. Worthy One (arhat); 3. Truly All-Knowing; 4. Perfect in Knowledge and Conduct; 5. Well-Gone; 6. Knower of the World; 7. Unsurpassed; 8. Tamer; 9. Teacher of Heavenly and Human Beings; 10. World-Honored One
佛陀成道日	Buddha's Enlightenment Day
佛陀的宗教體驗	The Buddha's Religious Experience
佛陀的故事(一) 六波羅蜜的啟示	Traveling to the other Shore - Buddha's Stories on the Six Perfections
佛陀的故事(二) 修行與慈悲的啟示	Footprints in the Ganges - The Buddha's Stories on Cultivation and Compassion
佛陀的樣子	Buddhism in Every Step: Seeing the Buddha
佛陀紀念館	Buddha Museum
佛陀紀念館灑淨安基典禮	Foundation Laying Ceremony for the Buddha Museum
佛陀紀念館雙周年慶	Buddha Memorial Center's Second Anniversary
佛館大覺堂	Great Enlightenment Auditorium
作務	Service and Chore
作繭自縛	to spin a cocoon around oneself
作麼生	why, how
你我有緣成伴侶 慈悲同心建家門	Affinity has brought you and I together as life companions; With compassion and unity let us build our family.
你重要，他重要，我不重要	You're important, he's important, I'm not
使命副校長	Executive Vice President (Nanhua University)
來生緣	affinities in future lives
供果	Fruit Offering
供水	Water Offering
供眾	Offering for the Assembly
供養	offering
供養心	A Mind of Offering
依止	to depend and rest upon
信仰	faith
信徒	Devotee
信徒中心 (覺華園)	Reception Center
信徒服務中心	Reception Center
信徒講習會	Devotee Seminar
信徒香會	Devotees' Gathering
信心	Faith
信心門	The Gate of Faith
信念	Belief
信為道本	Faith Is the Root of the Way
信眾監院	Devotee Services Department
信義和平	Righteousness and Peace
信解行證; 1. 信 2. 解 3. 行 4. 證	Four Stages of Practice: 1. faith; 2. understanding; 3. practice; 4. realization
信願行	faith, vow, and practice
修	Cultivation
修到萬緣少 悟來半句多	Cultivation makes boundless affinities insufficient; Attainment makes even half a sentence redundant.
修心	Cultivating the Mind
修成正果	to attain spiritual progress through the right path
修持	Practice
修行的真義	The essence of practice
修道	Practitioner
修道人	Spiritual Practitioner
俱解脫	simultaneous liberation
候補宗委	Alternate Board Member
假有	Nominal Existence
假相	Nominal Form
偉大的佛陀	Buddhism in Every Step: The Great Buddha
做一日和尚，撞一日鐘	for each day that I remain a monk, I will continue my duty in tolling the bell
做人不能流芳百世，亦當遺臭萬年	one either leaves a good name for a hundred generations or leave a bad reputation that will long be remembered
做人二十要  讚美是社交的藝術 輕聲是文明的象徵 微笑是人際的陽光 誠信是做人的根本 冷靜是智慧的門戶 知足是天然的財富 勤勞是成功的種子 忙碌是工作的動力 給予是慈悲的承擔 發心是願力的開展 煩惱是無明的黑洞 欲望是深廣的大海 愚痴是崎嶇的高山 瞋恚是暴虐的颱風 懈怠是隱形的殺手 慚愧是進步的力量 懺悔是認錯的妙方 忍耐是處眾的秘行 感恩是人格的提升 精進是向上的能源 	Twenty Keys to Being Human Praise is an aptitude of socializing. Gentleness is a sign of civilization. Smiles are the sunshine of personal relations. Honesty is the basis of being human. Calmness is the key to wisdom. Contentment is the essence of wealth. Diligence is the cause of success. Dedication is motivation for work. Giving is a practice of compassion. Aspiration is the continuation of vows. Affliction is an abyss of ignorance. Desire is a boundless ocean. Ignorance is a towering and dangerous mountain. Anger is a violent hurricane. Laziness is an invisible killer. Shame is an incentive for improvement. Repentance is the wondrous disposition to admit fault. Patience is the secret to personal relations. Gratitude is the improvement of one's character. Diligence is a power for progress.
做什麼要像什麼	Play your role well and act like it
做功德	to generate merits
做大事要有魄力 做小事要有細心 做難事要肯忍耐 做善事要有恆心	Accomplish great things with boldness, Tend to details with attentiveness, Confront challenges with patience, Conduct charitable deeds with determination.
做好事	do good deeds
做己貴人	The One Who Helps You Succeed Is Yourself
做己貴人 努力向上	Be Your Own Mentor, and Strive Forward Zealously
做己貴人 希望在前	Be Your Own Mentor, and Hope Lies Right Ahead
做己貴人 捨我其誰	The One Who Helps You Succeed Is Yourself; Who Else but Me?
做法會	to hold a Dharma service
作福無願，無所標立	to practice without a vow is an aimless gesture
做難做之事 處難處之人	Do the undoable; Treat the untreatable.
偶像	1. role model; 2. idol
傳家有道唯忠厚 處世無奇但率真	The family legacy that endures is loyalty and honesty; Remain genuine despite the world's atrocities.
傳戒	Conferral of Precepts
傳承	Lineage
傳法	Dharma transmission
傳燈	Handing Down the Light
傳燈─星雲大師傳	Handing Down the Light: The Biography of Venerable Hsing Yun
傳燈樓	Dharma Transmission Center
傳燈萬方	Handing Down the Light to the World
傳記文學	Biographical Literature
傳道	Transmission of the Way
僧事百講	One Hundred Lessons on Monastery Languages and Affairs
僧事百講 1：叢林制度	One Hundred Lessons on Monastery Languages and Affairs: Monastery Systems
僧事百講 2：出家戒法	One Hundred Lessons on Monastery Languages and Affairs: Monastic Precepts
僧事百講 3：道場行事	One Hundred Lessons on Monastery Languages and Affairs: Temple Undertakings
僧事百講 4：集會共修	One Hundred Lessons on Monastery Languages and Affairs: Cultivation and Gatherings
僧事百講 5：組織管理	One Hundred Lessons on Monastery Languages and Affairs: Organizational Management
僧事百講 6：佛教推展	One Hundred Lessons on Monastery Languages and Affairs: Spread of Buddhism
僧伽	sangha
僧伽講習會	Buddhist Monastic Seminar
僧侶	monastic
僧寶山	Sangha Mountain
僧寶節	Sangha Day
儒林外史	The Scholars
優婆塞	upasaka
優婆夷	upasika
元亨寺	Yuan Heng temple
先做牛馬，再做龍象	To become an elite, first be of service
光壽無量	Infinite Light and Infinite Life
光大社區大學	Guang Da Community College
光明	Brightness
光明世界	A Bright World
光明大學	Guang Ming College
光明燈	lamp of illumination
光明燈法會	Light Offering Dharma Service
光照大千-絲綢之路佛教藝術特展	Buddhist Art Along the Silk Roads - Light Shines on the Universe
光華	Illumination
光雲堂	Radiant Cloud Office
免災難	free from disasters and calamities
兒童的百喻經	Illustrated Sutra of the One Hundred Parables
入三摩地	Enter Into Samadhi
入不二門	Enter the Gate of Non-Duality
入世	this worldly
入佛知見 生如來家	Entering the View of the Buddha; Born in the Home of Tathagata
入定	to enter into meditation
入室	to enter the master's study for examination or instruction
入流	Srotapanna, stream-entrant
入滅	to enter into nirvana
入眾	To Enter the Assembly
入道	to enter the Way
入選佛場	Enter the Buddha-Selection Court
入門	beginner
內心可成瞋恨的黑洞 內心可成焚燒的火窟 內心可成煩惱的牢籠 內心可成毀滅的原由 內心可成勵志的力量 內心可成光明的天地 內心可成喜捨的樂園 內心可成佛國的通道	The mind can turn into an abyss of anger. The mind can turn into a burning furnace. The mind can turn into a prison of affliction. The mind can turn into a cause for destruction. The mind can turn into a power of motivation. The mind can turn into a world of shining light. The mind can turn into a land of joy and generosity. The mind can turn into a path to Buddha land.
內觀自省	contemplation and self-reflection
全家福	Family Union Is a Blessing
全民閱讀博覽會	National Reading Expo
全球中華文化經典讀誦大會	Global Chinese Cultural Classics Reading Competition
兩岸神明聯誼會	“When Buddha Meets the Gods” Event
兩岸降伏「非典」國泰民安世界和平祈福大法會	Cross-Strait Eradication of Sars: A Blessing for Human Well-being And World Peace Dharma Service
兩足尊	Honored One Among Two-Legged Beings
兩足尊	supreme among two-legged creatures
八功德水，九品蓮華	the waters of eight merits and nine stages of lotus flowers
八十八佛大懺悔文	Eight-eight Buddhas Repentance Prayer
八十坡	Eighty Steps
八塔	Eight Pagodas
八大人覺經十講	The Great Realizations: A Commentary on the Eight Realizations of a Bodhisattva Sutra
八大宗派; 1. 天台宗 2. 華嚴宗 3. 法相宗 4. 三論宗 5. 禪宗 6. 淨土宗 7. 律宗 8. 密宗	Eight Schools of Chinese Buddhism: 1. Tiantai School; 2. Huayan School; 3. Faxiang School; 4. Three Treatise School; 5. Chan School; 6. Pure Land School; 7. Vinaya School; 8. Esoteric School
八正道; 1. 正見 2. 正思 3. 正語 4. 正業 5. 正命 6. 正勤 7. 正念 8. 正定	Noble Eightfold Path: 1. Right View; 2. Right Thought; 3. Right Speech; 4. Right Action; 5. Right Livelihood; 6. Right Effort; 7. Right Mindfulness; 8. Right Meditative Concentration
八相成道; 1. 降兜率 2. 入胎 3. 誕生 4. 出家 5. 降魔 6. 成道 7. 轉法輪 8. 涅槃	Eight Stages of Buddha’s Progress: 1. descent from Tusita Heaven; 2. entry into the womb; 3. birth; 4. leaving home; 5. subduing Mara; 6. awakening; 7. turning the Dharma wheel; 8. final nirvana
八福田	Eight Merit Fields
八福田	Eight Fields of Merit
八種福田; 1. 三寶 2. 修道者 3. 父母 4. 師長 5. 病人 6. 殘障 7. 急難 8. 弱勢團體	Field of Merit: 1. the Triple Gem; 2. spiritual practitioners; 3. parents; 4. teachers; 5. the sick; 6. the physically impaired; 7. crisis victims; 8. groups helping the disadvantaged
八苦; 1. 生苦 2. 老苦 3. 病苦 4. 死苦 5. 愛別離苦 6. 怨憎會苦 7. 求不得苦 8. 五陰熾盛苦	Eight Kinds of Suffering: 1. birth; 2. old age; 3. sickness; 4. death; 5. separation from loved ones; 6. closeness to loathsome people; 7. not getting what one wants; 8. the five aggregates
八萬四千法門	eighty-four thousand methods of practice
八識; 1. 眼識 2. 耳識 3. 鼻識 4. 舌識 5. 身識 6. 意識 7. 末那識 8. 阿賴耶識	Eight Kinds of Consciousness: 1. the eye consciousness; 2. the ear consciousness; 3. the nose consciousness; 4. the tongue consciousness; 5. the body consciousness; 6. the mind consciousness; 7. the manas consciousness; 8. the alaya consciousness
八識講話	Discourse on the Eight Consciousnesses
八道塔	Eightfold Path Pagoda
八關齋戒; 1. 不殺生 2. 不偷盜 3. 不淫 4. 不妄語 5. 不飲酒 6. 不著華鬘香油塗身 7. 不歌舞觀聽 8. 不坐臥高廣大床	Eight Precepts: 1. refrain from killing; 2. refrain from stealing; 3. refrain from sexual conduct; 4. refrain from lying; 5. refrain from consuming intoxicants; 6. refrain from wearing personal adornments; 7. refrain from partaking in music and dancing; 8. refrain from sleeping in fine beds
八關齋戒戒會	Eight Precepts Retreat
八關齋經	Astangasamanvagata Sutra (Sutra on the Eight Purification Precepts )
八難; 1. 在地獄難 2. 在餓鬼難 3. 在畜生難 4. 在長壽天難 5. 在邊地之鬱單越難 6. 盲聾瘖啞難 7. 世智辯聰難 8. 生在佛前佛後難	Eight Difficulties: 1. Hell; 2. The Realm of Hungry Ghosts; 3. The Animal Realm; 4. The Long-life Heaven; 5. The Excellent Continent; 6. Physical and Mental Disability; 7. Birth as a Philosopher; 8. Birth Between Buddhas
八風不動	Unmoved by the Eight Winds
八風吹不動，一屁打過江	he who is allegedly unmovable even by the Eight Winds was blown across the river by a fart
八風吹不動; 1. 稱 2. 譏 3. 毀 4. 譽 5. 利 6. 衰 7. 苦 8. 樂	Eight Winds: 1. praise; 2. ridicule; 3. defamation; 4. honor; 5. gain; 6. loss; 7. sorrow; 8. joy
公平	Fairness
公平正義	Be Fair and Just
公平正義 仁慈應世	Fairness and Justice; Face the World with Benevolence and Kindness
公是公非	One Truth for All
公案	gong'an
公道	Justice
六和合僧; 1. 見和同解 2. 戒和同修 3. 利和同均 4. 意和同悅 5. 口和無諍 6. 身和同住	Six Points of Reverent Harmony: 1. Harmony in view through sharing the same understanding; 2. Moral harmony through sharing the same precepts; 3. Economic harmony through sharing things equally; 4. Mental harmony through shared happiness; 5. Verbal harmony through avoiding disputes; 6. Physical harmony through living together
六和教團	Six Harmonies Community
六和敬	Six Points of Reverent Harmony
六塵; 1. 色塵 2. 聲塵 3. 香塵 4. 味塵 5. 觸塵 6. 法塵	Sense Objects: 1. sight; 2. sound; 3. smell; 4. taste; 5. touch; 6. dharmas
六妙門	Six Wondrous Dharma Gates
六師外道; 1. 珊闍耶毘羅胝子 2. 阿耆多翅舍欽婆羅 3. 末伽梨拘舍梨 4. 富蘭那迦葉 5. 迦羅鳩馱迦旃延 6. 尼乾陀若提子	Six Non-Buddhist Schools: 1. The Sanjaya-Vairatiputra Sect; 2. The Ajita-Kesakambala Sect; 3. The Maskari-Gosaliputra Sect; 4. The Purana-Kasyapa Sect; 5. The Kakuda-Katyayana Sect; 6. The Nirgrantha-Jnatiputra Sect
六度	six perfections
六度塔	Six Perfections Pagoda
六成就; 1. 信成就 2. 聞成就 3. 時成就 4. 主成就 5. 處成就 6. 眾成就	Six Accomplishments: 1. the accomplishment of faith; 2. the accomplishment of hearing; 3. the accomplishment of time; 4. the accomplishment of the teacher; 5. the accomplishment of location; 6. the accomplishment of the assembly
六根	Six Faculties
六根妙用 眼中慈悲人緣好 耳裏善听人增慧  鼻內清爽人健康 口舌讚美人歡喜 身做好事人有益 心性有佛人成道	Making Good Use of the Six Sensory Faculties Compassionate eyes help build good relationships. Patient ears help enhance your wisdom. A clear nose helps ensure good health. A complimenting tongue helps create joy. Beneficial deeds help bring good to others. A Buddha-like mind makes attainment possible.
六根清淨	Purity of the Six Senses
六祖壇經講話	The Rabbit's Horn: A Commentary on the Platform Sutra
六祖大師法寶壇經	Platform Sutra of the Sixth Patriarch
六神通; 1. 天眼通 2. 天耳通 3. 他心通 4. 神足通 5. 宿命通 6. 漏盡通	Six Supernatural Powers:1. heavenly vision; 2. heavenly hearing; 3. mind reading; 4. teleportation; 5. knowledge of past lives; 6. destruction of all affliction
六道輪迴; 1. 天道 2. 人道 3. 阿修羅道 4. 畜生道 5. 餓鬼道 6. 地獄道	Six Realms of Existence: 1. Heavenly Realm 2. Human Realm 3. Asura Realm 4. Animal Realm 5. Hungry Ghost Realm 6. Hell Realm
六齋日	Six Days of Purification
共命鳥	Two-Headed Bird, One Heart
共命鳥	two-headed bird
共業	Collective Karma
共生	coexistence
共生共榮	Coexistence and Shared Glory
共生共榮 天下一家	Coexistence and Shared Glory; One World, One Family
共生吉祥	Auspicious Coexistence
共生緣	coexisting affinity
共識	Consensus
具足	Completeness
典座	temple chef
冤家宜解不宜結	better friends than foes
冥思	dedicative thinking
冬令救濟	Winter Relief Program
冷暖自知	only one knows whether it’s hot or cold
凌雲壯志	Soaring Aspirations
凡事看兩端  有苦有樂的人生才充實  有成有敗的人生方合理  有得有失的人生最公平  有生有死的人生很自然	Always Look on Both Sides  Life is enriching because of suffering and happiness.  Life makes sense because of success and failure.  Life is fair because of loss and gain.  Life is natural because of birth and death.
凡人	Ordinary Being
凡聖	Ordinary and Sagely
出三藏記集	A Collection of Records on the Emanation of the Chinese Tripitaka
出世	Transcending the World
出世法	World-Transcending Teachings
出坡	Chorework
出家	to renounce
出家眾為父母祈願文	A Prayer for Parents of Monastics
出汙泥而不染	to emerge from the mud untainted
出離	renunciation, transcendence
分別	discrimination
分別功德論	Punya Vibhanga Sutra (Sutra on the Distinguishing Merits and Virtues)
分別智	Discriminating Knowledge
初心	the initial mind
別院	Branch Temple
利他	Benefiting Others
利他行	Deeds to Benefit Others
利樂有情	To Bring Benefit and Joy to Sentient Beings
利益	benefit
利行	Beneficial Deeds
利行	altruism
到彼岸	To the Other Shore
到處皆是吉祥地 隨時可結歡喜緣	Every place is an auspicious place, Every moment is a moment of affinity.
到處都是清涼地 隨時廣結歡喜緣	Every place is a pure place, Every moment is a moment of affinity.
制心一處 無事不辦	Focus the Mind, and Nothing Will Be Impossible
剋期取證	to set a time limit for attainment
前世今生	past and present lifetimes
前進的思索•典範人物論壇	Forum on Forward Thinking - Iconic Figures
剎那	ksana
剎那生滅	to arise or cease within a ksana
副主任	Deputy Director
副主任委員	Deputy Executive Director
副住持	Deputy Abbot
副團長	Vice President
副執行長	Deputy Director
副堂主	Deputy Director (of SR, meditation hall)
副教授	Associate Professor
副會長	Vice President
副校長	Vice President
副秘書長	Vice Secretary-General (BLIA)
副總住持	Deputy Head Abbot
副館長	Deputy Director
割愛	to relinquish
創新	Innovation
創辦人	Founder
力士	one of great strength
功德	merit
功德主	benefactor
功德主碑牆	Benefactors Wall
功德海	Ocean of Merits
加持	to bless
加行	Special Effort Applied Toward Practices
助念	Assistive Chanting
助念法會	Chanting Services
助念講習會	Seminar on Assisted Chanting for Hospice Care
助教	Teaching Assistant
助理教授	Assistant Professor
助緣	Supporting Conditions
劫數	Numerous Kalpas
勇敢的一面	On my brave side
勇者無畏	The Courageous Is Fearless
動土灑淨	Groundbreaking and Purification Ceremony
動靜一如	movement is the same as stillness
勘破	to penetrate
勝利	victory
勝鬘經十大受	Sutra on the Ten Precepts of Srimala
勤修戒定慧 息滅貪瞋痴	Diligently practice discipline, concentration and wisdom; Extinguish greed, anger, and ignorance.
勤儉致富 不二法門	Frugality is the Key to Being Wealthy; The Teaching of Non-Duality
勤勞可致富 和敬能安家	Diligence is the key to wealth; Harmony and respect are foundations of family.
勤勞能致富 和敬可安家	Diligence is the key to wealth; Harmony and respect are foundations of family.
勸化	Encourage to Transform
勸發菩提心文	An Inspiration to Give Rise to the Bodhi Mind
化世益人	Transform the World and Benefit Humanity
化緣化心，不一定化錢	The best donation is not of money, but of heart
化身	nirmanakaya
北京刻經處	Beijing Scriptural Press
北海女子佛學院	Beihai Women's Buddhist College
北海男眾學部	Beihai Men's Buddhist College
十不可 求革新不可太傷人 聽發言不可太主觀 做決定不可太草率 責備人不可太苛嚴 要他好不可太為難 用人才不可太傲慢 被要求不可太執著 對自己不可太寬容 被汙衊不可太衝動 受尊重不可太倨傲	Ten Must Nots One must not burn bridges when pushing for reform. One must not be overly subjective during a meeting. One must not be hasty in decision-making. One must not be too strict when reprimanding others. One must not have overly high expectations in others. One must not be too arrogant to one's subordinates. One must not be too stubborn when under expectations. One must not be too lenient with oneself. One must not be too impulsive when slandered. One must not be too proud when respected.
十不要 不要把情緒掛在臉上 不要被苦惱佔據內心 不要讓才華埋沒土中 不要將煩憂帶到床上 不要令誤會影響友誼 不要任理想隨意放棄 不要給是非增加困擾 不要將責任推給別人 不要讓遺憾帶進棺材 不要把仇恨記到明天	Ten Nevers Never show your feelings on your face. Never let troubles occupy your mind. Never let your talents be buried in the ground. Never take your worries to bed. Never let misunderstanding jeopardize friendships. Never give up on your dreams just like that. Never let gossip add to your troubles. Never shirk your responsibilities. Never take your regrets into the coffin. Never hold grudges till the next day.
十二因緣; 1. 無明 2. 行 3. 識 4. 名色 5. 六入 6. 觸 7. 受 8. 愛 9. 取 10. 有 11. 生 12. 老死	Dependent Origination: 1. ignorance; 2. mental formations; 3. consciousness; 4. name and form; 5. six sense organs; 6. contact; 7. feeling; 8. craving; 9. clinging; 10. becoming; 11. birth; 12. aging and death
十二條門規 1.不違期剃染 2.不私建道場 3.不夜宿俗家 4.不私交信者 5.不共財往來 6.不私自募緣 7.不染污僧倫 8.不私自請託 9.不私收徒眾 10.不私置產業 11.不私畜金錢 12.不私造飲食	Twelve rules of the Order 1. Monastics must keep a wholesome appearance by observing a regular grooming schedule. 2. Monastics are prohibited from building any private temples. 3. Monastics are prohibited from spending a night outside a Buddhist temple. 4. Monastics are prohibited from making personal friends of devotees. 5. Monastics are prohibited from making monetary arrangements with anyone. 6. Monastics are prohibited from raising money for personal purposes. 7. Monastics are prohibited from transgressing monastic ethics. 8. Monastics are prohibited from asking for personal favors. 9. Monastics are prohibited from recruiting personal disciples. 10. Monastics are prohibited from purchasing personal property. 11. Monastics are prohibited from accumulating personal savings. 12. Monastics are prohibited from preparing meals for themselves alone.
十二部經; 1. 長行 2. 重頌 3. 孤起 4. 譬喻5. 因緣 6. 無問自說 7. 本生 8. 本事 9. 未曾有 10. 方廣 11. 論議 12. 授記	Twelve Divisions of Sutras: 1. Sutra (discourses); 2. Geya (repeated verses); 3. Gatha (verses); 4. Avadana (parables); 5. Nidana (expositions of causes); 6. Udana (unprompted teachings); 7. Jataka (stories of the Buddha’s previous lives); 8. Itivrttaka (stories of the disciples’ previous lives); 9. Abdhutadharma (miracles); 10. Vaipulya (profound teachings); 11. Upadesa (debates); 12. Vyakarana (prophecies)
十二頭陀行 1. 在阿蘭若處 2. 常行乞食 3. 次第乞食 4. 受一食法 5. 節量食 6. 中午後不得飲漿 7. 著弊衲衣 8. 但三衣 9. 冢間住 10. 樹下止 11. 露地住 12. 但坐不臥	Ascetic Practices: 1. living in the wilderness; 2. only eating what is given as alms; 3. collecting alms in order; 4. receiving one meal per day; 5. eating a limited amount; 6. not drinking broth after noontime; 7. wearing robes of cast-off rags; 8. wearing only the three robes; 9. dwelling in cemeteries; 10. staying under a tree; 11. dwelling in an open place; 12. only sitting and not lying down
十供養	Ten Offerings
十全十美	Perfect in Every Way
十八地獄; 1. 頞浮陀地獄 2. 尼羅浮陀地獄 3. 阿吒吒地獄 4. 阿婆婆地獄 5. 喉喉婆地獄 6. 漚波羅地獄 7. 波頭摩地獄 8. 摩訶波頭摩地獄 9. 等活地獄 10. 黑繩地獄 11. 堆壓地獄 12. 叫喚地獄 13. 大叫喚地獄 14. 燒炙地獄 15. 大燒炙地獄 16. 無間地獄 17. 孤獨地獄 18. 近邊地獄	Hell: 1. Arbuda Hell; 2. Nirarbuda Hell; 3. Atata Hell; 4. Apapa Hell; 5. Huhuva Hell; 6. Utpala Hell; 7. Padma Hell; 8. Mahapadma Hell; 9. Samjiva Hell; 10. Kalasutra Hell; 11. Samghata Hell; 12. Raurava Hell; 13. Maharaurava Hell; 14. Tapana Hell; 15. Mahatapana Hell; 16. Avici Hell; 17. The Isolated Hells; 18. The Adjacent Hells
十八羅漢	Buddhism in Every Step: The Eighteen Arhats
十八羅漢; 1. 伏虎羅漢 2. 喜慶羅漢 3. 舉缽羅漢 4. 托塔羅漢 5. 靜坐羅漢 6. 過江羅漢 7. 騎象羅漢 8. 笑獅羅漢 9. 開心羅漢 10. 探手羅漢 11. 沉思羅漢 12. 挖耳羅漢 13. 布袋羅漢 14. 芭蕉羅漢 15. 長眉羅漢 16. 看門羅漢 17. 降龍羅漢 18. 乘鹿羅漢	Eighteen Arhats: 1. Pindolabharadvaja (The Tiger-Subduing Arhat); 2. Kanakavatsa (The Celebrating Arhat); 3. Kanakabharadvaja (The Bowl Raising Arhat); 4. Subinda (The Stupa Raising Arhat); 5. Nakula (The Meditating Arhat); 6. Bhadra (The River Crossing Arhat); 7. Kalika (The Elephant Riding Arhat); 8. Vajraputra (The Laughing Lion Arhat); 9. Jivaka (The Open Heart Arhat); 10. Panthaka (The Raised Arm Arhat); 11. Rahula (The Deep Thinking Arhat); 12. Nagasena (The Ear Picking Arhat); 13. Angaja (The Bag Carrying Arhat); 14. Vanavasin (The Banana Tree Arhat); 15. Ajita (The Long Eyebrow Arhat); 16. Cudapanthaka (The House Guarding Arhat); 17. Nandimitra (The Dragon-Subduing Arhat); 18. Pindola (The Sitting-on-Deer Arhat)
十地; 1. 歡喜地 2. 離垢地 3. 發光地 4. 燄慧地 5. 難勝地 6. 現前地 7. 遠行地 8. 不動地 9. 善慧地 10. 法雲地	Ten Grounds of Bodhisattva Path: 1. The Ground of Joy; 2. The Ground of Freedom from Defilement; 3. The Ground of Radiance; 4. The Ground of Brilliant Wisdom; 5. The Ground of Mastery of Final Difficulties; 6. The Ground of Manifesting Prajna-wisdom; 7. The Ground of Proceeding Afar; 8. The Ground of Attaining Calm; 9. The Ground of Finest Discriminatory Wisdom; 10. The Ground of the Dharma Cloud
十多十少歌 多一分理性 少一分情緒 多一分公義 少一分特權 多一分服務 少一分自私 多一分寬厚 少一分刻薄 多一分誠信 少一分虛假 多一分讚美 少一分惡口 多一分精進 少一分懈怠 多一分慈悲 少一分瞋恚 多一分喜捨 少一分慳吝 多一分禪心 少一分掛礙	Ten Ways to Be More and Be Less Be a little more rational and a little less emotional. Be a little more principled and a little less privileged. Be a little more helpful and a little less selfish. Be a little more kind and a little less harsh. Be a little more sincere and a little less pretentious. Be a little more complimenting and a little less insulting. Be a little more diligent and a little less idle. Be a little more compassionate and a little less hateful. Be a little more generous and a little less miserly. Be a little more Chan-like and a little less troubled.
十大弟子; 1. 舍利弗 2. 目犍連 3. 富樓那 4. 須菩提 5. 迦旃延 6. 大迦葉 7. 阿那律 8. 優婆離 9. 阿難陀 10. 羅睺羅	Ten Great Disciples of the Buddha: 1. Sariputra: Foremost in wisdom 2. Maudgalyayana: Foremost in Supernatural Powers 3. Purna: Foremost in Teaching the Dharma 4. Subhuti: Foremost in Understanding Emptiness 5. Mahakatyayana: Foremost in Debating the Dharma 6. Mahakasyapa: Foremost in Austerities 7. Aniruddha: Foremost in Heavenly Vision 8. Upali: Foremost in Monastic Discipline 9. Ananda: Foremost in Having Heard Much 10. Rahula: Foremost in Esoteric Practices
十大弟子傳	Biography of the Ten Principal Disciples
十好加十好 經一分挫折 得一分見識 容一分橫逆 長一分氣度 省一分算計 多一分道義 學一分退讓 討一分便宜 加一分體貼 悟一分人情 給一分機會 獲一分友誼 送一分方便 成一分事業 做一分美事 聚一分功德 說一分良言 增一分善緣 存一分好心 養一分福報	Ten + Ten  Each setback experienced means another enhancement of knowledge. Each adversity endured means another emergence of greater magnanimity. Each moment of calculation prevented means another growth of one's morality. Each compromise made means another advantage gained. Each act of consideration means another progress in reasoning. Every opportunity you offer means another friendship earned. Every convenience you make for others means another accomplishment. Every deed of kindness you do means another merit accumulated. Every honest advice you give means another good affinity created. Every kind thought you think means another blessing nurtured.
十如是; 1. 相 2. 性 3. 體 4. 力 5. 作 6. 因 7. 緣 8. 果 9. 報 10. 本末究竟	Ten Qualities: 1. form; 2. nature; 3. entity; 4. ability; 5. activity; 6. cause; 7. condition; 8. direct effect; 9. indirect effect; 10. complete from beginning to end
十數佛法 一心二門捐除真妄 二諦圓融緣起中道 三學增上入如來家 四大皆空示現諸有 五戒受持人天佛國 六波羅蜜自度利他 七菩提分增長智慧 八功德水清涼甘露 九品蓮生花開見佛 十大願王圓滿佛道	List of Ten Dharmas One Mind and its Two Aspects can eliminate both the genuine and the deceptive. Two Truths can harmonize dependent origination and the Middle Path. Threefold Training can guide one into the Tathagata's home. Four Elements can manifest emptiness through all forms of existence. Five Precepts help manifest the Buddha land in this world. Six Perfections can benefit both self and others. Seven Factors of Bodhi can enhance the growth of wisdom. Eight Merits Water is the nectar of soothing dew. Nine Stages of Lotus Incarnation enables buddhas to emerge from blooming lotuses. Ten Great Vows can enable the attainment of Buddhahood.
十方	The Ten Directions
十方三世	Ten Directions and Three Periods of Time
十方共成十方事 萬人同結萬人緣	Let goals for the whole world be accomplished by the whole world; Let affinity between countless people be developed by countless people.
十法界; 1. 地獄 2. 餓鬼 3. 畜生 4. 人 5. 阿修羅 6. 天 7. 聲聞 8. 緣覺 9. 菩薩 10. 佛	Ten Dharma Realms: 1. Hell; 2. Hungry Ghost Realm; 3. Animal Realm; 4. Human Realm; 5. Asura Realm; 6. Heavenly Realm; 7. Sravaka Realm; 8. Pratyekabuddha Realm; 9. Bodhisattva Realm; 10. Buddha Realm
十種幸福之道─佛說妙慧童女經	Ten Paths to Happiness
千喜萬福	Bountiful Joy and Plentiful Bliss
千家寺院百萬人寺碑牆	Benefactors Wall
千山同一月 萬戶盡皆春	Endless mountains all beneath the same moon; Myriad households all bathing in spring.
千年事業方寸內 萬里乾坤心懷中	Timeless accomplishment found in knowing one's place; Boundless world discovered in one's aspirations.
千年暗室 一燈即明	A Thousand-Year-Long Darkness Is Immediately Dispelled by a Single Lamp
千手千眼	Thousand Hands and Thousand Eyes
千手觀音	Thousand-Hand Guanyin
千江有水千江月 萬里無雲萬里天	A thousand moons in a thousand rivers; A boundless world across a cloudless sky.
千生萬死	Live a hundred times, die a thousand times.
千生萬死，萬死千生	a thousand lives, a million deaths
千處祈求千處應梵唄音樂會	“answering To Thousands of Prayers” Buddhist Hymn Concert
千載一時 一時千載	Once in a Thousand Years; A Thousand Years in a Moment
千載一時，一時千載	A thousand years in one moment
千里之行 始於足下	A Thousand-Mile Journey Begins with a Step
千錘百鍊才能成功	success comes after endless hammering and refinement
協會督導	Chapter Elder Advisor (BLIA)
南北大師喜相會講座	Two Masters, One Path Forum
南史	History of the Southern Dynasties
南天大學	Nan Tien Institute
南天橋	Nan Tien Bridge
南天橋落成典禮	Nan Tien Bridge Inauguration Ceremony
南海寄歸內法傳	A Record of Buddhist Practices Sent Home from the Southern Sea
南無	Blessed Be
南無佛	Homage to the Buddha
南無佛	namo buddha
南華大學	Nanhua University
南華足球隊	Nanhua University Soccer Team
博士人間佛教論壇	Humanistic Buddhism Doctorate Forum
博士後	Post-Doctorate
印度五比丘塔	Chaukhandi Mound, India
印度佛光文化公司	Buddha Light Art and Living Private Limited, New Delhi
印度佛陀涅槃塔	Mahaparinirvana Stupa, India
印度弘法之旅	Dharma Propagation Tour in India
印度菩提伽耶國際三壇大戒	Bodhgaya International Full Ordination Ceremony
印度菩提正覺大塔	Bodhgaya temple in India
印心	Heart-To-Heart Connection
厚德	Great Virtue
厚道	Honesty and Kindness
厚重	Deep and Heavy
去除煩惱垢 增長菩提心	Cleanse the dirt of defilement; Nurture the Bodhi Mind.
去除貪瞋痴 增長戒定慧	Eliminate greed, anger, and ignorance; Nurture discipline, concentration, and wisdom.
參學	travel and learn
參學瑣憶	Recollections of theTraveling Days
參禪	Contemplation on Chan
參究	Contemplative Investigation
參話頭	Inquire into the Expressions
參話頭	contemplate the head phrase (of a gongan)
友有四品; 1. 有友如花 2. 有友如秤 3. 有友如山 4. 有友如地	Four Kinds of Friends: 1. Friendship like a flower; 2. Friendship like a balance-scale; 3. Friendship like a mountain; 4. Friendship like the ground.
受五戒	to take the Five Precepts
受戒	Take the Precepts
受戒容易守戒難 發心容易恆心難 忍苦容易忍氣難 尊上容易尊下難 共無容易共有難 依人容易依法難 依神容易依佛難 為己容易為人難 信道容易行道難 處閒容易處眾難	Easy it is to take the precepts but harder to observe them. Easy it is to have aspirations but harder to persevere. Easy it is to endure suffering but harder to tolerate being wronged. Easy it is to respect one's superiors but harder to respect one's subordinates. Easy it is to accept loss but harder to share profits. Easy it is to rely on people but harder to rely on the Dharma. Easy it is to rely on the gods but harder to rely on the Buddha. Easy it is for the lesser good but harder for the greater good. Easy it is to believe but harder to practice. Easy it is to be at leisure but harder to be with people.
受持	uphold
受持五戒的意義	Buddhism in Every Step: The Five Precepts
受持戒法如瓔珞 可以莊嚴身心 堅定信仰如明燈 可以照破痴暗	Upholding precepts is like wearing an ornament that adorns both body and mind. Strengthened faith is like a shining light that dispels the darkness in the mind.
受用	Benefit
叢林	monastery
叢林大學	FGS Tsung-Lin University
叢林大學院	FGS Tsung-Lin University
叢林學院	Tsung Lin University
叢林尋根之旅	Roots Discovery Tour to FGS
口中吃的清和味 心裏常思佛土居	Taste the pure and harmonious flavors; Think constantly of the Buddha's abiding.
口業	Verbal Karma
口說不如身行 生氣不如爭氣 妒他不如學他 認命不如拼命	It is better to act than talk. It is better to step up than get worked up. It is better to learn from others than be jealous. It is better to try than yield.
口頭禪	lip service Chan
古人不見今時月 今月曾經照古人	Those from times past were unable to see today's moon; Yet today's moon once shone on those from bygone times.
古今多少事 都付笑談中	Laugh away all that has happened in the past and present.
古今譚	Past and Present Talks
古佛堂前風掃地 高山頂上月為燈	The winds will sweep the floor of an ancient Buddha shrine; The moon will illuminate the peace of the most noble mountain.
古德	Ancient Sages
古聖賢修身做起 大英雄立功為先	Sages began by cultivating themselves; Great heroes began with honorable acts.
只要有悲心 世間無善惡 只要有慧心 人生無痴迷 只要肯發心 人間無難事 只要有願心 地球無遠近	In this world, there is no good or bad in the eyes of compassion. In life, there is no ignorance or delusion in the eyes of wisdom. In this world, nothing is impossible in the face of aspiration. In this universe, there is no close or afar in the eyes of great vows.
只見江流千里外 不知身在五峰中	You see rivers flowing for thousands of miles; Never realizing you stand within the Five Peaks.
叫香	Clapper Signal
召請	Summoning
召集人	Executive Convener
台中慈善寺	Tzu Shan temple
台南天惠托兒所	Tainan Tien Hui Child Care Centre
台灣九二一大震	September 21st Earthquake in Taiwan
台灣佛學院	Tawanese Institute of Buddhist Studies (est. in 1948 by Ven. Tzu Hang)
台灣佛教	Buddhism Taiwan
台灣佛教講習會	Taiwan Buddhist Seminar
台灣南北行腳托缽法會	Anniversary Alms Procession Across Taiwan
台灣寺院管理講習會	National Buddhist Temple Management Seminar
台灣情義 中國夢景	Taiwan Sentiment, China Vision
台灣愛心，關懷南亞	Relief Program - Love from Taiwan, Care for South Asia
台灣靈巖山寺	Ling Yen Shan Temple
史傳類	Biographies
司庫	Treasury
吃十方	to live on offerings from the ten directions
吃得苦中苦 方為人上人	Out of the worst of the worst pains;
吃早齋	vegetarian breakfast
吃茶	Drink Tea
吃齋	Vegetarianism
各大專學校青年學佛營	Buddhist Youth Camps
各宗教領袖為世界和平聯評座談	Forum on World Peace with the Religious Leaders
各界人士看佛光山	Fo Guang Shan Through the Eyes of the World
合十	Joined Palms
合十	to bring the ten fingers or two palms together
合十人生	A Life of Joined Palms
合家歡	A Joyful Family Reunion
1. 合抱之木 生於幼苗 2. 穿石之水 始於涓滴 3. 成功之基 奠於勤勞 4. 悟道之緣 在於用心	A giant tree comes from tiny sprouts. Water that wears through rock comes from a stream of droplets. Success comes from a foundation built by diligence. Conditions for awakening come from commitment.
合掌	to join palms
吉	auspicious
吉星明月歸天上 白雲春風在眼前	Auspicious stars and the bright moon belong in the sky; White clouds and spring breezes are found before your eyes.
吉星明月歸天上 白雲清風在眼前	Auspicious stars and the bright moon belong in the sky; White clouds and soothing breezes are found before your eyes.
吉星明月歸天上 白雲青松在眼前	Auspicious stars and the bright moon belong in the sky; White clouds and green pines are found before your eyes.
吉星高照	Auspicious Star Shining High Above
吉星高照 好運會到	Auspicious Star Shining High Above; Good Luck Is Coming Soon
吉星高照 福滿家園	Auspicious Star Shining High Above; May There Be Happiness in the Family
吉星高照 萬事吉祥	Auspicious Star Shining High Above; May Everything Be Auspicious
吉祥地	Auspicious Land
吉祥經	Mangala Sutra
吉祥草	Auspicious Grass
同事	fellowship
同圓種智	Perfect the Seeds of Wisdom Together
同心同德	Same Mind, Same Virtue
同登法界	Gateway to Enlightenment
同登法界	Ascend with the Dharma Realm
名位謙讓為先 生活儉樸為重 處眾服務為本 心胸寬廣為要	Humility comes before fame. Diligence and frugality are the core of life. Service is the basis of fellowship. Magnanimity is the key to a peaceful mind.
名利看不破 道德難增長 私情放不下 事功難建立	One cannot grow morally without seeing beyond fame and gain; One cannot be accomplished without transcending personal matters.
名士志四海 古人惜寸陰	The noble man sets his heart on the world; The ancient sages set their minds on time.
名士志四海 浩氣養乾坤	The noble man sets his heart on the world; Nurturing the universe with awe-inspiring virtue.
名家百人碑牆	Fo Guang Shan's Wall of Plaques on One Hundred Artists and Masters
名家看百年佛緣	Reflections on Buddhist Affinity Across 100 Years
名聲天曉	Rising Dawn of Success
名譽院長	Honorary Dean (of college)
向前有路	Keep going
向受過現代教育的人介紹佛教	Introduction to Modern Day Intellectuals
向自己革命	Start a self-revolution
向道之心	commitment to the path
君來問道無餘說 雲在青天水在瓶	Not much to be said on your question about the Way; The clouds are up in the sky and water in the vase.
君子一言，快馬加鞭	a gentleman's word is as good as gold
君子慎始	The Accomplished Man Is Cautious from the Beginning
吾日三省	Examine Oneself Daily on Three Points
告白	Proclamation
味同嚼蠟	the taste of chewing candle
和南	Join Palms
和南	a salutation, to pay one's respects to
和合	Harmony
和尚	Most Venerable
和平	Peace
和愛島	Peace and Love Island
和敬	Harmony and Respect
和敬共生	Harmonious and Respectful Coexistence
和樂愛敬	harmony, joy, love, and respect
和諧	Harmony
和風吹綠柳 時雨潤春苗	Gentle breezes caress the green willows, Timely rains nourish the spring sprouts.
品牌	Brand Name
唯我獨尊	I alone am the honored one
問一聲您今哪裡去 望三思何日君再來	Upon the question, “where are you headed now?” Do think thrice about when your next return will be.
問菩薩為何倒坐 嘆眾生不肯回頭	One asks why the bodhisattva is sitting backwards; He sighs about beings refusing to change direction.
問道	Inquire About the Way
問道堂	Information Tower
問難	Interrogation
善哉	Sadhu
善因	Wholesome Cause
善因好緣	Virtuous Causes and Good Conditions
善報	wholesome retribution
善女人	good women
善導寺	Shan Dao Temple
善念	Virtuous Thoughts
善意	Kind Intentions
善方便	Expedient Means
善果	Virtuous Outcomes
善男子	good men
善知識; 1. 外護善知識 2. 同行善知識 3. 教授善知識	Dharma Friends: 1. good Dharma friends who give; 2. good Dharma friends who share in practice; 3. good Dharma friends who teach
善緣	Good Affinity
善緣好運	Good Affinity Brings Good Luck
善緣好運	Positive Affinities Bring Beneficial Results
善緣好運 諸事圓滿	Good Affinity Brings Good Luck; Harmonious Conditions in All
善觀因緣 遠見天下	Observe Causes and Conditions Well; Set Great Foresight on the World
善護念	Safeguard Your Thoughts
善護念	safeguard the mind
善護真心	Safeguard the Mind
善財	Sudhana
善財講師	Sudhana Lecturer
喜悅	Joy
喬達摩	Gautama
喬達摩梵唄音樂會	Gautama Buddhist Hymn Choir Concert
單位	a single seat, or position
單刀直入	to cut to the chase
嘉義會館	Chiayi Association
嚴以律己，寬以待人	be strict with oneself, yet go easy on others
嚴土熟生	majestic [pure] land and well-attained sentient beings
囑付	To Entrust
囑託	To Request
四事供養; 1. 飲食 2. 衣服 3. 臥具 4. 湯藥	Four Offerings: 1. Food and drink; 2. Clothing; 3. Bedding; 4. Medicine
四依止	Four Reliances
四依止; 1. 依法不依人 2. 依智不依識 3. 依義不依語 4. 依了義不依不了義	Four Reliances: 1. Rely on the Dharma, not on individual teachers; 2. Rely on wisdom, not on knowledge; 3. Rely on the meaning, not on the words; 4. Rely on the ultimate truth, not on relative truth
四分律	Four Part Vinaya
四十坡	Forty Steps
四合一救災行動	4-in-1 Rescue Mission
四單監寺	Fourth Deputy Superintendent
四大名山; 1. 普陀山 2. 五台山 3. 九華山 4. 峨嵋山	Four Great Mountains: 1. Mount Putuo; 2. Mount Wutai; 3. Mount Jiuhua; 4. Mount Emei
四大皆有 五蘊非空	The Four Elements Truly Exist; The Five Aggregates Were Never Empty
四大皆空; 1. 地 2. 水 3. 火 4. 風	Four Great Elements: 1. earth; 2. water; 3. fire; 4. wind
四大皆空示現有 五蘊和合亦非真	The empty nature of the Four Elements manifests in existence; The incorporation of the Five Aggregates is not real either.
四大譯師; 1. 鳩摩羅什 2. 玄奘 3. 真諦 4. 義淨 * 不空	Four Great Chinese Translators: 1. Kumarajiva; 2. Xuanzang; 3. Paramartha; 4. Yijing; * Amoghavajra (The Esoteric School additionally venerates the translator Amoghavajra, who they recognize as the Sixth Patriarch of their school.)
四大部洲; 1. 東勝身洲 2. 南贍部洲 3. 西牛貨洲 4. 北俱廬洲	Four Great Continents: 1. Purva-videha; 2. Jambu-dvipa; 3. Apara-godaniya; 4. Uttara-kuru
四威儀; 1. 行如風 2. 立如松 3. 坐如鐘 4. 臥如弓	Four Kinds of Comportment: 1. Walk like the wind; 2. Stand like a pine; 3. Sit like a bell; 4. Sleep like a bow
四季安康 六時吉祥	Peace and Good Health Throughout All Four Seasons; Auspicious Moments Throughout All Six Periods
四季花常好 百年月永圓	Blossoming flowers all seasons long; A perfect full moon through all passages of time.
四季花常好 萬年月永圓	Blossoming flowers all seasons long; A perfect full moon through all passages of time.
四季花常好 萬年月永明	Blossoming flowers all seasons long; A bright full moon through all passages of time.
四小不可輕; 1. 小小火苖 2. 幼小之龍 3. 年少王子 4. 年幼沙彌	Four Small Things Not to Be Taken Lightly: 1. Small little sparks; 2. Small young water nagas; 3. Small young princes; 4. Small young novices
四弘誓願	Four Universal Vows
四弘誓願; 1. 眾生無邊誓願度 2. 煩惱無盡誓願斷 3. 法門無量誓願學 4. 佛道無上誓願成	Four Universal Vows: 1. Sentient beings are limitless, I vow to liberate them; 2. Afflictions are endless, I vow to eradicate them; 3. Teachings are infinite, I vow to learn them; 4. Buddhahood is supreme, I vow to attain it
四念處; 1. 觀身不淨 2. 觀受是苦 3. 觀心無常 4. 觀法無我	Four Bases of Mindfulness: 1. contemplate the impurities of the body; 2. contemplate the suffering of feelings; 3. contemplate the impermanence of the mind; 4. contemplate the non-selfhood of phenomena
四恩總報; 1. 父母恩 2. 眾生恩 3. 國家恩 4. 三寶恩	Four Kinds of Gratitude: 1. Kindness of parents; 2. Kindness of sentient beings; 3. Kindness of one’s country; 4. Kindness of the Triple Gem
四悉檀; 1. 世界悉檀 2. 各各為人悉檀 3. 對治悉檀 4. 第一義悉檀	Four Modes of Teaching: 1. Worldly method; 2. Individual method; 3. Specific method; 4. Ultimate method
四攝; 1. 布施 2. 愛語 3. 利行 4. 同事	Four Means of Embracing: 1. Giving; 2. Kind words; 3. Altruism; 4. Empathy
四正勤; 1. 未生的惡法，使它不生 2. 已生的惡法，使它斷除 3. 未生的善法，令它生起 4. 已生的善法，令它增長	Right Effort: 1. Prevent unwholesome states; 2. End unwholesome states; 3. Develop wholesome states; 4. Strengthen wholesome states
四無量心; 1. 慈無量心 2. 悲無量心 3. 喜無量心 4. 捨無量心	Four Immeasurable Minds: 1. Immeasurable loving-kindness; 2. Immeasurable compassion; 3. Immeasurable joy; 4. Immeasurable equanimity
四給	Four Givings
四給塔	Four Givings Pagoda
四聖諦; 1. 苦諦 2. 集諦 3. 滅諦 4. 道諦	Four Noble Truths: 1. The truth of suffering; 2. The truth of the cause of suffering; 3. The truth of the cessation of suffering; 4. The truth of the path leading to the cessation of suffering
四聖諦塔	Four Noble Truths Stupas
回光返照	final radiance of the setting sun
回向; 1. 回事向理2. 回因向果 3. 回自向他 4. 回小向大 5. 回少向多 6. 回劣向勝 	Dedication: 1. Dedicating phenomena to the absolute; 2. Dedicating cause to effect; 3. Dedicating self to others; 4. Dedicating the small to the large; 5. Dedicating the few to the many; 6. Dedication of the inferior to the superior
回觀面目身清淨 又見乾坤日月明	To once again contemplate the purity of one's face and body; The universe's bright sun and moon are seen once again.
回頭	Turn Around
因果	cause and effect
因果報應	karmic retribution
因果業報，絲毫不爽	causes, conditions and retributions will never get it wrong
因緣	causes and conditions
因緣具足	All Causes and Conditions Present
因緣果	cause, condition, and effect
因緣果報	Causes, Conditions, and Effects
因緣果報，絲毫不爽	there is no error in causes, conditions and retributions
因緣能成就一切	Good causes and conditions lead to success
因緣觀	Causes and Conditions
國定佛誕節暨母親節慶祝大會	National Buddha's Day and Mother's Day Celebration
國定佛誕節浴佛大會	National Buddha's Birthday Bathing the Buddha Celebration
國際三壇大戒戒會	International Triple Platform Full Ordination Ceremony
國際佛光日	International Buddha's Light Day
國際佛光會世界總會會員代表大會	BLIA General Conference
國際佛光會世界總會理事會議	BLIA World Headquarters Board of Directors Meeting
國際佛光會日	Buddha's Light Day
國際佛光青年會議	BLIA Young Adult Conference
國際佛教促進會大陸弘法探親團	Dharma Propagation and Homecoming Group
國際佛教僧伽會議	International Monastic Conference
國際佛教僧伽研習會	International Monastic Seminar
國際佛教學術會議	International Buddhist Academic Conference
國際佛教會議	International Buddhist Academic Conference
國際佛教論壇	International Buddhist Forum
國際佛教青年會議	Buddha's Light International Youth Conference
國際僧伽研習會	International Monastic Seminar
國際書展暨蔬食博覽會	International Book Fair and Vegetarian Expo
國際禪學會議	International Conference on Chan Buddhism
國際素食博覽會	International Vegetarian & Organic Food Festival
國際萬緣三壇大戒	International Triple Platform Full Ordination Ceremony
圍繞	to surround
圓寂	perfect rest
圓滿	Perfection
圓滿七佛事法會	Final Seven-Day Period Chanting Service
圓滿自在	Wholeness and Freeness
圓滿菩提	Perfected Bodhi Wisdom
圓瑛法彙 (圓瑛法師全集)	Complete Collection of Venerable Yuan Ying
圓融	Perfect Harmony
圓覺	Perfect Enlightenment
圓覺經	Sutra of Complete Enlightenment
圓通	universally penetrating
圖利他人	Give others the advantage
團長	President (of group, e.g. BLIA-YAD)
在人間歡喜修行─維摩詰經	Joyful Realizations: Vimalakirti Sutra
在人間自在修行─八識講話	Carefree Living: A Commentary on the Eight Consciousnesses
在家戒會暨啟建水陸法會	Lay Buddhist Precepts Ceremony
在欲而無欲 居塵不染塵	In the face of desire, remain desireless; In a house of dust, stay dust-free.
地無寒谷春常在 家有芳鄰德不孤	A land free of cold valleys that constantly bathes in Spring, A family with good neighbors is never without virtue.
地獄不空，誓不成佛	I shall never attain buddhahood until hell is emptied
地獄門	gate of hell
地球人	A World Citizen
地球高峰會議	Earth Summit
地藏殿	Ksitigarbha Shrine
地藏法會	Ksitigarbha Dharma Service
地藏王	Ksitigarbha
地藏菩薩本願經	The Original Vows of Ksitigarbha Bodhisattva Sutra
均一國民中小學	Junyi Experimental High school
均頭國民中小學	Jun Tou Elementary and Junior High School
坐具	Sitting Mat
坐如鐘	sit like a bell
坐斷十方	to severe all [delusions] in sitting meditation
執著	attachment
執著自我	attachment to the sense of self
執行長	Director
堂主	Director (of SR, meditation hall)
堂頭和尚	Head of Cultivation Center
報恩	repaying others' kindness
報恩愛國	Love and Repay Your Country
報恩法會	Repaying Gratitude Dharma Service
報應	karmic retribution
報施恩	repay kindness
塵勞	affliction
塵盡光生	when dusts are cleared light will shine
塵緣	worldly affinity
增福慧	increase merit and wisdom
增長	to increase, grow
壽山佛學院	Shou Shan Buddhist College
壽山念佛朝山團	Shou Shan Buddhist Chanting and Pilgrimage Group
外參	Visiting Monastic
外緣	External Conditions
外道	Heretics
多一分禮貌 少一分衝動 多一分公義 少一分特權 多一分服務 少一分自私 多一分慈悲 少一分瞋恚	Be a little more polite and a little less impulsive. Be a little more just and a little less privileged. Be a little more of service and a little less selfish. Be a little more compassionate and a little less angry.
多寶佛	Prabhutaratna Buddha
多讀好書使自己芳香 多說好話令別人歡喜  多做好事讓社會祥和  多發好心增人間美麗	Keep reading good books to keep a fragrant mind. Keep speaking good words to bring joy to others. Keep doing good deeds to maintain harmony in society. Keep thinking good thoughts to add beauty to the world.
夜來偈	Midnight Gatha
夢中明明有六趣 覺後空空無大千	Though in my dream the Six Realms were so distinctly real; Upon awakening, the universe is naught but emptiness.
夢幻泡影	dream, illusion, bubble and shadow
大丈夫論	Treatise on the Great Man
大乘理趣六波羅蜜多經	Sutra on the Mahayana Practice of the Six Perfections
大人大忍	Tremendous Benevolence and Patience
大佛城	Great Buddha Land
大佛平台	Big Buddha Terrace
大佛紀念碑	Great Buddha Memorial Plaque
大公無私	Impartiality and Unselfishness
大千世界古 不二法門深	Ancient is the great world of the universe; Profound is the Gate of Non-Duality.
大和尚	master
大唐玄奘	Xuanzang of the Great Tang Dynasty
大唐西域求法高僧傳	Buddhist Pilgrim Monks of Tang Dynasty
大唐西域記	Great Journey to the West
大圓滿覺	Perfectly Awakened One
大圓鏡智	Great Perfect Mirror Wisdom
大地何許熱 慈悲自清涼	However much the Earth may burn; Compassion keeps everything cool.
大地生機	Earth's Vitality
大地眾生，皆有佛性	all living beings possess buddha-nature
大地眾生，皆有如來智慧德相	all sentient beings possess the wisdom and virtues of the Buddha
大士	Mahasattva
大夢夢中原是夢 此山山外更無山	Dreaming inside the great dream, all is but a dream; Mountain outside the mountains, there are no other mountains.
大學委員	University Board Member
大學校長論壇	University Presidents Forum
大寮	Monastery Kitchen
大專青年禪學營	Buddhist Youth Meditation Camp
大導師	the great teacher
大小乘	Greater or Lesser Vehicles
大師	Venerable Master
大師全集	The Complete Works of Venerable Master Hsing Yun
大師館	Main Hall
大悲懺法會	Great Compassion Repentance Service
大悲殿	Great Compassion Shrine
大慈寺	Da Ci Temple
大慈庵	Mahametta Hall
大慈育幼院	Da Ci Children's Home
大智度論	The Great Perfection of Wisdom Treatise
大智殿	Manjusri Shrine
大智若愚 大巧若拙	The Wise Appears Slow-Witted; The Agile Appears Clumsy
大正藏	Taisho Canon
大無畏	great fearlessness
大眾	Assembly
大磬	Big Gong
大神通	great supernatural power
大禮堂	Devotees Auditorium
大肚包容，歡喜自在	with great magnanimity comes joy and perfect ease
大肚能容世間事 善念不染三界塵	A profusion of mundane affairs, A virtuous mind untainted by universes of troubles.
大肚能容天下事 善心不染世間塵	A profusion of mundane affairs, A virtuous mind untainted by worldly troubles.
大般涅槃經	Mahapariniravana Sutra
大般若經	Mahaprajnaparamita Sutra
大菩薩	great Bodhisattva
大藏經宣傳環境布教	Tripitaka Reprinting Dharma Propagating Tour
大覺堂	Great Enlightenment Auditorium
大道中流	The Truth Lies in the Center of Everything
大道中流 一以貫之	The Truth Lies in the Center of Everything; Be Consistent
大道貫之	Be Consistent with the Great Way
大醫王	Great Lord of healing
大醫王	Great Healing King
大阪四大天寺	Osaka's Shitennoji
大陸探親弘法	Dharma Propagation and Homecoming Tour to China
大雄	Great Hero Monthly
大雄寶殿	Great Hero Shrine
大集經	Great Collection Sutra
天上一輪月 人間萬古情	Beneath the one perfect moon; Myriad timeless sentiments.
天上有池能作雨 人間無地不逢花	From the heavenly pond pours the rain; Out of the earthly ground bloom flowers everywhere.
天下一家	One World, One Family
天下一家 共生共榮	A Life Lived in the Three Acts of Goodness; Buddha Is in All Families
天下為公	What Is Under Heaven Is for All
天下為公 仁義貫之	Follow the Common Spirit and Rule; Enacted by Benevolence and Righteousness
天下為公 大道貫之	What Is Under Heaven Is for All; Put the Great Path into Practice
天下為家	The World Is My Home
天下無難事 只怕有心人	Nothing is impossible; It is all in your mind.
天下聖賢仁者壽 世間凡俗禮為先	Among eminent and sagely ones, benevolence outlives all; Out of all worldly formalities, propriety comes first.
天下聖賢仁者壽 世間凡俗禮為尊	Among eminent and sagely ones, benevolence outlives all; Out of all worldly formalities, propriety is the most noble.
天人	Heavenly Beings
天人師	teacher of heavenly beings and humans
天地並壽 日月同光	Timeless Heaven and Earth; Harmonious Sun and Moon
天地人和 日月心光	Humanity and Nature, Harmony; The Sun and Moon, Light of the Heart
天地仁心	Benevolent Mind of Heaven and Earth
天地仁心圓似月 慈悲愛物暖如春	Benevolence of Heaven and Earth alike the perfect moon; Warmth of compassion and loving-kindness alike Spring.
天地吾心	Heaven and Earth Are in My Heart
天地展開日月明 乾坤供養山河清	Above the shining sun and moon stretch boundless Heaven and Earth; Supporting the pure mountains and rivers the antithesis between heaven and earth.
天地悠悠 氣壯山河	Timeless Heaven and Earth; Like Majestic Mountain and River
天地我心	Heaven and Earth Are in My Heart
天地有情唯日月 古今不老是青山	Between Heaven and Earth, the lonely sentient hearts of the sun and moon; Everlasting in time, the never-aging green mountains.
天地為家隨處去 法界似心任君遊	The whole world is the home in which I freely wander; The dharma realm is the heart that awaits you to explore.
天地為心 人間有望	Heaven and Earth Are My Heart; Hope Is in the Human World
天地間仁義最貴 家庭內孝悌為先	Most noble between Heaven and Earth is benevolence and righteousness; Most important in a family is filial piety and duty.
天地間仁義最貴 家庭內慈孝為先	Most noble between Heaven and Earth is benevolence and righteousness; Most important in a family is loving-kindness and dutifulness.
天堂	Heaven
天堂地獄，來來去去	we go back and forth between heaven and hell
天堂地獄一念之間	Heaven and hell are all in a moment of thought.
天外有天，人外有人	there are always people who are better than you
天女散華	heavenly rain of flowers
天寬地闊平淡裏 山明水秀有無中	Up in the endless sky, over borderless land, within simple ordinary life; Scenic mountains, picturesque waters, both nothing and everything.
天寬地闊平淡裏 山青水綠有無中	Up in the endless sky, over on borderless land, within simple ordinary life; Green mountains, verdant waters, both nothing and everything.
天心月圓 花開四季	The Heart of Heaven Is as Round as the Full Moon; Blossoming Flowers in All Four Seasons
天泰地泰三陽泰 家和人和萬事和	Within heaven, earth, and spring: Prosperity; Between family, people, and everything: Harmony.
天真	Innocence
天眼	divine eye
天眼通	Divine Eye
天福	Heavenly Blessing
天童寺	Tiantong Temple
天耳通	Divine Hearing
天長落日遠 義重泰山輕	At the end of the ever-stretching sky sets the faraway sun; True sentiments make even the highest mountains light as clouds.
天開千里月 人安四季春	A clear sky allows the moon to stretch across a thousand miles; A peaceful mind enjoys spring days across all four seasons.
天開美景風雲靜 春到人間氣象新	Beneath an open sky, beautiful vistas and calm clouds; Upon Spring fresh and new opportunities of life.
天香世界	World of Heavenly Scent
天馬幹部	Pegasus Executive
天龍八部皆歡喜 晝夜六時恒吉祥	Joy among the Eight Divisions of Nagas; Auspice throughout every hour of the day.
太平廣記	Extensive Records of the Taiping Era
太虛大師全書	Collection of Works by Master Taixu
太虛弘法專刊	Taixu’s Dharma Propagation Journal
奈何橋	bridge to hell
奉行	Uphold
好事不出門，壞事傳千里	for evil news rides fast, while good news waits later
好事好話存好心 真情真義真人生	Do good deeds, speak good words, think good thoughts; Genuine sentiment, genuine righteousness, genuine life.
好人二十 做高官親切愛民 做商賈誠信為宗 做軍人盡忠報國 做警察無私服務 做法官公平正義 做教師有教無類 做醫生佛手婆心 做農工勤勞作務 做駕駛守則機敏 做藝人正派守份 做記者傳播好事 做長輩愛護後學 做子女孝敬父母 做夫妻互相體諒 做婆媳尊重包容 做朋友重情講義 做鄰居守望相助 做英雄行俠仗義 做富翁樂善好施 做佛子正信守道	Twenty Ways to be Good:  A good high official is approachable and cares for the people.  A good merchant does business based on honesty.  A good soldier is loyal and dutiful to his country.  A good police officer serves selflessly.  A good judge is just and righteous.  A good teacher instructs impartially.  A good doctor is skillful and compassionate.  A good farmer cultivates with diligence.  A good driver is quick but abides by the traffic rules.  A good artist is righteous and disciplined.  A good journalist spreads good news.  A good senior watches over for his juniors.  A good son or daughter is respectful towards their parents.  A good husband or wife is understanding.  A good mother or daughter-in-law is tolerant and accepting.  A good friend is loyal and righteous.  A good neighbor watches out for the community.  A good hero is just and protects the helpless.  A good billionnaire gives generously.  A good Buddhist abides by righteous faith and the Way.
好人好事	Good People and Good Deeds
好兆頭	good omen
好兒童故事集	Three Acts of Goodness Children Stories
好因好緣	Good Causes and Good Conditions
好因緣	Good Causes and Conditions
好心好報	Good Begets Good
好運	Good Luck
好運到	Good Luck Is Here
如人飲水，冷暖自知	only you would know the taste of the water in your mouth
如何修持佛法	Buddhism in Every Step: Starting a Daily Practice
如何參禪	Practices of Ch'an
如何認識佛光山 1.要看佛光山的內容，不要只看佛光山的外相 2.要看佛光山的大眾，不要只看佛光山的個人 3.要看佛光山的制度，不要只看佛光山的個案 4.要看佛光山的歷史，不要只看佛光山的一時	The Directions of Development for Fo Guang Shan Temples 1. Harmony between tradition and modernism. 2. Co-ownership by monastic and lay disciples. 3. Equal emphasis on practice and understanding. 4. Integration of Buddhism, literature and arts.
如來	Tathagata
如來一代時教	The Teachings of Tathagata's Lifetime
如來佛	Tathagata Buddha
如來善護念 福慧自莊嚴	The Tathagata who safeguards his thoughts Is naturally adorned by merit and wisdom.
如來殿	Tathagata Building
如來殿	Tathagata Shrine
如來殿佛牙舍利殿	Tathagata Building Buddha's Tooth Relic Hall
如來藏	Tathagatagarbha
如入寶山空手回	never leave a treasured mountain empty-handed
如如	Thusness
如如不動	Be Unmovable Like the Absolute Truth
如如禪風	Thus Is the Chan Style
如如自在	Thus at Perfect Ease
如實	according to reality
如實知	to understand things as they really are
如影隨形	like shadows following the body
如意	As You Wish
如意	as one wishes
如意寮	sickbay
如是	thus, so
如是如是	Thus Is, Thus Is
如是我聞; 1. 斷三種疑惑 2. 息諍 3. 異邪	Thus Have I Heard: 1. to remove the three doubts; 2. to quell disputes; 3. to distinguish Buddhism
如是觀	Contemplate as Such
如是說	Thus Said
如法	In Accord With
妄念	Delusive Thoughts
妄想	delusive thoughts
妄語	Lying
妙慧講師	Sumati Lecturer
妙成就	Wondrous Accomplishment
妙法	Wondrous Dharma
妙莊嚴	Wondrous Adornment
妙道	Wondrous Way
威儀	Conduct
威德福海 (威德慈心)	awe-inspiring virtue and ocean of prosperity
娑婆	Saha
娑婆世間	Saha World
婦女會議	Women's Fellowship Conference
嫉妒	Jealousy
子德芬芳 眾緣和諧	Prosperous Future Generations, Harmonious Conditions in All
存好心	think good thoughts
學人	student of the Way
學佛	to learn from the Buddha
學佛要學吃虧	To practice the Dharma, practice taking disadvantages
學僧	Practitioner (for monastics in meditation college)
學務主任	Dean of Student Affairs
學務長	Director of Student Affairs
學如川流無止境 名似泡影悟真空	Knowledge is like an everflowing river; Fame is truly but empty bubbles and shadows.
學如川流無止盡 名似泡影悟真空	Knowledge is like an everflowing river; Fame is truly but empty bubbles and shadows.
學法女	Probationary Nun
學海無涯	Learning Is Endless
學海無涯 志在高遠	Learning Is Endless; Aspire for Greatness
學道	Learning the Way
學道之人	practitioners
學養	Knowledge and Virtue
守衛室	Gate House
安單	To Settle at a Monastery
安基動土典禮	Foundation Laying Ceremony
安定	Calm and Unmoving
安定功德	virtue of calmness
安居	Abiding Peacefully
安座啟用典禮	Inauguration and Consecration Ceremony
安忍如山	Be Patient and Steady Like the Mountain
安忍如山 慈心如海	Be Patient and Steady Like the Mountain; Compassion as Great as the Ocean
安於住心	Find Peace in the Mind
安板	signal for lights out
安樂	Stability and Happiness
安樂富有	Comfort and Wealthy
安樂行	Practice of Stability and Happiness
安樂行	pleasant practices
安然也	Peaceful
安然自在	Peaceful and Carefree
安然養性	Nurture a Peaceful Nature
安般守意經	Anapanasmrti Sutra
安詳	serene, peaceful
安貧守道	find happiness in poverty and devotion to the path
安那般那念	mindfulness of breathing
宗史館	FGS Historical Museum
宗委	Board Director
宗教信仰	Religious faith
宗教實踐與釋星雲的早期文學創作	Religious Practice and Early Literary Works by Venerable Master Hsing Yun
宗教對話	Religious Dialogue
宗教法	Religious Law
宗教淨化人心講座	Religions Purifying Human Minds
宗教與社會的融和	Religion and Society in Union
宗旨	cardinal meaning
宗祖殿	Patriarch's Shrine
宗長	Chairperson of the Board of Directors
宗門	religious school
宗門思想	Fo Guang Shan's principles
定力	Meditative Concentration
定慧	Concentration and Wisdom
定課	Daily Practice
定靜慮	Meditative Concentration
宜興國際素博會	Yixing International Vegetarian Expo
客堂	Reception Hall
客塵	external taint
客座	visiting
室雅何須大 花香不在多	A serene place need not be spacious; Fragrant flowers need not be plentiful.
室靜蘭香	Fragrant Orchids in a Serene Chamber
家和	Family Harmony
家和人安 慈心運好	Harmony in the Family Brings Peace; Compassion Attracts Good Fortune
家和萬事興	Harmony Is that Which Brings a Family Prosperity
家國為尊	Honor Your Family and Country
家在天下	The World Is Your Home
家家平安福 戶戶如意春	Every family blessed with peace; Every household bathed in the joy of spring.
家居青天白日下 人在春風和氣中	Abide beneath the blue sky and shining sun; Live within the soothing breeze of spring and harmony.
家庭是生活的暖窩 社會是共有的場所 國家是全民的故土 世界是觀光的樂園	A home is a place of comfort. A society is the ground for coexistence. A country is the land of the people. A world is a playground for travelers.
家有慈悲春日美 人因道德秋月明	Compassion is like the spring sun that shines on the family; Morality is like the autumn moon that keeps one untroubled.
宿報	Past Karma
宿緣	Past Conditions
寂靜聞天籟 心空轉法輪	Hear the heavenly sounds within utter silence; Turn the Dharma Wheel with an empty mind.
密付	Secretly Entrust
密勒日巴	Milarepa
密意	Secret Intentions
密行	Secret Practice
富春山居圖	Dwelling in the Fuchun Mountains
實相	reality
實際	actual
寧動千江水，不動道人心	it is better to stir up a thousand rivers than to disturb a practitioner
寧可正而不足 不可邪而有餘	One would rather be righteous yet insufficient than sufficient yet unrighteous.
寧靜致遠	Still Water Runs Deep
寬則能容 容則能和 和則能平 平則能靜 靜則能安 安則能定 定則能慧 慧則能圓	Lenience leads to tolerance, Tolerance leads to harmony, Harmony leads to fairness, Fairness leads to tranquility, Tranquility leads to stability, Stability leads to concentration, Concentration leads to wisdom, Wisdom leads to perfection.
寬厚	A Broad and Kind Mind
寬可以容人 厚可以載物 勤可以補拙  和可以安家	Magnanimity helps us forgive. Honesty enables us to carry life. Diligence allows us to improve. Harmony keeps us home.
寬容	open-mindedness
寬心	Broadminded
寬恕	Forgiveness
寮口	Dormitory Quarter
寮房	Dormitory
寶塔	Jeweled Stupa
寶座	Jeweled Throne
寶珠	Jewel
寶生佛	Jewel-Born Buddha
寶相	Excellent Marks
寶華	Treasure Flower
寶藏	Treasure Store
寶藏	Treasure
寶鼎讚	Praise of the Jeweled Censer
寺務處	Monastery Services Center
寺院	Monastery
寺院參訪	Buddhism in Every Step: Visiting a Buddhist temple
寺院庵堂; 1. 寺 2. 院 3. 庵 4. 堂 5. 道場 6. 精舍 7. 講堂 8. 伽藍 9. 蘭若 10. 叢林 11. 蓮社 12. 佛剎 13. 學舍 14. 念佛會 15. 佈教所 16. 居士林	Structures and Buildings: 1. Hall; 2. Court; 3. Hermitage; 4. Shrine; 5. Dharma center; 6. Archaic term for monastery; 7. Lecture hall; 8. Monastic park; 9. Rural temple; 10. Monastery; 11. Lotus society; 12. Buddhist pillar; 13. Buddhist learning center; 14. Buddha's name recitation center; 15. Buddhist teaching center; 16. Lay Buddhist association
寺院管理講習會	Seminar on Buddhist Temple Management
封山儀式	Sealing of the Mountain Ceremony
將心比心	to see things through other people's eyes
將歡喜布滿人間	Spread happiness around the world
將軍三洲施感應 寶杆六道降魔軍	The general heeds the calls of the Three Continents; His treasure staff subdues Mara's armies in the Six Realms.
專任教師	Full-Time Faculty
專家學者看佛光山	Fo Guang Shan in the Eyes of Experts and Scholars
專家學者看佛光山 1：人間佛教思想	Fo Guang Shan in the Eyes of Experts and Scholars: Theory of Humanistic Buddhism
專家學者看佛光山 2：人間佛教實踐	Fo Guang Shan in the Eyes of Experts and Scholars: Actualization of Humanistic Buddhism
專家學者看佛光山 3：思想與信仰	Fo Guang Shan in the Eyes of Experts and Scholars: Ideology and Faith
專家學者看佛光山 4：現代化與國際化	Fo Guang Shan in the Eyes of Experts and Scholars: Modernization and Internationalization
專家學者看佛光山 5：教育與藝文	Fo Guang Shan in the Eyes of Experts and Scholars: Education and Arts
專家學者看佛光山 6：貢獻與成就	Fo Guang Shan in the Eyes of Experts and Scholars: Contributions and Achievements
尊敬	Respectful
尊證和尚	Witnessing Acarya
尊重	respect
尊重生命	Respect life
尊重與包容	Respect and Tolerance
對機說法	teaching in conformity with the mental capacity of listeners
對治	to remedy
對牛彈琴	to play the lute to a cow
導師	mentor
小，不能忽視	Smallness not to be overlooked
小品	short version
小品店	Convenience Store
小我	smaller self
小沙彌	sramanera
少煩少惱少欲望 多施多捨多吉祥	Worry less, desire less, be less angry; Give more, share more, be more auspicious.
就是知行合一(一) 善心助人就是安全 萬事如意就是順利 知足無求就是寶藏 身心健康就是財富 隨遇而安就是自在 怡然自得就是快樂 心甘情願就是好意 善緣好運就是機會 信心誠意就是好感 四大調和就是健康 五體健全就是享受 培養功德就是播種 不妒人有就是寬容 人我關懷就是相應 研究發明就是創造 待人誠信就是交往 高位無慢就是賢者 隱惡揚善就是陰德 輕聲細語就是修養 談吐高雅就是文化	....Is (1)  Safety is found in kindness and help.  Smooth-going is when all wishes are fulfilled.  Treasure is found in contentment and desirelessness.  Wealth is the possession of a healthy body and mind.  Perfect ease is peace made with any circumstance.  Happiness is to have inner peace and be carefree.  Kindness is to be perfectly willing.  Opportunity is when good conditions and luck are present.  Fondness is established from confidence and sincerity.  Good health is when the Four Elements are in balance.  Enjoyment is when the body is well and healthy.  To sow seeds is to cultivate merits.  Magnanimity is not to be jealous of others.  Connection is found in mutual care.  Innovation is to research and create.  Fellowship is to be sincere and trustworthy.  Eminence is to be superior yet humble.  Merit is to spread the good of others instead of bad.  Character is shown by speaking gently and softly.  Culture is displayed in one's elegance in conversation.
就是知行合一(三) 噓寒問暖就是心意 親友往來就是和諧 敦親睦鄰就是人緣 父慈子孝就是倫理 人我和諧就是同心 衣食俱全就是福氣 萬事享有就是富貴 家庭美滿就是溫馨 敬老尊賢就是美德 善用時間就是長壽 感恩讚歎就是回報 努力向上就是精進 能上能下就是豁達 眾志成城就是團結 遵守法治就是規章 勤勞服務就是好緣 整潔衛生就是清淨 分工合作就是團隊 不貪名位就是無諍 給人接受就是禮敬	....Is (3)  Care is shown by asking people how they are feeling.  Harmony is friends and family who stay in contact.  Affinity is a neighborhood that watches out for one another.  Ethics is a compassionate father and dutiful sons.  Consensus is to coexist in harmony.  Fortune is to have enough to eat and wear.  Wealth is the ability to enjoy everything.  Warmth is felt in a happy family.  Virtue is to respect the old and venerate the eminent.  Longevity is lived in proper and effective use of time.  Repayment is done with gratitude and compliments.  Diligence is to strive forward.  Open-mindedness is to be able to advance and retreat.  Solidarity is to have unity of will.  Regulation is what must be followed.  Good affinity is established by diligent service.  Purity is achieved by cleanliness and hygiene.  Teamwork is accomplished by task allocation.  Agreement is preserved by not coveting for benefits.  Respect is earned by gaining acceptance in others.
就是知行合一(二) 不爭前後就是風度 廣學多聞就是智能 肯得吃虧就是善因 笑口常開就是歡喜 進退有据就是禮貌 自我肯定就是信心 忍辱負重就是力量 艱難困苦就是考驗 逆境挫折就是磨鍊 感恩報德就是善行 難遭難遇就是緣份 苦盡甘來就是成就 好心好報就是因果 回頭轉身就是反省 慚愧懺悔就是改過 改心換性就是進步 平安吉祥就是福報 心想事成就是如願 風調雨順就是盛世 無瞋無怨就是天堂	....Is (2)  Bearing is demonstrated by not coveting for ranking.  Intelligence is to be well-versed and knowledgeable.  A good cause is willingness to take disadvantages.  Joy is shown on an always smiling face.  Manner is to know the boundaries.  Confidence is to recognize oneself.  Strength is the ability to endure all disgrace.  Trial is an experience of hardship and adversity.  Refinement is gained through adversity and setbacks.  Doing good is to show gratitude and repay others.  Affinity is a rarest opportunity met.  Accomplishment is light at the end of the tunnel.  Cause and effect is a good deed which begets good retributions.  Self-reflection is to turn around and change.  Correction is done by feeling shame and repenting.  Improvement is to change oneself for the better.  Blessing is peace and auspiciousness.  As one wishes is to have things go one's way.  Prosperity is to have favorable weather.  Heaven is to be without anger or resentment.
就是知行合一(四) 舉手之勞就是結緣 邊做邊學就是成長 和顏悅色就是待人 事業順利就是運氣 同體共生就是關係 截長補短就是方便 否極泰來就是忍耐 動心忍性就是耐煩 反躬自問就是覺醒 去偽存真就是明心 排難解紛就是善巧 活在當下就是承擔 應世無畏就是勇敢 智慧靈巧就是般若 安住身心就是禪修 信解行證就是次第 心中有佛就是定位 禪心定力就是悟道 一念不生就是果位 慈悲喜捨就是菩薩	....Is (4)  Affinity is developed by readily offering a helping hand.  Growth is achieved by learning in doing.  Kindness is shown by a kind and pleasant countenance.  Luck is when one's career goes well.  Relationship is maintained by coexisting as one.  Convenience is made by drawing on the strength of each to offset the weakness of the other.  Endurance is to persist through to the end.  Patience is to have a controlled temper.  Awakenment is attained by introspection.  To see one's mind is to stay true.  Agility is the ability to reconcile disputes.  Responsibility is to live in the present moment.  Courage is to face the world fearlessly.  Prajna is wisdom and agility.  Meditation is to calm the body and mind.  The Order of practice is faith, understanding, practice, and realization.  Stance is realized by bearing the Buddha in mind.  Enlightenment is the Chan Mind and meditative concentration.  Attainment is to be without even a single arising thought.  A bodhisattva is a symbol of kindness, compassion, joy and equanimity.
居士	householder
居士傳燈錄	Record of Lay Buddhists
居士學佛的次第	Stepping Stones of Learning Buddhism for Lay Practitioners
居士林	Lay Buddhist's Association
居正人和 我心無愧	Abide in Righteousness, Maintain Interpersonal Harmony; I Am With a Clear Conscience
山中參妙道 世外息染塵	Attain the wondrous Way inside the mountains; Settle the dust of life away from the world.
山中日月自來去 天際浮雲無是非	The sun and moon come and go naturally and freely in the mountains; The depth of the sky is perceived only on a cloudless day.
山川異域 日月同天	Though Mountains and Rivers Are of Foreign Lands; The Sun and Moon Are All Beneath the Same Sky.
山明水秀風光好 鳥語花香景色佳	A picturesque scenery of green hills and clear waters; A beautiful place with chirping birds and fragrant flowers.
山林增輝	Flourishing Forest
山水情懷	Nature's Sentiment
山水禪	Mountain and Water Chan
山水禪心	The Chan Mind Found in Mountains and Water
山河並壽	Timeless Mountains and Rivers
山河增天色 日月放光明	Mountains and rivers add color to the sky; Sun and moon illuminate the world.
山看雲變化 我悟心無窮	As mountains look upon fleeting clouds, I awaken to my infinite heart.
山縱橫高低無礙 雲舒卷來去自如	Either broad or steep, mountains range unobstructed; Whether coming or going, clouds stretch with ease and freedom.
山色隨雲秀 佛燈共日長	Mountain colors change with fleeting clouds; Buddha's light shines along the days.
山谷幽蘭	Orchids in Secluded Valleys
山門; 1. 智慧門 2. 慈悲門 3. 方便門	Mountain Gate: 1. the gate of wisdom; 2. the gate of compassion; 3. the gate of skillful means
山門彌勒像	Maitreya Buddha Statue
山門日報	Monastery Daily News
山高水長	Lofty Mountains and Everflowing Water
岳飛傳	The Story of Yue Fei
崇拜	Worship
巡香	Patrol
巧智慧心	Skillful Wisdom and Enlightened Mind
巧智慧心 收放自如	Skillful Wisdom and Enlightened Mind; Maintain Control of Every Step Forward and Backward at Perfect Ease
布教	propagation
布施	generosity
布施真理	giving the Truth
布施結緣	giving and developing good affinities
布薩	Posadha
希有	Rare
希望在前	Hope Is Ahead
希望在前 明天更好	Hope Is Ahead; Tomorrow will be Better
帝釋天	Sakra Devanam-indra
師兄	Dharma Brother
師公	Grandmaster (master's master)
師姐	Dharma Sister
師姑	Shigu (female semi-monastic)
師父	Master
常不輕	Never Disparage
常不輕	Sadaparibhuta
常住	monastery
常住	Permanence
常務副住持	Executive Deputy Abbot
常務委員	Executive Board Member
常寂光	Eternally Tranquil Light
常樂我淨	Eternity, Bliss, Self, and Purity
常樂柔和忍辱法 安住慈悲喜捨中	Find joy in gentleness and patience; Abide peacefully in kindness, compassion, joy, and equanimity.
平安	Safety and Peace
平安即是家門福 慈孝可為子孫傳	Safety and wellbeing are a family's blessings; Love and dutifulness are a family's heritage.
平安吉祥	Safety and Auspiciousness
平安吉祥	Peaceful and Auspicious
平安如意	Peace, Stability, and Wishes Fulfilled
平安就是家門慶 慈孝可為子孫傳	Safety and wellbeing are a family's celebration; Love and dutifulness are a family's heritage.
平安山青家家慶 慈孝人間戶戶春	Safe in nature's abundance, it is celebration for a family; Love and kindness in the world, it is joy for every home.
平安燈法會	Festival of Light and Peace
平安福	Peace Is a Blessing
平安粥	Peace and Safety Porridge
平安自在	Peace and Perfect Ease
平常一樣窗前月 才有梅花便不同	In the presence of plum blossoms; The same moon outside the window is then different.
平常心	Ordinary Mind
平心靜氣	Be Calm and Peaceful
平心靜氣天真路 待人真誠意味長	Peaceful and calm, one embarks on the road to simplicity; Sincere and earnest, one establishes timeless affinity.
平等	equality
平等觀	Mind of Equality
年年不忘春耕 自然可以收成 時時不離助人 自然能得人緣 念念不起惡心 自然不生業果 處處不論人我 自然沒有是非	If you cultivate diligently every spring, good harvest is all in good time. If you always lend a helping hand, good affinity is all in good time. If you refrain from unwholesome thoughts, good retribution is all in good time. If you stop gossiping, good relationships are all in good time.
年豐人增壽 春早福滿門	A bountiful year brings longevity; An early Spring fills a family with fortune.
幸福	Happiness
幸福安樂	Happiness and Peace
幸福要自我去感受 生活要自我去滿足 進步要自我去實踐 收成要自我去播種 健康要自我去維護 人緣要自我去培養 成功要自我去努力 安心要自我去調適	Discover happiness yourself. Fulfill life's needs yourself. Truly improve yourself. Sow before you harvest. Stay in good health yourself. Develop good affinities yourself. Strive to succeed yourself. Change your own mind to feel safe.
幹部講習會	Leadership Training Seminar
幽蘭藏於深谷 珍珠藏於海底 寶玉藏於琢磨 鋼鐵藏於冶鍊 大器藏於晚成 顯達藏於謙卑 聖賢藏於陋巷 大智藏於愚拙	Orchids are found in deep valleys. Pearls are found in the depths of oceans. Jade is found in polishing and refinement. Steel is found in refinement and forging. Greatness is found in slow maturation. Nobility is found in humbleness. Sages are found in back alleys. The wise are found in slow-wittedness.
度一切苦厄	Overcome All Sufferings
度化	Deliver
度眾	Deliver Sentient Beings
度眾生	to liberate sentient beings
度脫三千界 光明滿十方	Transcend the three thousand realms; Illuminate all ten directions of the world.
庫房	Storage
庵摩羅果	amala fruit
廣結善緣 天下為家	Develop Broad and Good Affinity with Others; The World is My Home
建立人間佛教的性格	Establish a characteristic of Humanistic Buddhism
弄猢猻	play with a monkey
引禮	Guiding Venerable (for Dharma service, retreat)
弘法	Dharma Propagation
弘法利生	Propagate the Dharma to Benefit Sentient Beings
弘法利生	Spreading the Dharma to benefit all sentient beings
弘法是家務 利生為事業	Dharma propagation is my duty; Serving people is my mission.
弘法活動	Dharma propagation event
弘講師	Dharma Lecturer
弘道	Propagation of the Way
弘願	Grand Vows
弟子	disciple
彌勒	Maitreya
彌勒佛	Maitreya Buddha
彌勒佛聖誕	Maitreya Buddha's Birthday
彌勒菩薩上生經	Sutra on the Ascent of Maitreya
彌勒菩薩下生經	Sutra on the Descent of Maitreya
彌蘭陀王	King Milinda
彌陀	Amitabha
彰化市社區大學	Changhua Community College
彼岸	the other shore
往事百語	Hsing Yun’s Hundred Saying Series
往生	to be reborn
往還	to depart and return
待人要如春風 處世要如夏蓮 律己要如秋菊 利他要如冬陽	Treat others gently like the spring breeze,  Face the world calmly like the summer lotus,  Act with discipline like the autumn chrysanthemum,  Help others with warmth like the winter sun.
待人須方圓自在 處世要寬嚴得宜	Treat others with appropriateness and perfect ease; Face the world by being suitably lenient or strict.
律儀	Vinaya and Rules
徒眾講習會	Monastic Seminar
得戒和尚	Sila Upadhyaya
從入世的生活說到佛教出世的生活	Worldly Living, Transcendental Practice
從六祖壇經談到禪宗教學的特質	A Glimpse of Chan through the Sixth Patriarch’s Platform Sutra
從六祖壇經談禪宗教學的特質	Chan Teachings of Huineng
從四聖諦到四弘誓願	From the Four Noble Truths to the Four Universal Vows
從容	Calm and Composed
從容自在	Live Calmly and Composed
從教學守道談到禪宗的特色	Teaching, Learning, and Upholding the Way in Chan Buddhism
從金剛經說到般若空性的研究	The Diamond Sutra and the Study of Wisdom and Emptiness
從阿彌陀經說到淨土思想的建立	The Amitabha Sutra and the Pure Land school
微塵	fine dust
微塵劫	kalpas as many as fine dust
微妙	subtle, profound
微笑的好處 微笑使煩惱得到解脫  微笑令頹唐獲得鼓勵 微笑使疲勞可以放鬆 微笑令悲傷得到安慰	The Goodness of Smiling A smile relieves us from our worries, A smile helps us get back on our feet, A smile soothes us from our weariness, A smile comforts us from our pains.
德國佛教傳道會	1. Buddhistischen Missionsverein fur Deutschland; 2. Buddhist Missionary Association of Germany
徹悟	Thorough Understanding
徹悟	Thorough Attainment
徹悟人情	Gain a Thorough Understanding of the Ways of People
心中寬廣山川小 眼內澄清日月明	An open mind contains something grander than mountains and rivers; Clear and dustless eyes hold visions of the bright sun and moon.
心中幻相皆成妄 夢裏功名總是空	Within the mind, unreal thoughts are naught but delusions; Inside the dream, fame and gain are naught but empty.
心中有道	Be Mindful of the Way
心中煩惱無明即地獄 心中菩提正見即天堂 心中憂悲苦惱是娑婆 心中安樂幸福是淨土	Affliction and ignorance take one to hell. Bodhi and right view take one to heaven. Sadness, sorrow, trouble, and affliction take one to the Saha World. Happiness, peace, and joy take one to the Pure Land.
心中要有什麼?(一) 心有善根開花結果 心能勤奮成果豐碩 心有標準分別善惡 心能忍耐逆來順受 心有義氣加強服務 心能忠誠鞠躬盡瘁 心有孝道孝養父母 心能仁德寬厚待人 心有信用一諾千金 心能體貼溫柔友愛 心有和順從善如流 心能平等理事均衡 心有正直公私分明 心能靈巧受人尊重 心有分寸進退得宜 心能慚愧肯予認錯 心有悲憫同體共生 心能學習虛心受教 心有動力實踐理想 心能慈悲給人方便	What to Keep in Mind (1) Keep virtue in mind to let it grow and bloom. Keep diligence in mind, fruitful harvests shall follow. Keep principle in mind to tell right from wrong. Keep patience in mind, you shall be able to withstand mistreatments.  Keep righteousness in mind to be of greater service to the world.  Keep loyalty in mind, you shall be able to exert your utmost effort. Keep filial piety in mind to care and provide for your parents. Keep benevolence in mind, you shall be able treat others with kindness. Keep trustworthiness in mind to keep your promises. Keep consideration in mind, you shall be gentle and friendly. Keep deference in mind, follow the right conditions to live. Keep equality in mind, you shall balance practice and understanding. Keep justice in mind to remain fair in private and public matters. Keep mental agility in mind to win the respect of others. Keep propriety in mind, you shall conduct yourself appropriately. Keep shame in mind to readily admit your mistakes. Keep sympathy in mind, you shall be able to coexist with all beings. Keep openness in mind, you shall be able to learn with humbleness. Keep motivation in mind to realize your dreams.  Keep compassion in mind, you shall make life easier for others.
心中要有什麼?(二) 心有歡喜樂天知命 心有主張自我肯定 心有柔和克服剛強 心有情理人會歡迎 心有聖賢行為模範 心有大眾和諧團結 心有誠意金石為開 心有勇氣應世無畏 心有法理任運自在 心有信仰必能得救 心有煩惱轉為菩提 心有願力成就佛道 心能捨得廣結人緣 心能鎮定從容不迫 心能寬厚含容萬物 心能正派不會偏頗 心能廉恥美冠麗服 心能精進往好處想 心能德化擁有法樂 心能自覺真如門開	What to Keep in Mind (2)  Keep joy in mind to know your mandates.  Keep belief in mind to recognize yourself.  Keep gentleness in mind to remain unyielding against toughness.  Keep reason in mind to be welcomed by others.  Keep sagely exemplars in mind to emulate their eminence.  Keep the community in mind to maintain harmony and solidarity.  Keep sincerity in mind and you can move even mountains.  Keep courage in mind to remain fearless in the world.  Keep order in mind to proceed freely in life.  Keep faith in mind to stay close to salvation.  Keep afflictions in mind for they are the pre-existence of bodhi wisdom.  Keep vows in mind to reach Buddhahood.  Keep generosity in mind to broadly develop good affinities.  Keep calmness in mind to remain collected and composed.  Keep kindness in mind to embrace all forms of existence.  Keep rectitude in mind to not be led astray.  Keep honor and shame in mind as your most majestic adornments.  Keep diligence in mind and always think on the bright side.  Keep morality in mind to taste the joy of Dharma.  Keep self-awareness in mind to open up the gate to your true self.
1 心中要有根 才能開花結果 2. 心中要有願 才能成就事業 3. 心中要有理 才能走遍天下 4. 心中要有德 才能涵容萬物 5. 心中要有道 才能擁有法樂 6. 心中要有佛 才能任運自在	Always think of our roots if we wish to harvest fruitful results. Always think of vows if we wish for a successful career. Always think of reasons if we wish to set foot all over the world. Always think of virtue if we wish to embrace the entire universe. Always think of the Path if we wish to have the joy of Dharma. Always think of the Buddha if we wish to have perfect ease.
心二十 心光則明 心明則淨 心淨則清 心空則有 心正則定 心定則安 心慧則圓 心圓則滿 心悅則喜 心公則平 心寬則容 心融則和 心和則誠 心平則靜 心大則廣 心廣則開 心好則美 心慧則巧 心慈則善 心誠則靈	Twenty Conditions of the Mind  When the mind is illuminated, there is brightness. When the mind is bright, there is purity. When the mind is pure, there is clarity. When the mind is empty, there is everything. When the mind is virtuous, there is calm. When the mind is calm, there is peace. When the mind is wise, there is perfection.  When the mind is perfect, there is completeness. When the mind is joyful, there is happiness. When the mind is fair, there is equanimity. When the mind is magnanimous, there is tolerance. When the mind is harmonious, there is peace. When the mind is peaceful, there is sincerity. When the mind is fair, there is tranquility. When the mind is vast, there is broadness. When the mind is broad, there is openness. When the mind is kind, there is beauty. When the mind is wise, there is agility. When the mind is loving, there is kindness. When the mind is sincere, anything is possible.
心似海洋 行如風雲	A Mind Like the Ocean; Actions Like the Wind and Clouds
心佛相應	Buddha and the Mind Are One
心到謙時能受益 事非經過不知難	A mind in a state of humbleness is largely at a gain; The Truth after the experience is not difficult to grasp.
心包太虛	A Mind That Embraces the Vast Emptiness
心包太虛 量周沙界	A Mind That Embraces the Vast Emptiness; A Heart Boundless as Myriad Worlds
心口妙香	Fragrant Mind and Speech
心口芬芳	Fragrant Thoughts and Words
心口芳香 生命放光	Fragrant Thoughts and Words; Let Your Life Shine
心同流水淨 身與白雲輕	Pure as the crystal stream is this heart; Light as the white clouds is this body.
心和氣平	Calm and Collected
心圓果滿	An Attained Mind and Fruitful Results
心地	Mind Ground
心地光明因有月 性天清淨為無塵	The mind's ground is illuminated because of the moon; The nature's sky is untainted because of purity.
心境	Mental State
心大口小	Broad Mind, Small Mouth
心大口小 人緣更好	Broad Mind, Small Mouth; Better Personal Relationships
心好一切好	When the Heart Is Good, Everything Is Good
心好人美	When the Heart Is Good, One Is Beautiful
心好人間善 氣和天地美	Kindness makes the world a better place; Harmony makes the universe beautiful.
心好命好 平安到老	A Good Mind Leads a Good Life; Peace Shall Accompany Till Old Age
心好命更好	Kindness Makes Life Even Better
心好福來	A Good Heart Attracts Good Fortune
心好自在	When the Heart Is Good, One Is at Perfect Ease
心如光華	A Heart Like Light
心如大千	A Mind as Great as the Universe
心如大地	The Mind Is Like the Earth
心如大海無邊際 廣植淨蓮養身心	Let the mind be like the vast boundless ocean; Nurture yourself like extensively planted pure lotuses.
心如將軍能行令	the mind is like a general who takes command
心如明月	A Mind Bright as the Moon
心如明月連天地 性似虛空徹底清	A heart as radiant as the moon that links Heaven and Earth; A nature as crystal-clear as the vast emptiness.
心如明月連天淨 性似虛空徹底清	A heart as radiant as the moon that spans the clear sky; A nature as crystal-clear as the vast emptiness.
心如淨華	A Mind as Pure as Flowers
心如淨蓮 月明千里	A Mind Pure as a Lotus; A Clear Moon Shining Far and Wide
心如滿月	The Mind Is Complete Like the Full Moon
心如猿猴難安住	the mind is like a restless monkey
心如秋月 光照十方	A Mind Like the Autumn Moon; Light Shining in All Directions
心如秋月明 意似春風暖	A heart cool like the autumn moon; A mind warm like the spring breeze.
心如蓮花不著水 性似日月不住空	Let the mind be a lotus that emerges dry from water; Let your nature be the sun and moon that course freely in the sky.
心安否	Is Your Mind at Peace?
心安性定	A Peaceful Mind and Unfaltering Nature
心安茅屋穩 性定菜根香 世事靜方見 人情淡始長	A peaceful mind stays in an unshakable hut. A steady nature tastes delicacy in vegetable roots. A calm observer detects the unseen in this world. A bland relationship is the one to last long.
心安茅屋穩 性定菜根香	A mind at ease finds safe abode in a thatched hut; A peaceful nature finds fragrant taste in a vegetable root.
心志開展	Soaring Aspirations
心念	Thoughts
心意和樂	Peaceful and Happy Mind
心意識	mind, thought, and perception
心懷仁慈	Be Kind and Compassionate
心懷大千	Embrace the Whole World
心懷天下	A Mind That Embraces the World
心懷度眾慈悲願，身似法海不繫舟，問我一生何所求，平安幸福照五洲。	With mind as vast and boundless as emptiness, A body like an unbound boat that sails the ocean of Dharma. What merit and virtue have I accomplished in this lifetime? Peace and happiness shines upon the five continents.
心懷度眾慈悲願，身似法海不繫舟，問我平生何功德，佛光普照五大洲	A heart with compassionate vows to save sentient beings My body is that of the Dharma ocean that binds no boats Ask me what have I achieved in this lifetime? May the Buddha’s Light shine over the five continents.
心懷法界 志在十方	A Mind That Embraces the Dharma Realm; Aspiration to Soar into the Entire World
心是什麼? 1. 心如猿猴難控制 您能把心管好嗎 2. 心如電光剎那間 您能掌握心意嗎 3. 心如野鹿逐聲色 您能照見虛妄嗎 4. 心如盜賊劫功德 您能降伏心魔嗎 5. 心如怨家身受苦 您能遠離對立嗎 6. 心如童僕難喚使 您能平心靜氣嗎 7. 心如國王能行令 您能與人為善嗎 8. 心如泉水流不盡 您能布施大眾嗎 9. 心如畫師描彩繪 您能美化世界嗎 10. 心如虛空大無邊 您能包容萬有嗎	What is the Mind Like? The mind is like a wild monkey,  can you control it? The mind is like a flash of lightning, can you grasp it? The mind is like a deer chasing sound and color, can you dispel the delusions? The mind is like a bandit that plunders your merits, can you subdue this demon? The mind is like a foe causing pain to the body, can you reconcile the conflicts? The mind is like a restless child, can you remain calm and composed? The mind is like a king in command, can you oblige others? The mind is like an inexhaustible spring, can you be generous? The mind is like a painter, can you make the world beautiful? The mind is like a boundless void, can you embrace the myriad matters?
心有寶藏	The Mind Has Treasures
心有尺寸	Always Know Your Place
心有方圓	Remain Clear on Your Principles
心正人安	A Righteous Mind Brings Peace
心正人間善 氣和天地寬	Righteousness makes the world virtuous; Harmony makes the universe boundless.
心正人間善 氣和天地美	Righteousness makes the world virtuous; Harmony makes the universe beautiful.
心正則本立 本立則道生 道生則心淨 心淨則自然	An upright character establishes one's principle. An established principle nurtures the Way. A nurtured Way purifies the mind. A purified mind brings perfect ease.
心正山河壯 人和萬事興	Righteousness begets a prosperous kingdom; Interpersonal harmony begets all success.
心正山河壯 家和萬事興	Righteousness begets a prosperous kingdom; Family harmony begets all success.
心海	The Heart's Ocean
心海慈舟	A Ferry of Compassion in the Mind's Ocean
心海明月	A Heart Like the Ocean and Bright Moon
心淨	A Pure Mind
心淨一切淨	A Pure Mind Makes Everything Just as Pure
心淨國土淨 人成即佛成	A pure mind sees the world just as pure; An attained character is no different from buddhahood.
心淨土淨 人成佛成	A Pure Mind Makes Everything Just as Pure; Buddhahood Is Attained When Human Characters Are Perfected
心清水見月 意淨天無雲	Clear is the heart that sees the moon; Pure is the mind beneath a cloudless sky.
心游禪海 清涼自在	Traverse the Ocean of Chan; Remain Calm and Cool
心游綠水青山外 人在黃花翠竹間	In mind I roam amidst the mountains and rivers; In person I am among the bamboos and flowers.
心源活水	Open Mind, Everflowing Water
心源無風雨 古人惜寸陰	At the heart's source lies neither wind nor rain; As per the ancients, time is priceless.
心源無風雨 浩氣養乾坤	At the heart's source lies neither wind nor rain; With awe-inspiring virtue the world is nurtured.
心燈	Lamp of the Mind
心猿意馬	the mind is like a wild monkey and galloping horse
心甘情願	Perfectly Willing
心甘情願 永往直前	Perfectly Willing; Forge Bravely Ahead
心田(地)不長無明草 覺苑長開智慧花	The mind's ground does not grow weeds of ignorance; The court of enlightenment blooms flowers of wisdom.
心的功用 鬧時練心安靜自在 獨時慎心不可妄為 亂時定心集中精神 怒時忍心沒有差錯 傷時療心恢復健康 勞時專心工作易成 苦時轉心化苦為樂 錯時改心必能成功 迷時悟心回歸正道 妄時真心迷途知返 靜時養心禪修增上 坐時觀心能知得失 立時守心思前想後 行時小心安全第一 言時留心說話謹慎 學時省心容易成就 動時穩心不會冒失 做時用心易達目標 富時捨心推己及人 睡時放心身心安然	The Mind in Function Train the mind in moments of clamor, remain calm and at ease. Caution the mind in moments of solitude, refrain from thoughtless actions. Concentrate the mind in moments of chaos, stay in focus. Withhold the mind in moments of anger, do not take any wrong steps. Recuperate the mind in moments of hurt, regain good health. Commit the mind in moments of hard work, goals will be accomplished. Transform the mind in moments of pain, turn it into joy. Amend the mind in moments of fault, success is within reach. Awaken the mind in moments of ignorance, return to the righteous path. Keep the mind genuine in moments of confusion, don't stay astray. Nurture the mind in moments of quietude, improve your meditative skills. Contemplate the mind in moments of meditation, remain aware of your gains and losses.  Guard the mind in moments of success, be cautious with every step. Alert the mind in moments of motion, safety comes first. Admonish the mind in moments of speaking, be careful with your words. Reflect on the mind in moments of learning, achievement are within reach. Steady the mind in moments of action, don't do anything abrupt. Attend to the mind in moments of work, goals are possible. Let go of the mind in moments of wealth, put yourself in others' shoes. Rest the mind in moments of sleep, gain mental and physical peace.
心真性美 花香月圓	Genuine Heart, Beautiful Nature; Fragrant Flowers, Perfect Moon
心空天地寬 意靜風浪平	Within an empty mind is a boundless Heaven and Earth; Across a serene mind are calm winds and waves.
心空萬有	An Empty Mind Embraces Myriad Existences
心經	Heart Sutra
心美如華	A Heart as Beautiful as the Flowers
心美如華 人正似松	A Heart as Beautiful as the Flower; A Character as Upright as the Pine
心能轉境	The Mind Can Change the Circumstance
心花綻放	Flower of the Mind Blossoms
心花開	blossoming of the mind
心花開放	Flower of the Mind Blossoms
心解脫	liberation of mind
心量	Magnanimity
心隨境轉	the mind changes with the circumstances
心靈加油站	spiritual service center
心靜風浪平 性空天地寬	A serene mind sees no raging waves; An empty nature lives in a big world.
心香合十	A Fragrant Mind with Joined Palms
忍耐就是力量	Endurance is power.
忍辱	patience
志在天下	A Will as Great as the Entire World
志在高遠	Aims Far and High
志學有恒 成功在望	Aspire with Persistence; Success Is within Reach
忙，就是營養	Keeping busy is the best nourishment
忙是營養	Being Busy Nourishes You
忠孝仁愛	Loyalty, Filial Devotion, Benevolence
忠孝仁愛 信義和平	Loyalty, Filial Devotion, Benevolence ; Righteousness and Peace
忠孝信義無古今 仁山智水有真心	Loyal, dutiful, honest, and righteous minds transcend past and future; Majestic benevolence and everflowing wisdom reveal a true heart.
忠孝信義無古今 仁山智水有真情	Loyal, dutiful, honest, and righteous minds transcend past and future; Majestic benevolence and everflowing wisdom reveal a true sentiment.
忠孝為道	Loyalty and Filial Piety Are the Way
忠義仁孝 傳家有道	Loyalty, Righteousness, Benevolence, Filial Piety; Make These the Family Legacy
忠義傳家	A Family Legacy of Loyalty and Honor
忠義愛國	Loyalty, Righteousness, Patriotism
念佛	to chant Buddha's name
念佛七	seven-day chanting retreat
念佛共修	Amitabha Chanting Service
念佛感應往生記	Experiences of Passing Away Under Buddha’s Blessings
念佛祈福超薦法會	Chanting and Dharma Prayer Service
念力	Power of the Mind
念法	Way of Contemplation
念清淨	Pure Mind
念珠	Chanting Beads
念經	Chanting Sutras
念誠即念念離念 心直則心心印心	A thought, once earnest, is free of thought in every thought; A heart, when simple, is a heart connected to every heart.
怒濤月刊	Raging Waves Monthly
思惟	Contemplate
思源	Remember Your Origin
性真心美	Genuine Nature, Beautiful Heart
性美心真	Wonderful Nature and True Mind
怨恨	Resentment
怨親	Foes and Kin
怨親平等	to treat friend and foe alike
恆河之聲	Sounds of the Ganges River
恆河沙	Sands of the Ganges
恆河沙數	as innumerable like the sands of the Ganges
恒河	Ganges River
恕道	Forgiveness
恩愛	affection
恬淡	Unattached and Content
恬淡以明志 寧靜而致遠	Remain detached in order to clarify your principles; Stay serene to keep your perspectives broad.
恭敬	Respect
恭迎佛牙舍利顯密護國祈安法會	Welcoming the Buddha's Tooth Relic: Sutric and Tantric Dharma Service for the Protection and Peace of the Country
恭送佛指舍利法會	Farewell Ceremony for the Buddha's Finger Relic
悅眾	Apprentice (yuezhong, lit. “please all”)
悅眾	karmadana
悉達多太子音樂劇	Siddhartha: The Musical
悟也麼	Awakened Yet?
悟佛之見	Realize the Views of Buddha
悟在今朝	Enlightenment Happens Here and Now
悟在心中 道在當下	Awakening Is in the Mind; The Path Is in the Present Moment
悟在當下	Enlightenment Is in the Present Moment
悟徹我身原是夢 誰知此境亦非真	Awaken to the fact that this body is but a dream; Who is to know that nothing now is real either.
悟心活水	An Enlightened Mind Flows Freely Like Water
悟本性無非佛性 了凡心即是聖心	Attaining the Buddha nature is none other than realizing one's intrinsic nature; Seeing the sagely mind is no different from seeing the ordinary mind.
悟禪	Enlightened in Chan
悟道人生	Live with Awakenment to the Path
您我有緣成伴侶 慈悲同心慶家門	Affinity has brought you and I together as life companions; With compassion and unity we shall celebrate our family.
您要有願心 世界無遠近 您要肯發心 人間無苦樂	Once you have vows,  The entire world will reach out to you;  Once you have aspirations, The world shall be without suffering or joy.
悲塔	Stupa of Compassion
悲心	Merciful Heart
悲智	Compassion and Wisdom
悲智雙運萬德具 行解並重福慧圓	With dual practice on compassion and wisdom we become ever virtuous; With dual emphasis on practice and understanding we become ever blessed.
悲智雙運	Practice Compassion and Wisdom Simultaneously
悲智雙運 萬家生佛	Practice Compassion and Wisdom Simultaneously; There Is a Buddha in Every Family
悲智雙運萬德具 行解並重福慧增	With dual practice on compassion and wisdom we become ever virtuous; With dual emphasis on practice and understanding we become ever blessed.
悲智願行	Compassion, Wisdom, Vow, and Practice
悲觀	contemplation on loving-kindness
悲願	Compassionate Vow
情義	Commitment and Righteousness
情義人生	A Life Lived in Commitment and Righteousness
情義人生 有您真好	A Life Lived in Commitment and Righteousness; It's Good to Have You
惜福	Cherish One's Blessings
惟有洗心能革面 雖非造極已登峰	Only by cleansing the heart can one be self-reformed; Though not yet perfected one is already at the top.
惠山泥人特展	Huishan Clay Dolls Exhibition
惡道	evil path
想的種種 粗心大意不堪設想 生氣怨懟苦思惡想 愛慕虛榮貪心妄想 兩人相愛朝思暮想 不勞而獲出於空想 煩惱困苦胡思亂想 希望難成只有呆想 白日升天出於夢想 開車上路心無二想 包容異己開明思想 發展創新突發奇想 談判協商左思右想 彼此吵架退一步想 改正過錯沉靜默想 勤奮用功行思坐想 準備計劃千慮萬想 隨時結緣不起貪想 入道修行淨心冥想 禪淨共修一心觀想 真如佛性有道無想	Ways of Thinking  Negligence will cause unimaginable outcomes.  Anger and resentment are mere bad intentions.  Vanity is mere greed and fantasy.  Being in love is mere day and night yearnings.  Wanting to reap without sowing is a mere pipe dream.  Affliction and trouble are mere wild fancies.  Unfulfilled hope is a mere daydream.  To reach the sky in a single bound is a mere dream.  Driving safely requires undivided attention.  Tolerance for those who are different requires an open mind.  Progress and innovation require sudden inspiration.  Negotiation requires careful deliberation.  Reconciliation of a quarrel requires thoughts of compromise.  Correction of one's faults requires silent contemplation.  Diligent study requires quiet reflection.  A well-thought plan requires careful consideration.  To readily develop affinities requires non-attachment.  Spiritual cultivation requires mind-purifying meditation.  Chan and Pure Land practice need devoted reflection.  True Buddha nature knows the Way and thinks no thoughts.
意似春風暖 心如秋月明	A mind as warm as the spring breeze; A heart as cool as the autumn moon.
意志	Willpower
意靜不隨流水轉 心閑還笑白雲飛	A mind, once tranquil, never goes with the flow; A heart, once at ease, amused even by clouds.
意靜風浪平 心空天地寬	A mind as calm as the ocean; A heart as empty as the sky.
愚公移山	Unwitty but Determined
愚痴	Ignorance
愛就是惜	To love is to treasure
愛人如己	to love others as much as we love ourselves
愛人者人恆愛之	He who respects others will be respected by them.
愛別離	being apart from those we love
愛國報恩	Love and Repay Your Country
愛惜	cherish
愛是苦的根源	Ordinary love is the root of suffering.
愛河	river of desire
愛物惜物	cherish one's blessings and possessions
愛的淨化是慈悲，愛的提昇是智慧	Purified love is compassion, and elevated love is wisdom
愛與和平宗教祈福大會	Love and Peace Prayer Ceremony
愛語	loving words
愛語像春風 良言如冬陽 真心似光明 慚愧同美服	Loving words are like the spring breeze, Earnest advice is like the winter sun, Sincere hearts are like bright lights, Shame is like an adornment.
愛道	Affinity for the Way
感動是最美的世界	Being moved is most beautiful
感動最美	A Touched Heart Is Most Beautiful
感恩	Gratitude
感應	divine connection
慈善	Compassion and Virtue
慈善愛心輪椅捐贈	Charity and Care Wheelchair Donation
慈善救濟活動	charitable aid programs
慈如春風 善如時雨	Loving Care is like the Spring Breeze; Kindness Timely Rain
慈孝	Compassion and Filial Piety
慈心日月	Kind Heart, Like Sun and Moon
慈忍安邦 應世無畏	Guard the Nation with Compassion and Tolerance; Face the World Without Fear
慈忍為力 仁義興家	Compassion and Tolerance are Strengths; Benevolence and Righteousness Keeps a Family Together
慈恩	Compassion and Kindness
慈恩浩蕩	Kindness of Boundless Compassion
慈悲	Compassion
慈悲乃大 取捨有得	Compassion is Greatness; Let Go and Pick Up Accordingly
慈悲人	A Compassionate One
慈悲信願	Kindness, Compassion, Faith, and Vow
慈悲傳千古 喜捨應萬方	Kindness and compassion are ageless virtues; Joy and equanimity are boundless blessings.
慈悲傳千古 喜捨照萬方	Kindness and compassion are ageless virtues; Joy and equanimity illuminate the infinite world.
慈悲化世界 日月滿心中	Transform the world with compassion; Illuminate hearts with the sun and moon.
慈悲化世界 日月滿虛空	Transform the world with compassion; The sun and moon fill up the void.
慈悲喜捨	Loving Kindness, Compassion, Joy, and Equanimity
慈悲心	compassion
慈悲思路兩岸出路	Thoughts of Compassion:ＡWay Out for Both Sides of the Strait
慈悲愛心人宣誓典禮	Pledging Ceremony for “People of Compassion and Loving Care”
慈悲愛心列車運動	Compassion and Loving-Kindness Campaign
慈悲沒有敵人	Compassion Sees No Enemies
慈悲無敵	Compassion Sees No Enemies
慈悲禪	Chan of Compassion
慈悲能登清淨地 智慧直入解脫門	Compassion brings one into the land of purity; Wisdom takes one directly through the gate of liberation.
慈悲菩提	Compassion and Bodhi
慈悲門	Gate of Compassion
慈眼	Compassionate Eyes
慈眼視眾生 福聚海無量	Regard sentient beings with compassion, Accumulate merits as boundless as the ocean.
慈眼視眾生，福聚海無量	with compassionate eyes he gazes upon sentient beings; his merit as infinite as the ocean
慈者無敵 仁者有力	Compassion Is Invincible
慈航	ferry of compassion
慈航幼兒園	Tzu Hang Kindergarten
慈航普渡	the ferry of compassion
慈風吹大地 佛法滿人間	May the breeze of compassion embrace the Earth; May the world be filled with Dharma.
慈風吹大地 幸福滿人間	May the breeze of compassion embrace the Earth; May the world be filled with happiness.
慈風吹大地 慧光照世間	May the breeze of compassion embrace the Earth; May the world be filled with the light of wisdom.
慈風吹大地 福報滿人間	May the breeze of compassion embrace the Earth; May the world be filled with life's blessings.
慈風天地暖 家和喜氣多	Bring warmth to the world with compassion; Fill a family of harmony with joy.
慈風暖大地 智光照世間	May the breeze of compassion embrace the Earth; May the world be filled with the light of wisdom.
慎獨	Cautious When Alone
慎言	Cautious Speech
慚愧之服，無上莊嚴	humility is the most beautiful adornment
慚愧美服	Shame Is a Beautiful Adornment
慧力	power of wisdom
慧命	wisdom-life
慧命之家	spiritual home
慧命牌	board of wisdom
慧慈幼兒園	Hui Tzu Kindergarten
慧炬雜誌	Wisdom Torch Magazine
慧眼	Wisdom Eye
慧門	gateway to wisdom
憍慢	Arrogance
憶念	Mindful
懈怠	laziness
應世	Respond to the World
應世無求	Face the World Free of Desires
應世無畏	Face the World Fearlessly
應供	Offering
應思要與不要 要把悲憤化為力量 要把仇恨拋向海洋 要把嫉妒埋入土中 要把清淨還給自己 要把微笑掛在嘴角 要把聖言聽進耳中 要把自性展現出來 要把良心放在身上 要把功過交付因果 要把思想轉成智慧 要把誠信擺在首位 要把理念付之行動 要把方便送給他人 要把信仰融入日常 要把成就歸於大眾 要把福利貢獻社會 要把修行落實生活 要把善緣佈滿人間 要把功德回向法界 要把光榮歸於佛陀	Reflections On What Must Be Done  Turn your sorrow into strength.  Throw your resentment into the ocean.  Bury your jealousy in the ground.  Return innocence to yourself.  Keep a smile on your face.  Be receptive to words of wisdom.  Show your true nature.  Keep your conscience with you.  Entrust all outcomes to cause and effect.  Transform thoughts into wisdom.  Put trust as your top priority.  Turn your ideas into actions.  Make life convenient for others.  Apply your faith to daily life.  Attribute your success to the community.  Dedicate all benefits to society.  Realize spiritual cultivation in real life.  Fill the world with good affinity.  Transfer all merits to the universe.  Dedicate your glory to the Buddha.
應機	Opportunities
應機說法	to teach the Dharma according to the learner's aptitude
應無所住 而生其心	Mind Arises in Accordance with Non-Abiding
懷古慨今	Memories of Yesterday and Laments for Today
懷恩堂	Huai-en Hall
懷恩館功德碑牆	Huai-en Gymnasium Wall of Benefactors
懺悔	to repent
懺悔錄	records of repentance
懺摩	Repentance
成人之美	Assist Others in Fulfilling Their Goals
成人之美 我心安然	Assist Others in Fulfilling Their Goals; My Mind Is Peaceful and at Ease
成佛	Attaining Buddhahood
成佛大道	Path to Buddhahood
成功人生─星雲大師法語2	A Successful Life- Dharma Words from Venarable Master 2
成功在望	Success Is in Sight
成就的祕訣─金剛經	Four Insights for Finding Fulfillment
成年禮	Coming-of-Age Ceremony
成長營	Children's Camp
我一生弘法的心路歷程	The Journey of My Life as a Dharma Propagator
我不敢輕視汝等，汝等皆當作佛	I dare not denigrate anyone of you, for you are all going to become buddhas
我似佛	I am like Buddha
我們要做義工的義工	Be a volunteer's volunteer
我們都在寫歷史	We are all making history
我在眾中	I Am Among the Multitude
我在眾中 眾中有我	I Am Among the Multitude; Among the Multitude There I Am
我執	Self-Attachment
我失敗的紀錄	My experiences with failure
我就這樣忍了一生	I have thus tolerated all my life
我心如如	My Heart Is Just as Such
我心如月	My Heart Is Like the Moon
我心如華	My Heart Is Like a Flower
我心有佛	The Buddha Is in My Mind
我的人間佛教性格	How I Practice Humanstic Buddhism
我觀世界，如菴摩羅果	I see that the world is like an amalaka fruit
我足了	I Am Content
戒住則僧住、僧住則法住	Where precepts abide, the Sangha abides; where the Sangha abides, the Dharma abides.
戒場	Precept Court
戒壇	Precept Altar
戒子	Preceptee
戒定慧	morality, meditative concentration, wisdom
戒師	Precept Instructor
戒律	Precepts
戒牒	Precept Certificate
戒疤	Precept Marks
戒規	Precept Rules
戒香	fragrance of precepts
戒香莊嚴	The Fragrance of Precepts and Dignified Appearance
戰爭與和平	War and Peace
戲論	mental proliferation
所得	acquire
所知	cognitive objects
所知障	cognitive hindrance
所長	Director (of an institute)
手續	procedure
打佛七	Seven-Day Amitabha Retreat
打坐	Meditation
打板	Board Signals
打禪七	meditation retreat
打開心眼	Opening the Mind's Eye
打齋	Offering Food
托缽供僧	Alms Procession and offerings to the Sangha
承先啟後	Inherit and Inspire
承擔	Reliable
抄經堂	Sutra Calligraphy Hall
把智慧留給自己，把大學留給社會，把功德留給子孫，把成就留給大眾。	To impart wisdom to self, bequeath a university to society, confer merits to future generations, and bestow accomplishments to the public.
投入才能深入 付出才能傑出 平凡才能不凡 磨練才能熟練	Only commitment leads to depth, Only devotion leads to excellence, Only by being ordinary can one be extraordinary, Only training leads to skilfulness.
投機	to avail oneself of an opportunity
投胎	to be reborn
抖擻	to shake off
拋磚引玉	to throw a brick to bring back jade
披星戴月	under the moon and stars
拈花	Holding a Flower
拈花微笑	Buddha’s flower and Kasyapa’s smile
拈香	Offering Incense
拉班	form subgroups
拒絕要有代替	Refusal must come in the place of an alternative
拔苦	Relieve suffering
拜佛	to prostrate to the Buddha
拜齋	Rite of Appreciation
持咒	Chanting Mantras
持戒	to uphold precepts
捨得	Be Willing to Give
捨身	Relinquishing the Body
排難解紛不是閒事	To mediate disputes and resolve conflicts is not a trivial matter
掛單	lodging
接引	Receive
接引佛	welcoming Buddha
接引大佛碑	Great Buddha Memorial Plaque
接待組	Reception Services Unit
接心	Heart-to-Heart Connection
接駁組	Shuttle Services Unit
掬水月在手 弄花香滿衣	With my hands, I lift the moon in the water; Throughout my robe, I spread the fragrance of flowers.
掬水月在手 摘花香滿衣	With my hands, I lift the moon in the water; Throughout my robe, I spread the fragrance of flowers.
提得起才放得下 看不破便打不開	You cannot let go without picking up; You cannot open your mind without seeing beyond.
提醒自我(上) 再貧也要樂觀進取 再愁也要保有鬥志 再苦也要堅持到底 再窮也要發憤圖強 再累也要不忘初心 再忙也要關心家人 再壞也要努力向上 再難也要肯於承當 再煩也要心平氣和 再惱也要冷靜以對 再恨也要學會放下 再弱也要抬頭挺胸 再卑也要自立自強 再低也要從新出發 再悲也要正念思考 再乏也要振作精神 再輸也要維持風度 再無也要安份守己 再亂也要保持正見 再鬧也要頭腦平靜	Self-Reminder (1)  No matter how poor, I must stay positive.  No matter how worried, I must stay motivated.  No matter how difficult, I must keep trying.  No matter how impoverished, I must strive on.  No matter how tired, I must remember how I began.  No matter how busy, I must think of my family.  No matter how terrible, I must keep progressing.  No matter how hard, I must confront the challenges.  No matter how annoyed, I must remain composed and collected.  No matter how troubled, I must stay calm.  No matter how resentful, I must learn to let go.  No matter how weak, I must keep my head up.  No matter how inferior, I must be self-reliant.  No matter how low, I must make a fresh start.  No matter how sad, I must think right thoughts.  No matter how weary, I must pull myself together.  No matter how defeated, I must remember my manner.  No matter how lacking, I must know my place.  No matter how chaotic, I must maintain right views.  No matter how clamorous, I must stay coolheaded.
提醒自我(下) 再愛也要互相尊重 再瞋也要將心比心 再嫉也要內心存善 再熟也要分寸得宜 再悔也要從頭檢討 再怨也要包容理解 再迷也要生點智慧 再惑也要尋求答案 再怕也要道德勇氣 再困也要思維解決 再錯也要勇敢面對 再糟也要準備改進 再笨也要勤奮學習 再鈍也要一技在身 再缺也要取之有道 再硬也要讓己放鬆 再懶也要做點事情 再倦也要重建希望 再病也要心不懼怕 再老也要充滿朝氣	Self-Reminder (3)  No matter how in love, I must still be respectful.  No matter how hateful, I must put myself in others' shoes.  No matter how jealous, I must still think kind thoughts.  No matter how close, I must still know where to draw the line.  No matter how regretful, I must do a thorough reflection.  No matter how displeased, I must learn to accept.  No matter how lost, I must find wisdom.  No matter how confused, I must find the answer.  No matter how scared, I must stay moral and courageous.  No matter how trapped, I must still find a way out.  No matter how wrong, I must face life with courage.  No matter how terrible, I must be ready to change.  No matter how unintelligent, I must still be studious.  No matter how useless, I must still acquire a skill.  No matter how insufficient, I must still only take what I deserve.  No matter how rigid, I must tell myself to relax.  No matter how lethargic, I must still get some work done.  No matter how heartbroken, I must still have hope.  No matter how ill, I must remain fearless.  No matter how old, I must stay vigorous and energetic.
提醒自我(中) 再惡也要知道因果 再氣也要注意修養 再苛也要慈悲待人 再強也要說話柔軟 再高也要虛心接受 再傲也要目中有人 再剛也要留有餘地 再悍也要控制脾氣 再嚴也要體諒別人 再敢也要心安理得 再能也要提拔後輩 再榮也要記得根本 再趕也要從容不迫 再急也要按步就班 再快也要觀前顧後 再貪也要適可而止 再多也要懂得節制 再少也要感到滿足 再熱也要注重威儀 再冷也要磨練忍耐	Self-Reminder (2)  No matter how unwholesome, I must be aware of cause and effect.  No matter how angry, I must remember my demeanor.  No matter how cruel, I must still be compassionate.  No matter how tough, I must still speak gentle words.  No matter how superior, I must stay humble.  No matter how proud, I must still be considerate.  No matter how unyielding, I must still leave room for retreat.  No matter how fierce, I must still control my temper.  No matter how strict, I must still be understanding.  No matter how daring, I must still be conscientious.  No matter how capable, I must still help my juniors.  No matter how glorious, I must not forget where I came from.  No matter how rushed, I must remain unhasty.  No matter how urgent, I must still proceed step by step.  No matter how fast, I must be aware of my surroundings.  No matter how greedy, I must know when to stop.  No matter how much, I must have self-control. No matter how little, I must be content.  No matter how hot, I must show etiquette.  No matter how cold, I must endure it.
揚州講壇	Yangzhou Forum
援助賑災中心	relief aid center
搜神記	In Search of Gods
搬柴運水明祖意 洗碗掃地悟禪心	Realize the Patriarch's intent through collecting wood and water; Attain the Chan mind through washing dishes and sweeping the ground.
搬柴運水皆妙道 穿衣吃飯盡禪機	Realize the wondrous Way through collecting wood and water; Attain the Chan mind through dressing and eating.
搬柴運水行腳去 洗碗掃地吃茶來	Collect wood, carry water, and travel by foot; Wash bowls, sweep the floor, and drink tea.
摩伽陀國	Magadha
摩尼寶	mani-jewel
摩尼珠	Mani Pearl
摩耶夫人	Queen Maya
摩訶止觀	The Great Calming and Contemplation
摩訶薩	mahasattva
摩訶衍	Mahayana
摩頂	to lay the hand on the top of the head
撞頭鐘	strike the first bell
撥無因果	to deny the rule of causes and effect
撥雲見日	to clear the clouds and see the sky
擎天神公司	Atlas Taiwan Corporation (1963-1997)
擒山中之賊易，捉心中之賊難	It is easy to catch thieves in the mountains, but hard to catch the thieves in one's mind.
擲地有聲	to make a loud statement
攝受	to receive, take in
攝影組	1. Photography Unit (in organization); 2. Photography Team (in event)
改心	Change the Mind
改過才會進步 認錯才能增上 助人才能結緣 內斂才能養德	The way to be better is by correcting our mistakes. The way to improve is by admitting our faults. The way to create affinity is by helping people. The way to be virtuous is by remaining self-contained.
改革來自決心  創造來自用心  教育來自愛心  服務來自發心	Reform starts from determination.  Innovation starts from dedication.  Education starts from loving-kindness.  Service starts from initiative.
放下屠刀，立地成佛	lay down the butcher's knife and become Buddha on the spot
放光	to emit light
放參	Free Session
放焰口	Yogacara Dharma Service
放生	Liberate Lives
放生會	Life Release Ceremony
放生池	Life Releasing Pond
放生池	Pond for Liberating Lives
放逸	Laxity
放香	free session
放鬆	Letting Go
政通人和	Feasible Policy Will Bring Peace to the People
政通萬家喜 人和千戶興	Benevolent policy will bring joy to every family; Harmonious relation makes all households prosperous.
救人一命，勝造七級浮屠	the merit of saving one human life outweighs that of building a seven-story pagoda
教務主任	Dean of Academic Affairs
教務長	Director of Academic Affairs
教化	Teach and Transform
教士	Jiaoshi (male semi-monastic)
教外別傳	transmission apart from teachings
教師佛學夏令營	Teachers' Buddhist Summer Camp
教授	Professor
教授和尚	Instructing Acarya
教法	Teaching
敢，很重要	Bravery matters
敢於發問 問出智慧  長於聽聞 聞出對話 善於溝通 談出共識 勇於思考 想出創意 嚴於磨鍊 鍊出實力 安於靜修 修出道念	When you are brave enough to ask questions, wisdom is what you get. When you are a patient listener, communication is what you achieve. When you are a good communicator, consensus is what you attain. When you are a freethinker, creativity is what you attain. When you are a persistent challenger, skill is what you acquire. When you are a calm practitioner, commitment to the Way is what you gain.
散亂	distraction
敦煌學國際學術研討會	International Academic Conference for Dunhuang Studies
敬人如己	Respect Others as You Respect Yourself
敬人為己	Respect Others as You Respect Yourself
敬信	Respect and Trust
敬信	respectful and faithful
敬告佛子書	Letters to the Children of Buddha
文化大革命	Cultural Revolution
文化廣場	Cultural centers
文心雕龍	Literary Mind and Carved Dragon
文教廣場	Cultural and Educational Promotion Center
文教廣場	Cultural Square
文殊	Manjusri
文物展覽館	Cultural Exhibition Hall
文鈔菁華錄	Selection of Works
新生活七誡運動	Seven Admonitions Campaign for a New Life
斷見	Nihilism
斷食	Fasting
方丈	Abbot
方丈室	Abbot's Quarters
方便有多門 歸元無二路	Through the many gates of expedient means; We all arrive at the one destination.
方便為門	Skillful Means as the Way
方便門	expedient means
方便門	Gate of Skillful Means
方圓	Know Your Place
方圓自在	Be Flexible and at Ease
方寸	Mind
方術	Divination
施主	benefactor
施食	Food Bestowal
既來佛會下，都是有緣人	all in the Buddhist community are friends
日出大地曉 花開萬里香	When the sun rises and illuminates the world; Flowers bloom with permeating fragrances.
日出大地曉 風和四季春	When the sun rises and illuminates the world; Soothing winds send spring across all four seasons.
日日是好日 處處是好處	Every day is a good day; Every place is a good place.
日日是好時 處處是好地	Every day is a good day; Every place is a good place.
日日皆如意 歲歲都平安	May every day be a good day; Each year be a peaceful year.
日月光	Sun, Moon, and Light
日月放光明 山河增天色	When the sun and moon shine on the world; Rivers and mountains add color to the sky.
日月星	sun, moon and star
日有升沉起落 故有晚霞餘映 月有陰晴圓缺 故有皓月當空 人有悲歡離合 故有聚散情緣 世有苦空無常 故有真理示現	If the sun didn't rise and set, the afterglow of twilight would not be. If the moon didn't wax and wane, we may forget it hangs brightly in the sky. If there were no sorrows of parting and joys of union, we would forget to cherish our time together. Without suffering, emptiness, and impermanence, we would not be aware of Truth.
日本佛教大藏經	Japanese Buddhist Tripitaka
日本奈良藥師寺	Yakushi Temple in Nara, Japan
日本法隆寺	Horyu Temple in Japan
日蓮正宗創價學會	Soka Gakkai Society
早知今日，悔不當初	It is too late to ever say, “If only I had known.”
明因識果	Understand Causes and Recognize Effects
明因識果知緣起 了生脫死證菩提	Be aware of the cause, recognize the effects, and understand the conditions; Transcend birth, be liberated from death, and attain Bodhi wisdom.
明天更好	Tomorrow Is a Better Day
明天會更好	Tomorrow Will Be a Better Day
明心	A Clear Mind
明心悟道	A Clear Mind Awakens to the Way
明心悟道 花開見佛	A Clear Mind Awakens to the Way; Seeing the Buddha When the Flower Blooms
明心能見道 入世不求名	An awakened mind that sees the Way; A this-worldly life that does not seek fame.
明月一池水 清風萬卷書	In a pond see the bright moon; In the cool breeze scroll through the books.
明月一池水 青山萬卷書	In a pond see the bright moon; Within the greenery scroll through the books.
明月心中照 慈雲足下生	Inside the heart shines the bright moon; Beneath the feet arise clouds of compassion.
明月松間照 清泉石上流	Inbetween the pines shines the bright moon, Over rocks and boulders flows the pure stream.
明月清風	Bright Moon and Cool Breeze
明月當空 吉星高照	A Bright Moon Shines Up High; Auspicious Stars Shine High Above
明月當空春風過 青山不動白雲飛	Across the bright moon up high sweeps the spring breeze; Above the sturdy mountains float the white clouds.
明月禪心	A Chan Mind Like the Bright Moon
明月青松不見老 茅舍白雲任去來	Traces of age invisible in the bright moon and verdant pines; The freedom of clouds to come and go over the thatched hut.
明末四大師; 1. 憨山大師 2. 紫柏大師 3. 蓮池大師 4. 蕅益大師	Four Masters of the Ming Dynasty: 1. Master Hanshan; 2. Master Zibo; 3. Master Lianchi; 4. Master Ouyi
明燈	Bright Lamp
明燈常作伴 益書可為朋	Bright lights are my companions; Good books are my friends.
明理	Understanding
明白	Understanding
明禪	Clarity of Chan
明窗高掛菩提月 淨蓮生在濁世中	High above the window hangs the bodhi moon; Out of the polluted world blooms the pure lotus.
明行足	perfected in wisdom and action
易行道	the easy path
星光雲水	Starry Light and Flowing Cloud
星河界裏星河轉 日月樓中日月長	The Milky Way orbits within the universe of the Milky Way; The Sun and Moon expand within the world of the Sun and Moon.
星辰影裏那伽定 雲水光中照大千	Naga Concentration within the shadows of the stars; The multiverse lit by clouds, water, and light.
星辰影裏那伽定 雲水光中自在身	Naga Concentration within the shadows of the stars; A body of perfect ease amidst the clouds, water, and light.
星雲之道—領悟人間佛教	The Way of Hsing Yun: Realization of Humanistic Buddhism
星雲人文世界論壇創辦會	Hsing Yun Humanistic World Literary Forum
星雲八十	80 Years of Star and Cloud
星雲大師一筆字書法世界巡迴展	Venerable Master Hsing Yun's One-Stroke Calligraphy Worldwide Exhibition
星雲大師人間佛教思想研究	A Study of Venerable Master Hsing Yun’s Thoughts on Humanistic Buddhism
星雲大師人間佛教理論實踐研究會	Academic Conference on the Theory and Practice of Venerable Master Hsing Yun's Humanistic Buddhism
星雲大師佛學講座─人間佛教的戒定慧學	Venerable Master's Buddhist Lecture Series on Discipline, Mental Cultivation, and Wisdom of Humanistic Buddhism
星雲大師佛教歌曲發表會徵曲比賽	Venerable Master Hsing Yun's Buddhist Songs Composition Contest
星雲大師來台弘法五十年雲水三千巡迴展	Cloud and Water: Venerable Master Hsing Yun's 50 Years of Dharma Propagation in Taiwan Exhibition Tour
星雲大師全集	The Complete Works of Venerable Master Hsing Yun
星雲大師對佛教的十大貢獻	Venerable Master Hsing Yun’s Ten Major Contributions to Buddhism
星雲大師年譜	Chronicle of Venerable Master Hsing Yun’s Life
星雲大師演講集	Venerable Master Hsing Yun's Lecture Series
星雲大師的一生	Buddhism in Every Step: The Life of Master Hsing Yun
星雲大師禪淨密唱頌講座	Venerable Master Hsing Yun Chan, Pure Land, and Tantric Singing Dharma Talk
星雲大師詩偈徵曲活動	Venerable Master Hsing Yun's Poems and Verses Music Composition
星雲大師談讀書講座	Venerable Master's Lecture on Reading
星雲天地	Star, Cloud, Heaven, and Earth
星雲學說與實踐	Hsing Yun’s Teachings and Actualization
星雲日記	Venerable Master Hsing Yun's Diaries
星雲智慧	Hsing Yun's Wisdom
星雲模式的人間佛教	Humanistic Buddhism in the Hsing Yun Model
星雲法語	Hsing Yun’s Dharma Words
星雲法語 1 生活的鑰匙	Keys to Living Well
星雲法語 2 修道者的心	The Mind of a Practitioner
星雲法語 生活中的覺醒	The Awakening Life
星雲法語 自在的人生	The Carefree Life
星雲真善美新聞傳播獎	Hsing Yun Award for Contribution to Truth, Beautiful, and Good News
星雲禪畫	Hsing Yun's Chan Talk
星雲禪話	Hsing Yun's Chan Stories
星雲說偈	Cloud and Water: An Interpretation of Chan Poems
星雲說喻	Hsing Yun's Parables
春來春去春不老 福臨福地福無疆	Spring comes and goes, but never ages; Blessings come and go, but never end.
春來福到	Spring Heralds Prosperity
春光回大地 和氣到人間	The light of spring returns to the Earth, The joy of harmony returns to the world.
春到千山秀 花開萬里香	Picturesque mountain scenery brought by spring; A world filled with fragrance by blossoming flowers.
春到千山秀 風和四季春	Picturesque mountain scenery brought by spring; The years filled with spring by the soothing breezes.
春暖百花香 人勤萬物豐	In the warmth of spring, every flower is fragrant; With diligent hands, all harvests are bountiful.
春暖百花香 家和萬事興	In the warmth of spring, every flower is fragrant; In families of harmony, everything is prosperous.
春色無高下 華枝自短長	Neither good or bad are shown by colors of spring; When to grow short or long is known by floral branches.
春蠶至死絲方盡 蜡炬成灰淚始乾	Silkworms keep spinning till death comes in spring; Candle tears do not dry till every bit is burnt to ash.
春風化雨	Spring Breeze and Rain
春風吹大地 佛法滿人間	Soothing spring breezes caress the Earth; The wisdom of Dharma permeate the world.
春風吹大地 和氣到人間	Soothing spring breezes caress the Earth; The joy of harmony permeate the world.
春風吹大地 福報滿人間	Soothing spring breezes caress the Earth; A fortune of blessings permeate the world.
春風會讓生命成長  夏日會讓生命成熟  秋涼會讓生命考驗  冬陽會讓生命溫暖	Spring breeze will help life grow,  Summer day will help life mature,  Autumn cool will keep life strong,  Winter sun will keep life warm.
昨非今是	Correct Yesterday's Mistakes
是日已過，命亦隨減	life shortens at the end of each day
是法平等 無有高下	Dharma Is Equal, Without High or Low
時教廣場	Dharma Square
晉山	Inauguration
晉山典禮	inauguration ceremony
晨鐘	Morning Bell
晨鐘暮鼓	morning bells and evening drums
普世	All Over the World
普世和樂	Universal Joy and Harmony
普同塔	Universal Unity Pagoda
普坡	Monastery-wide Chorework
普度	universal salvation
普慈廣仁	Universal Kindness, Broad Benevolence
普濟寺	Pu Ji Temple
普照	Universally Shines
普禮	Monastery-Wide Ceremony
普茶	Universal Tea Gathering
普請	Universally Inviting
普賢殿	Samantabhadra Shrine
普賢王	Samantabhadra King
普賢王	Samantabhadra
普賢農場	Samantabhadra Farm
普通	Ordinary
普遍	universal
普門	Universal Gate
普門中學	Pu-Men High School
普門品	Universal Gate Chapter
普門學報	Universal Gate Buddhist Journal
普門示現	Manifestation of the Universal Gate
普陀山	Mount Putuo
普陀洛迦山觀音殿	Mount Potalaka Avalokitesvara Shrine
智光禪寺	Chih Kuang Temple
智塔	Stupa of Wisdom
智慧	wisdom
智慧創新 與時俱進	Innovative Wisdom; Keeping up with the Times
智水滅瞋火 仁風掃世塵	Extinguish the fire of anger with the spring of wisdom; Sweep away the world's troubles with the wind of benevolence.
智海	Ocean of Wisdom
智目行足	eyes of wisdom and steps of conduct
智者無憂	The Wise Is Free from Worries
暮鼓	evening drum
暮鼓晨鐘留客住 松風竹雨伴君來	Evening drum and morning bell plead the guest to stay; Wind of pine and rain of bamboos usher your arrival.
曇花一現	the night-blooming cactus
曠劫	since ancient times
曲直向前 福慧雙全	Unwavering advancement despite life's twists and turns leads to the attainment of happiness and wisdom
書中乾坤大 筆下天地寬	A boundless universe can be found in a book; An infinite world can be created by words.
書記	Secretary
書香傳家	Pass Down the Tradition of Reading in the Family
書香為友	Fragrance of Books Are Your Companions
書香生活	Live in the Fragrance of Books
會館	lodge
月來滿池水 雲起一天山	The moon emerges from a ground of water; Clouds rise above a sky of mountains.
月出滿地水 雲起一天山	The moon emerges from a ground of water; Clouds rise above a sky of mountains.
有佛法真好	It's Good to Have Dharma
有容乃大 吃虧是福 給人接受 廣結善緣 知過能改 品德增上 提起放下 身心自在	Tolerance brings greatness: Disadvantage is in fact a blessing. Be accepted by others: Broadly develop good affinities. Willingly correct one's mistakes: Enhances one's moral values. Being able to pick up and let go: Freedom in body and mind.
有容德乃大 無私心自安	With tolerance one is naturally great in virtue; With selflessness the mind is naturally at peace.
有德人必尊之 有功人必崇之 有容人必附之 有量人必敬之	He who has virtue is surely reputable. He who has merit is surely honorable. He who has tolerance is surely reliable. He who has capacity is surely respectable.
有您真好	It’s Good to Have You
有情	sentient being
有情世間	the sentient world
有情有義	Sentiment and righteousness
有情有義有聲書	Sentiment with Righteousness Audio Books
有播種，才會有收成	One must sow before you can reap
有水皆含月 無山不帶雲	Every water embodies the moon; No mountains are without clouds.
有永遠休息的時候	There is time to rest forever
有求必應	Be All-Obliging
有為法	Conditioned Dharmas
有理想，才有實踐	Nothing can come true without a dream
1. 有用的一句話 勝過千言萬語 2. 有用的一個人 勝過千軍萬馬 3. 有用的一件事 勝過千金萬兩 4. 有用的一分鐘 勝過千年萬古	One constructive comment can outspeak a thousand words. One dependable person suffices to outplay an entire army. One successful outcome can outweigh a gold mine. One effective minute can outlast eternity.
有相皆虛妄 無我即如來	All forms are delusive; Non-self makes one with the Buddha.
有相皆虛妄 無我即菩提	All forms are delusive; Non-self makes one with Bodhi Wisdom.
有緣	to have a cause, link, or connection
有計劃則不忙 有分工則不亂 有預算則不窮  有歡喜則不苦	Thorough planning ensures no haste. Delegation ensures no disorder. Careful provision ensures no destitution. Joy ensures freedom from suffering.
服務	Service
服務至上	Service Is Best
朝元寺	Chao Yuan Temple
朝山	pilgrimage
朝山團	pilgrims
朝山會館	Pilgrim's Lodge
朝山活動	pilgrimage
朝晚課	Morning and Evening Chanting
朝暮	morning and evening
朝露	morning dew
木魚	wooden fish
未來比現在更好	Tomorrow will be better than today
未曾有	Never Before
末法時期	Age of the end of Dharma
末那識	manas consciousness
本來心即佛 究竟我是誰	If the mind is the Buddha, Then who exactly am I?
本同一種性	We all belong to the same family
本土化	localization
本生經	Jataka tales
本論	On Principles
本願力	Power of the Original Vow
束縛	fetter
東塔西塔	East Tower, West Tower
東方佛教學院先修班	Eastern Buddhist Elementary Unit
東海若	God of the Eastern Sea
東禪客堂	East Chan Reception Center
東禪樓	East Chan Auditorium
東禪長廊	East Chan Corridor
東西伽藍同時護 古今威德到處靈	East and West, Sangharamas guard the temple jointly; Past and present, awe-inspiring virtue confers blessings infinitely.
松柏山居	Secluded Life Amongst the Pine and Fir Trees
松無古今色 竹有上下節	The pine reflects no signs of past and present; The bamboo grows with upper and lower connections.
松竹梅	Pine, Bamboo, and Plum Trees
松竹梅香	Pine, Bamboo, and Plum Fragrance
松竹為友	Pine and Bamboo, My Friends
松竹禪心	Pine and Bamboo, the Mind of Chan
松風明月悟自心 綠水青山觀人情	Who is to attain the intrinsic heart beneath the pine and moon? Carefully I observe human sentiments in the green mountains and rivers.
松風明月誰無份 青山流水我有緣	Who is to miss a connection with the pine and moon? I am one to share an affinity with the mountains and rivers.
松風明月養心性 青山綠水悟人情	Who is to miss a connection with the pine and moon? Human sentiments are perceived in the mountains and rivers.
松風月圓	Pine, Wind, Bright Moon
松風月圓 雲水三千	Pine, Wind, Bright Moon; Cloud and Water
柏林教理院	Bailin Institute (active 1930-1931)
染汙	taint
根器	aptitude
根本	Basis
根本智	Fundamental Wisdom
桃園三結義	Oath of the Peach Garden
梁書	Book of Liang
梁武帝	Emperor Wu of Liang
梁皇寶懺法會	Emperor Liang Repentance Dharma Service
梅花開五福 竹葉報三多	Plum blossoms bloom into the Five Fortunes; Bamboo leaves share revelations of the Three Abundances.
梅蘭風華	Elegance of the Plum and Orchid
梵唄	Buddhist Chanting
梵唄	Buddhist hymn
梵天	Heavenly Realm
梵網經	Brahma Net Sutra (Brahmajala Sutra)
梵音	Heavenly Sound
梵音樂舞弘法音樂大會	Buddhist Hymn and Dance - Music Propagating Festival
梵音樂舞藝術活動	Buddhist Music and Cultural Arts Performance
梵音海潮音佛教音樂會	Sounds of the Ocean Tides Buddhist Hymn Concert
梵音祈福音樂會	Buddhist Hymn Prayer Concert
棒喝	stick and shout
棲霞古寺	Qixia Ancient Monastery
棲霞山律學院	Qixia Vinaya College
楊枝一滴，甘露法水	a drop from the willow is like the nectar of Dharma
楊柳清風觀自在 杏花春雨妙吉祥	Perfect ease: Willows caressed by clear breezes; Wondrous Auspice: Branches of apricot blossoms in the spring rain.
楊柳重重陌 桃李處處林	Behind rows of willows, layers of sunshine; From generations of students, an abundance of scholarship.
楞嚴經	Suramgama Sutra
業報	karmic retribution
業緣	Karmic Condition
業障	karmic hindrance
極樂	ultimate bliss
榮譽博士	Honorary Doctorate
榮譽市民	Honorary Resident
榮譽教授	Emeritus Professor
榮譽會長	Honorary President
樂以忘憂真智者 心能轉境即如來	In forgetting their sorrows the truly wise take joy; Transforming all conditions is the mind of the Thus Comer.
樂觀	optimism
樂觀猶如明燈 照亮希望前程 悲觀好比毒品 腐蝕健康心靈	Positivity is like a shining lamp illuminating our future with hope; Negativity is like a drug that eats away our health and senses.
標月指	finger pointing to the moon
樟樹林滴水坊	Camphor Grove Tea House
樹老新枝慶重生 雲開月現見光明	An old trunk with new branches is a celebration of new life; A shining moon calls for true light behind dissipating clouds.
機緣	potentiality and condition
機鋒	Sharpness
橫遍十方	spanning the ten directions
橫遍十方，豎窮三際	Across ten directions throughout three junctures
檀信樓	Devotees Building
檀導師	Lay Advisor
檀教師	Lay Dharma Lecturer
檀講師	Lay Dharma Teacher
檀那	Dana
檢查自己的心	Always examine our own heart
欲入無為海 須乘般若船	To enter the sea of unconditioned Dharma; Board the ship of Prajna Wisdom.
欲窮千里目 更上一層樓	Transcend the limits of the clairvoyant eye; Climb yet another layer of the pagoda.
歡喜	joy
歡喜人間	Joy in the Human World
歡喜佛	Buddha of Happiness
歡喜地	Ground of Joy
歡喜自在	Joyful and Carefree
歡喜與不歡喜	Like and dislikes
止持	Observance
止犯	Violation
止觀雙修; 1. 漸次止觀 2. 不定止觀 3. 圓頓止觀	Stopping and Seeing Meditation: 1. gradual stopping and seeing; 2. indeterminate stopping and seeing; 3. complete stopping and seeing
止靜	Calm and Quiet
正信	Right Faith
正大光明	Be Just and Honorable
正宗	authentic
正定	Right Concentration
正心人和	Righteous Heart, Friendly Mind
正心誠意	A Righteous Mind with Sincere Intentions
正念	Right Mindfulness
正念如盾牌 可抵禦強敵 以保衛自身 正見是盔甲 可抵擋誘惑 以遠離三毒	Right mindfulness is like a shield that fends of the strongest enemies and helps you defend yourself. Right view is like armor the shields off all temptations and keeps the Three Poisons away.
正思維	Right View
正授典禮	ordination ceremony
正業	Right Action
正法	Righteous Dharma
正法久住	Eternally Abiding Dharma
正法炬	Torch of Righteous Dharma
正法眼藏	Treasure of the True Dharma Eye
正法行	Act in Accordance with the Right Dharma
正知正見	Right Understanding and Right Views
正見	Right View
正見人	Right Viewer
正覺行	Practice of Right Awakening
正語	Right Speech
正遍知	correct peerless enlightenment
正道	Right Path
正道光華	Glory of the Right Path
步步登高易 心心放下難	Step by step easy it is to ascend; Thought after thought hard it is to let go.
步步過唯心淨土 人人見自性彌陀	Step after step we traverse the mind's Pure Land; Being after being we realize our intrinsic Amitabha.
歲月放光 生命吉祥	Let Life Shine; Make Life Auspicious
歲歲平安日 年年如意春	Peaceful days year after year; Springful joy age after age.
歷代祖師大德	generations of masters
歸元鏡	The Mirror of Origin
歸命	to devote one's life
死了會生，生了會死	there is rebirth after death, and death after rebirth
死死生生生復死 來來去去去還來	Death, rebirth, and death again; Coming, going, and coming again.
殊勝	extraordinary
殘缺就是美	Deficiency is another form of beauty.
殺業	Karma of Killing
殺生	Killing Lives
殿主	Director (of a shrine)
殿堂	Shrine
每一時間都是黎明 每一挑戰都是機會 每一逆境都是考驗 每一善行都是創造	Every moment is a dawn. Every challenge is a chance. Every setback is a test. Every deed of kindness is a cause.
每月一經	Sutra of the Month
每月印經	Monthly Buddhist Texts
每月印經會	Monthly Buddhist Texts Society
比丘	bhiksu
比丘尼	bhiksuni
比丘尼僧團的發展	Future Developments of the Bhiksuni Order
民眾圖書館	Public Library
氣壯山河	Magnificent Like the Mountain and River
氣正山河壯 家和萬事興	Righteousness makes the world magnificent; Harmony brings family prosperity.
水上泡	bubble on the water
水中撈月，空有歡喜	the joy of fishing for the moon in the water is a real as emptiness
水中月	moon in the water
水向石邊流出冷 風從花裏過來香	Refreshingly cool water flows between the stones; Soothingly fragrant wind sweeps across the flowers.
水因有月方知淨 天為無雲始見高	That purity unseen until the moon is reflected in the water; The height of the sky unseen until not a cloud is in sight.
水底有天懸日月 空中無地現樓台	In the sky at the bottom of the river shines the sun and moon; Above the ground of emptiness the pavilion is manifest.
水流源歸海 月落不離天	All waters return to the sea; The moon never leaves the sky.
水淨月光明 山空雲自在	Upon clear water reflects a bright moon; Over open mountains abide free clouds.
水深雲影菩提現 月夜鐘聲色相空	Beneath deep water and behind clouds are where Bodhi is found; Beneath the moon light and amidst the bell sounds are the forms of emptiness.
水清月明	In Clear Water, a Bright Moon Is Seen
水清魚讀月 山靜鳥談天	Through clear water the fish sees the moon; On serene mountains birds hear each other.
水滸傳	The Water Margin
水繞禪堂靜 花開佛果香	Water bends around the silent Meditation Hall; Fragrant fruits of buddhahood mature along with the flowers.
永不退轉	Never Regress
永念親恩今日有緣今日度  本無地獄此心能造此心消	Forever remember the kindness of parents; If connected today, be sure to deliver them today; Originally Hell never was; If this mind can create it, this mind can dispel it.
求人不如自救 求財不如勤儉 求名不如隨份 求壽不如護生 求助不如結緣 求福不如修身 求安不如守戒 求道不如行佛	It is better to rely on oneself than seek favors. It is better to live frugally than seek wealth. It is better to follow conditions freely than seek fame. It is better to protect lives than seek longevity. It is better to develop affinities than seek help. It is better to cultivate oneself than seek blessings. It is better to observe precepts than seek safety. It is better to practice the Buddha's way than seek the Way.
求健康長壽 要慈悲護生 求財富利益 要布施結緣 求家庭和樂 要謙讓忍耐 求聰明智慧 要明理通達	In wishing for good health and longevity, you must be compassionate and protect lives. In wishing for wealth and gain, you must be generous and develop affinities. In wishing for a happy family, you must be humble and patient. In wishing for intelligence and wisdom, you must be reasonable and open-minded.
求真求美	Pursue the True and the Beautiful
求道	Seeking the Way
江山千古秀 大地萬年青	A thousand years of scenic mountains and rivers; Timeless moments of green exuberance.
江月不隨流水去 天風直送海濤來	Never washed away by the current is the reflection of the moon in the river; Always washed ashore are ocean waves sent by the winds of heaven.
江蘇江都仙女廟	Xiannu temple in Jiangdu, Jiangsu Province
沉潛	Settle Down to Nurture Oneself
沒有待遇的工作	A job without pay
沙彌	sramanera
沙彌尼	sramaneri
沙門	sramana
河沙功德	Virtues as Numerous as the Sands in the River
泉聲秋雨細 山色古屏高	Whispers of the springs and autumn rain; Lofty walls of picturesque mountains.
法乳	the milk of Dharma
法住智	Dharma-Abiding Wisdom
法務師	Dharma Services Advisor
法務監寺	Dharma Services Superintendent
法務視察	Dharma Services
法印	Dharma Seal
法味	taste of Dharma
法喜	Dharma joy
法器	Dharma instrument
法堂	Dharma Hall
法如是	thus is the Dharma
法寶	Dharma treasure
法寶山	Dharma Mountain
法寶廣場	Dharma Gem Square
法寶廣場	Dharma Square
法師	Venerable
法念住	Mindfulness of Phenomena
法念處	Mindfulness of Dharma
法樂	Dharma joy
法水	Dharma Water
法水天來	Dharma Stream from Heaven
法水清淨 諸法唯心	Pure Dharma Water; Everything Is the Mind
法水香雲	Dharma Stream and Fragrant Cloud
法海波瀾	Dharma Waves
法炬	Dharma Torch
法無善惡 善惡是法	Dharma Has No Good or Bad; Good or Bad Are Dharmas
法王	Dharma King
法王子	Dharma Prince
法界	Dharma Realm
法界一如	Dharma Realm as One
法界圓滿	Perfection of the Dharma Realm
法界圓融	Harmony Within the Dharma Realm
法界常春	Eternal Spring Within the Dharma Realm
法界生春	Spring in the Dharma Realm
法界真如	Dharma Realm, True Thusness
法界緣	Affinities of the Dharma Realm
法相	Dharma Characteristic
法眼	Dharma Eye
法眼淨	Pure Dharma Eye
法緣	Dharma Affinity
法舍	Dharma abode
法華七喻; 1. 火宅喻 2. 窮子喻 3. 藥草喻 4. 化城喻 5. 衣珠喻 6. 髻珠喻 7. 醫子喻	Parables of the Lotus Sutra: 1. Parable of the Burning House; 2. Parable of the Poor Son; 3. Parable of the Medicinal Herbs; 4. Parable of the Manifested City; 5. Parable of the Pearl in the Clothing; 6. Parable of the Pearl in the Topknot; 7. Parable of the Good Doctor
法華智	Lotus Wisdom
法華經大意	Summary of the Lotus Sutra
法華經觀世音菩薩普門品講話	The Universal Gate: A Commentary on Avalokitesvara's Universal Gate Sutra
法藏	Dharma Treasure
法藏文庫·中國佛教學術論典	A Collection of Contemporary Buddhist Works: Chinese Buddhist Academic Series
法號	Dharma Name
法語	Dharma Words
法身	Dharma body
法身寺	Dhammakaya Temple
法輪	Dharma wheel
法輪堂	Dharma Wheel Conference Room
法輪常轉	Continuous Turning of the Dharma Wheel
法輪常轉超苦海 乘願再來度眾生	The ever-turning Dharma Wheel shall help transcend the sea of suffering; On the wings of our vows, we shall return to deliver sentient beings.
法門	Dharma gate
法門不從心外覓 悟道但向性裏參	Seek not the Dharma outside your heart; Attainment is only found within one's nature.
法門寺博物館	Famen Temple Museum
法門無量	Boundless Dharma Gate
法雨	Dharma Rain
法音清流─大乘佛教梵唄經典	Clear Sounds of Dharma - Mahayana Buddhist Hymns
法音雜誌	Dharma Voice Magazine
泡影乾坤見寶藏 色香世界幻空花	Within the universe of a bubble and shadow, treasures are found; Among the world of form and scent, delusive and empty flowers bloom.
波羅蜜	paramita
泥牛入海	a mud ox into the sea
泥菩薩過江，自身難保	like a clay bodhisattva fording the river, even his own safety is jeopardized
泰北義診救濟	Northern Thailand Medical and Relief Aid Team
泰國法身寺	Wat Phra Dhammakaya
活力人生	A Life with Vitality
活在當下	Live in the Present Moment
活水	Flowing Water
活水人生	A Life Like Flowing Water
活水人生 清涼自在	A Life Like Free-Flowing Water; Remain Calm and at Perfect Ease
活水心光	Flowing Water, Bright Heart
流轉	transmigration
流通	to transmit and spread
流通處	gift shop
浩劫	disaster, catastrophe
浩瀚星雲	Vast Cloud and Immense Star
浩然正氣	Awe-Inspiring Righteousness
浩然正氣 淡泊養心	Awe-Inspiring Righteousness; Detachment Fosters the Mind
浮圖	Buddha
浴佛園遊會	Bathing the Buddha Fair
浴佛節	Buddha's Birthday
海上清風來 山間明月照	On ocean waves flow soothing breezes, Between the mountains shines the moon.
海到無邊天是岸 山登絕頂雪為峰	Beyond the ocean's limit, the sky is your shore; Atop the highest alps, snow will be your peak.
海外分別院	overseas branch temples
海天遊蹤	Traces Over the Sky and Ocean
海峽兩岸以及中華佛教音樂展演會	Cross-Strait Buddhist Musical Concert
海峽兩岸百廟千萬救苦救難為印度洋海嘯災區祈福消災萬人大法會	Relieving the Suffering of the Tsunami Victims: Grand Cross- Strait Blessing Dharma Service
海峽兩岸迎請佛螺髻髮舍利供奉法會	Cross-Strait Enshrining Dharma Service of the Buddha's Usnisa Relic
海慧菩薩所問淨印法門經	Sutra on the Questions of Haihui Bodhisattva on the Practice of the Pure Seals
海會眾	Great Assembly
海深千水綠 春滿萬山紅	Beneath the deepest oceans are fathomless verdant waters, During the zenith of spring plentiful crimson flowers bloom.
海潮音	Sounds of the Ocean Waves
海納百川 空容十方	The Ocean Accepts All Waters; The Vast Emptiness Can Embrace All
海納百川 空容萬有	The Ocean Accepts All Waters; The Vast Emptiness Embraces All Matters
海納百川流不盡 空容萬物是吾家	The ocean: endless gathering of a hundred rivers; My home: the vast emptiness holding myriad matters.
海納百川流不盡 空容萬象是吾家	The ocean: endless gathering of a hundred rivers; My home: the vast emptiness holding myriad phenomena.
海量	Be as Magnanimous as the Ocean
海青	Chanting Robe
涅槃	nirvana
涅槃經	Nirvana Sutra
消業障	to eliminate karmic obstacle
消災	eradicate calamities
消災障	Eliminating Calamity and Hindrances
消遙自在	carefree and at ease
淡定	Carefree and Peaceful
淡泊人生	A Simple Life
淡泊人生 安然自在	A Simple Life; Peaceful and Carefree
淡泊明心	A Detached and Clear Mind
淡泊明志	Detachment and Clear Aspiration
淡泊明志 寧靜致遠	Detachment and Clear Aspiration; Still Water Runs Deep
淡泊養心	Cultivate the Mind with Detachment
淡泊高風	The Nobility of Detachment
淡然	Remain Detached
淡然也	Remain Detached
淡然心安	Detached and Peaceful
淤泥可以長出蓮花 寒門可以培養孝子 洪爐可以鍛鍊鋼鐵 困境可以成就偉人 認錯可以增加勇氣 服務可以轉為善緣 苦澀可以醞釀甘甜 煩惱可以化為菩提	Just as lotuses can grow out of mud, A humble family can raise filial children. Just as steel can be forged in a furnace, Adversity can create greatness. Just as courage comes from admitting one's faults, Service can create good affinities. Just as sweet taste can be brewed from bitterness, Defilements can turn into Bodhi.
淨信	Pure Faith
淨化人心七誡活動	Purifying the Human Minds: Seven Virtues Campaign Oathtaking Ceremony
淨化心靈三好運動園遊會	Purifying the Mind and Three Good Practices Charity Fair
淨因妙果	Pure Cause and Wondrous Effect
淨土	Pure Land
淨土三經	Lectures on Three Buddhist Sutras
淨土新論	New Pure Land Concepts
淨土洞窟	Pure Land Cave
淨土禪邦	Pure Land, Chan Kingdom
淨地何須掃 心門不用關	Why sweep that clean ground? There is no need to close the heart's door.
淨地何須掃 空門不用關	Why sweep that clean ground? There is no need to close the door of emptiness.
淨心	Purify the Mind
淨念不羨黃金貴 慈心自比日月明	Pure thoughts do not covet gold; Compassionate hearts outshine the sun and moon.
淨念相繼	Continuous Thoughts of Purity
淨戒	Pure Precepts
淨房	Restroom
淨智	Pure Wisdom
淨業	Pure Karma
淨業林	Amitabha Chanting Hall
淨業真稱白 好山不改青	White is the true color of pure conduct; Never less green do the Noble Mountains turn.
淨水觀音	Avalokitesvara Bodhisattva holding a vase
淨瓶	Purity Vase
淨華	Flower of Purity
淨蓮	Pure Lotus
淨蓮華	Pure Lotus Flower
深耕	Deep Cultivation
添油香	to make a donation
清修	Pure Practice
清明上河圖	Along the River During the Qingming Festival
清明法會	Qing Ming Festival Dharma Service
清涼明月	Cool and Bright Moon
清涼月	Pure and Cool Moon
清淨	purity
清淨心	pure mind
清淨真佛地 覺性本虛空	Purity is true Buddha land; Awakening nature is ultimate emptiness.
清眾	Participating Member (qingzhong, lit. “pure assembly”/“without duty”)
清者自清，濁者自濁	a clean hand wants no washing
清茶淡飯有妙味 明窗淨几好安居	Nonetheless, bland food and light tea are flavorful; Home comprises an open window and clear table.
清規	Pure Rule
清貧	simple and frugal
清風明月	Cool Breeze and Bright Moon
清風明月本無價 翠竹黃花皆有情	The cool breeze and bright moon are priceless; Bamboos and flowers all have sentiments.
清風明月本無價 遠山近水皆有情	The cool breeze and bright moon are priceless; Faraway mountains and nearby rivers all have sentiments.
清風有意難留我 明月無心自照人	The wind may blow, but I will not sway; The moon may not shine, but I remain bright.
清風當作伴 明月久為鄰	Soothing breezes be my companions; Bright moon my lifetime neighbor.
湯用彤全集	the complete works of tang yongtong
溜單	Leaving without Notification
溪聲畢竟無古今 山色何曾有是非	The creeks voice sounds other than of past and present; The mountains speak words never of right and wrong.
滄海無風千古月 青天不雨四季雲	Vast tranquil sea, timeless moon; Sunny blue sky, seasonal clouds.
滄海無風千古月 青天有日見光明	Vast tranquil sea, timeless moon; Sunny blue sky, luminous world.
滴水	Water Drop
滴水之恩，湧泉以報	Repay the kindness of a drop of water with a fountain.
滴水坊	Water Drop Teahouse
滴水坊總部	Water Drop Teahouse Headquarters
滴水恩	gratitude for a water drop
滴水恩義	Kindness in a Water Drop
滴水穿石	constant dripping wears away a stone
滴水總部	Waterdrop Teahouse Head office
滿…(無標題) 滿口好話給人鼓勵 滿懷感恩珍惜因緣 滿面微笑給人歡喜 滿手善事不求回報 滿心喜悅給人接受 滿目美景無限光明 滿腹經綸智慧如海 滿腔熱忱達成使命 滿耳法音自然天籟 滿腦創意和人分享 滿身行儀令人尊重 滿意隨眾大家同樂 滿分體貼善解人意 滿座說好大家和諧 滿載而歸成果豐碩 滿世友善世界和平 滿園綠意花草芬芳 滿天星辰夜景如畫 滿地寶藏勤勞開發 滿界慈悲共創幸福	......ful  Encourage others by speaking a mouthful of good words.  Cherish your blessings by keeping a heart full of gratitude.  Bring joy to others by showing a face full of smiles.  Do a handful of good deeds and never expect anything in return.  Fit in with others by keeping a heart full of joy.  Acquire a vision full of beauty to stay hopeful in life.  Course in the ocean of wisdom by keeping a head full of knowledge.  Achieve your goals by being mindful of passion.  Enjoy the beauty of nature by hearing an earful of heavenly sounds.  Share a brain full of creativity with others.  Show a body full of demeanor to win the respect of others.  Enjoy your times together by being mindful of amiability.  Be considerate to others by keeping a heart full of sympathy.  Attract a houseful of praises to bring harmony to all.  Have a fruitful harvest from a rewarding journey.  Live in a peaceful world by leading a life full of good friends.  Grow a garden full of verdant and fragrant flowers.  Enjoy a sky full of stars in the night.  Discover a land full of treasures with diligence.  Find a universe full of compassion for a happier humanity.
滿口的好話 滿面的微笑  滿手的善事 滿心的歡喜	Speak a mouthful of good words,  Show a face full of smiles, Do a handful of good deeds, Have a heart full of happiness.
滿樹桃花一棵根	A tree full of plum blossoms all come from the same root
滿香園	Man Xiang Yuan Souvenir Shop
演說	to expound
漢傳佛教研究的過去，現在與未來國際學術研討會	International Academic Conference on Chinese Buddhism: Past, Present, and Future
漢口正信會	Hankou Right Faith Society
漢魏兩晉南北朝佛教史	History of Han, Wei, Eastern and Western Jin, and Northern and Southern Dynasty Buddhism
潭心現皓月 火焰化紅蓮	At the pond's heart the bright moon; Out of fierce flame the red lotus.
灌頂	consecration
火典	Meal Signal
火宅	burning house
為世界和平祈願文	“A Prayer for World Peace”
為信徒添油香	Contribute to our devotees, not the other way round
為僧之道	Conducts and Ways of a Monastic
為善最樂	Good Deeds Bring the Greatest Happiness
為大事也 何惜生命 為信仰也 何吝捨俗 為學法也 何懼委屈 為承諾也 何必反悔	Tis for the Greater Cause, why should even my life be spared? Tis for the Faith, why hesitate on relinquishing the mundane life? Tis for the Dharma, why fear being wronged? Tis for the promise, why regret anything?
為學要通識 人際要通情 個性要通達 求道要通理	Make sure the knowledge you attain is broad. Make sure the relationships you have are reasonable. Make sure the character in you is open. Make sure the path you seek is well understood.
為東南亞印尼、印度地區大地震祈願文	A Prayer for the Earthquake and Tsunami Victims of Indonesia, India, and other South Asian Countries
為生命留下歷史 為社會留下慈悲 為自己留下信仰 為人間留下貢獻	Make history in life, Give compassion to society, Keep faith for oneself, Leave benefactions to the world.
為籌建佛光大學老歌義唱	Fo Guang University Fundraising Charity Concert
為美國卡翠納颶風紐奧爾良市水災祈願文	A Prayer for the Victims of the Katrina Disaster in New Orleans and the Gulf Coast
為自然生態祈願文	A Prayer for Our Natural Environment
煙雲皆般若 花石盡真如	Within twilight is Prajna hidden; Found in nature is True Thusness.
焚香	Burning Incense
無上士	unsurpassed one
無上菩提	Supreme Bodhi
無人無我觀自在 非空非有見如來	No others, no self, a state of perfect ease; No emptiness, no existence, a realization of the Buddha.
無住生心	Non-Abiding Mind
無分別	Non-Discriminative
無分別智	Undiscriminating Wisdom
無垢	No Impurity
無大無小無內外 有您有我有眾生	There is no biggest, no smallest, and no inside or outside; There is you, I, and sentient beings.
無學位	stage of no more learning
無師智	Untaught Wisdom
無常	impermanence
無常迅速	impermanence strikes fast
無得	Non-Attainment
無怨無悔	No Regret or Resentment
無悔	No Regrets
無情	Insentient
無愧	With a Clear Conscience
無憂	without sorrow
無憂人	Carefree One
無懼念頭起 只怕覺照遲	Fear not thoughts that arise; Only the delay of realization and awareness.
無我無人無世界 有事有理有眾生	There is no self, no people, no world; There is matter, reason, and sentient beings.
無我相，無人相，無眾生相，無壽者相	no notion of a self, no notion of others, no notion of sentient beings, no notion of longevity
無所得	nothing to be attained
無明	ignorance
無明火	fire of ignorance
無求	No Desires
無求品高	A Desireless Mind Is Also a Noble Mind
無法	No-Dharma
無漏	Untainted
無漏智	Untainted Wisdom
無為	Non-Doing
無為舍	Abode of Non-Doing
無為舍	the house of nirvana
無生	No-Birth
無生忍	Non-Arising Tolerance
無生智	Non-Arising Wisdom
無生法忍	Tolerance of Non-Arising Dharmas
無用與無明	Without use and without clarity
無畏施	Bestow Fearlessness
無的智慧(一) 無言是最高明的開示 無諍是最強大的力量 無欲是最富有的境界 無我是最高雅的情操 無怨是最慈悲的涵養 無私是最高尚的人性 無求是最有德的風範 無聲是最安詳的領域 無畏是最勇敢的氣魄 無喧是最平和的談吐 無憂是最安然的生活 無常是最真實的現象 無念是最清淨的意識 無住是最擴大的胸懷 無相是最美好的空有 無遮是最平等的布施 無礙是最豁達的態度 無為是最自然的樂章 無憾是最可貴的人生 無漏是最究竟的解脫	The Pros of Being 'Without' (1)  The wisest teaching is usually taught without words.  The strongest power is to be without dispute.  The greatest wealth is to be without desires.  The highest grace is to be without self.  The highest compassion is to be without resentment.  The noblest character is to be without selfishness.  The greatest virtue is to be without want.  The most peaceful place to be is one without sound.  The greatest bravery is to be without unease.  The most peaceful speech is one without quarrel.  The most peaceful way of life is to live without worries.  The greatest Truth: all phenomena are impermanent.  The purest mind is one without thoughts.  The biggest heart is one without abiding.  The greatest way of existence is to be without form.  The most equal form of giving is done without selection.  The most generous mind is one without hindrance.  The most natural sound is created by non-action.  The greatest prize in life is to live without regrets.  The ultimate form of liberation: to be without imperfection.
無的智慧(二) 無怖是最自在的環境 無夢是最舒適的睡眠 無妨是最有量的修養 無價是最珍貴的專長 無障是最順利的前途 無病是最幸福的生涯 無牽是最安心的思想 無惱是最灑脫的自覺 無苦是最希望的需要 無災是最平安的旅程 無禍是最安全的家園 無染是最正派的行為 無垢是最純潔的心靈 無議是最一致的共識 無瑕是最美麗的藝術 無盡是最長遠的符號 無量是最難算的數字 無邊是最寬闊的空間 無學是最完整的研究 無門是最難入的世界	The Pros of Being 'Without' (2)  The most comfortable environment is one without fear.  The best night of sleep is one without dreams.  The most substantial cultivation is one without harm.  The most valuable skill is one offered without a price.  The most promising future is one without hindrance.  The greatest happiness in life is to be without sickness.  The most comforting thoughts are ones without concerns.  The best self-awareness is to be without afflictions.  The greatest hope for all is to be without suffering.  The safest trip is one traveled without calamity.  The safest home is a place without disasters.  The most righteous conduct is carried out without defilement.  The most innocent heart is one without impurity.  The best consensus is one reached without debate.  The most beautiful art is one without flaws.  The most expansive symbol is one without an end.  The hardest number to calculate is one without a limit.  The broadest space is one without a boundary.  The most thorough research is one done without more to learn.  The world that is hardest to enter is one without a gate.
無盡	endless
無盡燈	Endless Light
無盡華藏	Infinite Lotus Store
無盡藏	Boundless Treasure
無相	Formless
無緣	lack of connection
無聲息的歌唱	Bells, Gongs, and Wooden Fish
無行	Non-Action
無道三十	Avoid 30 Improper Ways to Succeed
無遮會	universal offering
無量	immeasurable
無量光	infinite light
無量壽佛	Amitayus Buddha
無量壽經	Larger Sutra on Amitayus
無間	No Distance
焦山佛學院	Jiaoshan Buddhist College
焦芽敗種	barren seed
焰口超薦法會	Yogacara Offering Service
照見五蘊皆空 能度一切苦厄	Upon seeing that the Five Skandhas are empty; One can thus overcome all ills and suffering.
煩惱	defilement
燒香	to burn incense
爐	incense burner
父慈子孝全家福 兄友弟恭滿堂春	A compassionate father and dutiful sons realize a family, Loving and respectful brothers are the spring of the family.
物無義不可取 事非見不可說 人無善不可交 念非正不可動	Do not take what is wrongful. Do not speak of what you have not witnessed. Do not become acquainted with the unkind. Do not think of what is unwholesome.
特助	Executive Assistant
犧牲	sacrifice
犯戒	Violation of Precepts
猶如蓮花不著水 亦如日月住虛空	Like a lotus that stays dry in water; Like the sun and moon that abide in the void.
猿猴捉月	like apes and monkeys trying to catch the moon in the water
獅吼	Lion's Roar
獅子吼	Lion’s Roar
獅子吼	Lion's Roar
獻供	Offering
獻燈	Light Offering
獻給旅行者365日-中華文化與佛教寶典	365 Days for Travelers: Wisdom from Chinese Literary and Buddhist Classics
獻花	Flower Offering
玄奘三藏院	Xuanzang Tripitaka Hall
玉佛樓	Jade Buddha Building
玉佛殿	Jade Buddha Shrine
玉山佛學院	Yushan Buddhist College
玉琳國師	National Master Yu Lin
玉耶女經	Sutra on the Teachings to Sudatta's Daughter-in-law
現世報	karmic retribution in the present life
現代佛教人物辭典	A Dictionary of People in Contemporary Buddhism
現代化	modernize
現象	phenomenon
現身	manifest
理事	Director (BLIA)
理事平等	equality between principle and phenomena
琉璃	lapis lazuli
琉璃王	King Virudhaka
環保與心保	Buddhism in Every Step: Environmental and Spiritual Preservation
環島佈教	Dharma Propagation Tour Around Taiwan
環館道路	Museum Ring Road
瓔珞	Jade Necklace
甘露	nectar; ambrosia
甘露水	nectar
甘露灌頂	Blessings by the Nectar
甘露門	The Nectar Gate of Dharma
生不帶來，死不帶去	we come and go empty-handed
生命活水 清涼自在	Life as Free-Flowing Water; Cool and at Perfect Ease
生壽婚慶儀禮	Birth and Marriage Rites
生如來家	Born in the Home of Tathagata
生忍	Ordinary Patience
生忍法忍 無生法忍	Ordinary Tolerance, Dharma Tolerance; Tolerance of Non-Arising Dharmas
生忍法忍無生忍 您好他好大家好	Ordinary, Dharma, and Non-Arising Dharmas Tolerance; You, him, and everyone is good.
生忍法忍無生忍 您好我好大家好	Ordinary, Dharma, and Non-Arising Dharmas Tolerance; You, I, and everyone is good.
生死輪迴，永無休息	the cycle of birth and death never ends
生氣不能解決問題	Getting angry doesn't solve the problem.
生活有道	Live with the Way
生活樂趣 困難時先憂後樂 失意時苦中想樂 貧苦時知足常樂 落魄時奮起為樂 受罪時懺悔得樂 委屈時放下能樂 忙碌時鬧中取樂 飯食時感恩有樂 耕種時收成獲樂 休憩時舒服安樂 獨處時自得其樂 布施時為善最樂 安居時淡泊自樂 應酬時談笑共樂 得意時怡然享樂 富貴時與眾同樂 團圓時天倫之樂 掌權時助人為樂 日常時平安喜樂 修行時吾有法樂	The “Fun” about Life Enjoy the sorrow in times of tribulations. Enjoy the pain in times of disappointment. Enjoy the sense of contentment in times of poverty. Enjoy the efforts in times of failure. Enjoy the repentance in times of transgression. Enjoy letting go in times of aggrievement. Enjoy the excitement in times of activity. Enjoy the gratitude in times of eating. Enjoy the harvest in times of cultivation. Enjoy the comfort in times of rest. Enjoy the moments in times of solitude. Enjoy doing good deeds in times of giving. Enjoy the simplicity in times of dwelling at home. Enjoy the friendly exchanges in times of social engagement. Enjoy the happiness in times of success. Enjoy the ability to share in times of wealth. Enjoy the intimacy in times of family reunion. Enjoy the luxury of helping others when in acceptance of power. Enjoy the blessings of safety in ordinary times. Enjoy the joy of Dharma in times of spiritual cultivation.
生活禪	Living Chan
生活要佛法化 信仰要理智化 處世要誠信化 待人要尊重化	Let there be Dharma in your life, Let there be rationality in your faith, Let there be honesty in your endeavors, Let there be respect in your relationships.
生滅	arising and ceasing
生生不息	Life Continues Without End
生耕致富	Earnest cultivation yields fruitful harvests.
生長	growth
用雙手多做好事 以力行創造淨土	Use your hands to do more good deeds; Direct your actions to building a Pure Land.
用齋	Dine
留惑潤生	to conserve defilements to benefit beings
畫餅充飢	to try to satisfy hunger by drawing cakes
異中求同 同中存異	Embrace Similarities; Celebrate Differences
當下	immediate moment
當代人心的思路	Contemporary Thoughts on Humanistic Buddhism
當家	superintendent
1. 當挫敗困厄的時候     要能不氣不餒不惱 2.當恐懼徬徨的時候     要能無憂無慮無苦 3.當遭受批評的時候    要能反省慚愧改正 4.當遇到瓶頸的時候    要能積極向上進取	1. In times of setback and adversity, do not get angry, depressed or troubled. 2. In times of fear and confusion, do not worry, get anxious, or suffer. 3. In times of criticism, remember to introspect, repent, and correct one's wrongdoings. 4. In times of stagnation, be positive and willing to forge ahead.
當東方遇上西方─星雲大師與漢學家的對談	When the East meets the West - A Dialogue between Venerable Master Hsing Yun and Sinologists.
當機眾	Interlocutor
當然代表	Ex-officio Delegate (BLIA)
當知心是佛 應以戒為師	We must know our mind is a buddha; We must regard precepts as our teacher.
當頭棒喝	strike a telling blow
疾病即是良藥	Illness can be a cure itself
痴人說夢	to talk ignorant nonsense
登寶地	Ascend to the Land of Treasure
登彼岸	Ascend the Far Shore
登歡喜地	Ascend to the Land of Joy
登清涼地 結歡喜緣	Ascend to the Refreshing Ground ; Establish Joyous Affinity
登高望遠	Climb High to See a Greater View
登高望遠 心懷天下	Climb High to See a Greater View; Set Your Mind on the World
登高望遠 飛揚十方	Climb High to See a Greater View; Soar into the World
發大心	generate great mind
發心吉祥	Auspicious Aspiration
發心如播種 慈悲似春陽 眾生如福田 喜捨似大地 方便如和風 禪定似淨水 般若如雨露 菩提似秋月	Aspiration is like sowing seeds.  Compassion is like the spring sun. Sentient beings are like our field of merits. Joy and equanimity are like the Earth. Expedient means are like soothing breezes. Meditative concentration is like purifying water. Prajna wisdom is like rain and dew. Bodhi wisdom is like the autumn moon.
發心發展 放眼天下	Resolve and Develop; Set Your Heart on the World
發慈悲心人我無間 具信願心力量增上 生菩提心上弘下化 有無我心擴大圓滿	Compassion takes away the gap between you and I. Faith and vow help us grow in strength. The Bodhi mind enables us to reach high and care for all. Selflessness allows life to be bigger and complete.
發菩提心，成就佛道	to generate the bodhi mind and attain Buddhahood
發行人	Publisher
發言人	Spokesperson
發財不如發心 改運不如改心 治世不如治心 救人不如救心	Rather than making wealth, we may as well make a resolve. Rather than changing our fortunes, we may as well change our hearts. Rather than governing the world, we may as well govern our mind. Rather than relieving people, we may as well relieve their hearts.
發願	Making Vows
白塔	White Pagoda
白塔國民小學	Baita Elementary Shool
白話文學史	History of Vernacular Literature
白象幹部	White Elephant Executive
白雲歸天上 溪水山中流	White clouds belong in the sky, Creeks find home inside the mountains.
白鳥多情留我住 青山無語看人忙	Passionate voices of snowy birds urging my stay; Silent witnesses of a busy world, the green mountains.
白鹿洞書院	White Deer Grotto Academy
百千法門 同歸方寸	A Hundred, and Thousand Teachings; All Lead Back to the Same Mind
百喻經	Sutra of One Hundred Parables
百喻經圖畫書	Illustrated Sutra of the One Hundred Parables
百喻經童話書	The Illustrated Sutra of the One Hundred Parables
百孝經	Scripture of Filial Piety
百川入海 萬法歸心	A Hundred Rivers into the Ocean; Endless Dharmas into the Mind
百年佛緣	Buddhist Affinities Across 100 Years
百年佛緣 1：生活篇	Buddhist Affinities Across 100 Years: Daily Life
百年佛緣 2：社緣篇	Buddhist Affinities Across 100 Years: Affinities with Society
百年佛緣 3：文教篇	Buddhist Affinities Across 100 Years: Literature and Education
百年佛緣 4：僧信篇	Buddhist Affinities Across 100 Years: Monastics and Devotees
百年佛緣 5：道場篇	Buddhist Affinities Across 100 Years: Temples and Monasteries
百年佛緣 6：行佛篇	Buddhist Affinities Across 100 Years: Cultivation
百年隨手過 萬事轉頭空	A hundred years pass in the snap of a finger; Myriad matters become futile with a turn of the head.
百忍興家 千喜吉祥	Patience Makes a Family Prosperous; Endless Joy, and Endless Auspiciousness
百法對治百病(一) 用律己對治欲望 用負責對治敷衍 用勤勞對治懶惰 用謹慎對治草率 用務實對治投機 用穩重對治輕浮 用承擔對治推諉 用實踐對治空談 用正派對治諂曲 用積極對治被動 用目標對治盲從 用熟練對治生疏 用靈巧對治愚拙 用專注對治散亂 用耐煩對治急燥 用尊嚴對治自卑 用立志對治消沉 用勇敢對治怯弱 用真誠對治虛假 用厚道對治刻薄	100 Remedies for Life (1)  Remedy desire with temperance.  Remedy negligence with responsibility.  Remedy laziness with diligence.  Remedy carelessness with caution.  Remedy opportunism with pragmatism.  Remedy frivolousness with staidness.  Remedy evasiveness with courage to confront.  Remedy empty talk with real actions.  Remedy flattery with honesty.  Remedy passiveness with proactiveness.  Remedy blind obedience with direction.  Remedy inexperience with mastery.  Remedy clumsiness with dexterity.  Remedy disarray with focus.  Remedy impatience with patience.  Remedya lack of self-esteem with pride.  Remedy dejection with aspiration.  Remedy timidity with courage.  Remedy pretence with sincerity.  Remedy cruelty with kindness.
百法對治百病(三) 用幽默對治呆板 用樂觀對治消極 用喜悅對治瞋怒 用善良對治惡念 用同樂對治獨佔 用溫柔對治粗暴 用熱忱對治冷漠 用微笑對治愁容 用鼓勵對治責備 用讚美對治毀謗 用啟發對治教訓 用善語對治惡口 用愛護對治傷害 用祝福對治詛咒 用無言對治抗議 用仁德對治殘暴 用公平對治不義 用同情對治不仁 用忠誠對治奸邪 用感恩對治無情	100 Remedies for Life (3)  Remedy dullness with humor.  Remedy passiveness with optimism.  Remedy anger with joy.  Remedy ill will with goodwill.  Remedy possessiveness with willingness to share.  Remedy crudity with tenderness.  Remedy indifference with passion.  Remedy melancholy with a smile.  Remedy reprimand with encouragement.  Remedy slander with praise.  Remedy reproach with inspiration.  Remedy offensive language with loving words.  Remedy bullying with care and protection.  Remedy profanity with blessings.  Remedy protest with silence.  Remedy violence with benevolence.  Remedy unrighteousness with justice.  Remedy ruthlessness with sympathy.  Remedy treachery with loyalty.  Remedy heartlessness with gratitude.
百法對治百病(二) 用謙虛對治傲慢 用禮讓對治爭執 用包容對治怨恨 用信任對治猜忌 用知足對治貪婪 用淡泊對治虛榮 用大方對治小氣 用成熟對治幼稚 用寬容對治嚴厲 用尊重對治侮辱 用威儀對治散漫 用高雅對治庸俗 用風儀對治醜態 用莊嚴對治失態 用從容對治慌張 用靜思對治妄動 用放鬆對治壓力 用單純對治複雜 用寬闊對治狹隘 用灑脫對治拘謹	100 Remedies for Life (2)  Remedy arrogance with humility.  Remedy discord with compromise.  Remedy animosity with tolerance.  Remedy suspicion with trust.  Remedy greed with contentment.  Remedy vanity with contentedness.  Remedy stinginess with philanthropy.  Remedy immaturity with maturity.  Remedy harshness with magnanimity.  Remedy insult with respect.  Remedy dispiritedness with awe-inspiring demeanor.  Remedy vulgarity with tastefulness.  Remedy crudeness with elegance.  Remedy impropriety with dignity.  Remedy panic with composure.  Remedy recklessness with deliberation.  Remedy stress with relaxation.  Remedy complexity with simplicity.  Remedy bias with an open mind.  Remedy rigidness with cheerfulness.
百法對治百病(五) 用精進對治懈怠 用發心對治自私 用願力對治習氣 用方便對治官僚 用慈悲對治瞋恚 用喜捨對治慳吝 用道念對治俗情 用般若對治愚痴 用禪心對治妄念 用自在對治罣礙 用無我對治執著 用清涼對治熱惱 用光明對治黑暗 用清淨對治污染 用妙有對治頑空 用真理對治戲論  用圓融對治缺陷 用緣起對治成敗 用中道對治偏執 用圓滿對治生滅	100 Remedies for Life (5)  Remedy lethargy with vigor.  Remedy selfishness with willingness.  Remedy habits with willpower.  Remedy bureaucracy with expediency.  Remedy hatred with compassion.  Remedy stinginess with generosity.  Remedy mundane sentiments with spiritual aspiration.  Remedy ignorance with prajna wisdom.  Remedy delusive thoughts with the mind of Chan.  Remedy angst with serenity.  Remedy stubbornness with selflessness.  Remedy burning affliction with cool calmness.  Remedy darkness with brightness.  Remedy pollutedness with purification.  Remedy attachment to emptiness with wondrous existence.  Remedy rhetoric with the Truth.  Remedy flaws with perfection.  Remedy undesirable causes for success and failure with insight into causes and conditions.  Remedy bigotry with the Middle Path.  Remedy the impermanence of arising and extinguishing with a perfect outcome for all.
百法對治百病(四) 用平等對治差別 用公益對治缺德 用善緣對治結怨 用和諧對治對立 用和眾對治孤僻 用合作對治分裂 用授權對治干涉 用創新對治守舊 用發展對治封閉 用自覺對治無知 用正念對治煩惱 用正見對治邪知 用正行對治惡習 用正業對治邪命 用誠敬對治輕慢 用隨喜對治計較 用護生對治殘殺 用律法對治侵犯 用惜福對治浪費 用慚愧對治無恥	100 Remedies for Life (4)  Remedy discrimination with impartiality.  Remedy immorality with altruism.  Remedy enmity with affinity.  Remedy confrontation with harmony.  Remedy a loner's tendency with fellowship.  Remedy division with cooperation.  Remedy interference with delegation.  Remedy conservatism with innovation.  Remedy isolation with association.  Remedy ignorance with self-awareness.  Remedy affliction with right thought.  Remedy heresy with right view.  Remedy vices with right action.  Remedy improper livelihood with right conduct.  Remedy insolence with reverence.  Remedy fastidiousness with gratification.  Remedy bloodshed with protection.  Remedy transgression with precepts.  Remedy wastefulness with a cherishing mind.  Remedy shamelessness with shame and humility.
百界千如	One Hundred Realms and One Thousand Thusnesses
百花叢裏過 片葉不沾身	One needs to be able to pass through bushes of flowers, Without having any single leaf attached to the body.
百花齊放	Let a Hundred Flowers Blossom
百花齊放 四季如春	Let a Hundred Flowers Blossom; Spring All Year Long
百花齊放山河美 萬象更新大地春	Abundant blossoms add beauty to nature; Boundless new lives bring spring to the Earth.
百萬人興學功德碑牆	Million-Member Fundraising Campaign Wall of Benefactors
百萬人興學紀念館	FGS Million-Member Fundraising Campaign Memorial Hall
百論疏	Commentary on the Treatise in a Hundred Verses
百道湖光千樹雨 萬山明月一聲鐘	A hundred shafts of light upon the pond and rainfall over a thousand trees; Infinite mountains, the bright moon, and a single bell chime.
皈依	Taking Refuge
皈依三寶剃度出家暨傳授沙彌(尼)戒	Tonsure Ceremony Conferring Sramanera and Sramaneri Percepts
皈依三寶甘露灌頂典禮	Triple Gem Refuge Taking Ceremony
皈依三寶的意義	The Triple Gem
皈命	Taking Refuge
盂蘭盆	Ullambama Festival
盂蘭盆法會	Ullambana Dharma Service
盂蘭盆道糧供僧報恩回向法會	Ullambana Merit Transfer Dharma Service & Sangha Day Celebration
監寺	Superintendent (of a temple)
監獄弘法佈教	Correction Center & Spreading the Dharma
監獄教誨師	Correctional Facility Teacher
監院	Superintendent (of a council)
直心	Direct
直指人心	directly pointing to one's mind
相似覺	Enlightenment in Appearance
相對	relative
相應	response, correspond
看世間花紅柳綠 願天下家和人安	Bearing witness of a profusion of the world's colors; I wish for all families to be peaceful and safe.
看世間花開花落 任天上雲去雲來	Peaceful and detached: Watch the flowers blossom and wilt
看單	Lodging Patrol
看破	See Beyond
看破世間嚇壞膽	to see through the world and then be scared to death
看見夢想的力量	Seeing the Power of Dreams
看話禪	Questioning Chan
真佛子	True Buddhist
真善美	Truth, Virtue, and Beauty
真善美新聞傳播獎	Truthful, Virtuous and Beautiful Media Award
真好味	Truly Delicious
真如	True Thusness
真心	true mind
真情實義	Genuine Sentiment and Righteousness
真情實義 人貴知心	Genuine Sentiment and Righteousness; A Friend Who Knows You Is Priceless
真理	Truth
真理的思辯	Contemplation of Truth
真相	True Form
真解脫一塵不染 妙莊嚴萬法皆空	True liberation is bereft a speck of dust; Wondrous magnificence is all-embracing emptiness.
真諦	truth
眼內有塵三界小 心中無事一床寬	Dust in the eye makes even the Three Realms seem small; A carefree mind sleeps always on a bed spacious and wide.
眼前色相皆成幻 夢裏空花盡似真	Ultimately delusive are all forms before your eyes; In fact empty are the distinctly real flowers in your dreams.
眼橫鼻直	eyes are eyes, and nose is nose
1. 眼觀四方 拓展視野 2. 耳聽八面 察納雅言 3. 頭腦靈活 圓融世事 4. 知覺敏銳 減少錯誤 5. 古道熱腸 廣結人緣 6. 肝膽相照 獲得情義	Be alert to your surroundings so as to broaden your vision. Remain aware to all sounds so as to embrace honest advice. Stay mentally agile so as to harmonize all matters. Keep your senses sharp so as to minimize mistakes. Be considerate and warmhearted so as to broadly develop good affinities. Watch out for your friends so as to win loyalty and friendship.
眾中有我	I Am Among the Multitude
眾善奉行	Uphold All Good Deeds
眾生	sentient beings
眾生相	characteristics of sentient beings
眾經撰雜譬喻	A Collection of Parables
眾緣成就平安福 諸事圓滿全家歡	Favorable outcomes are our greatest blessings; All goals fulfilled makes a family joyful.
眾香國	Kingdom of Various Fragrances
督導	Elder Advisor; see 協會督導
瞋心	Anger
1. 瞋心如狂風 會吹走人緣 2. 愚痴似急流 會捲走幸福 3. 我慢像暗礁 會擱淺前途 4. 嫉妒同巨浪 會淹沒理智	1. Anger is like a storm that sweeps away your affinities. 2. Ignorance is like a swift current that washes away your happiness. 3. Arrogance is like a hidden reef that strands your future. 4. Jealousy is like a tsunami that overwhelms your reason.
瞋恚	Anger
瞋拳不打笑面	no smiling face will ever be struck by a fist of anger
知人之偽不形於色 吃人之虧不動於口 施人之恩不發於言 受人之惠不忘於心	Never let your countenance give away your awareness of hypocrisy. Never respond to those who take advantage of you with words. Never repay the kindness of others with just your words. Never forget the kindness of others, always remember.
知客	receptionist
知恥	Sense of Shame
知恩報德	Be Mindful and Repay Others' Kindness
知慚	Sense of Humility
知行	Understanding and Practice
知見	Understanding
知足	Contentment
知足安忍	Contentment Brings Peace
知足常樂是淨土 慈悲喜捨即如來	Pure Land is attained in contentment and happiness; Buddha is found in kindness, compassion, joy, and equanimity.
知足心安	Contentment Brings Peace
知足心常泰 無求品自高	A heart remains prosperous when content; A character remains noble when free of desires.
知足為富	Contentment Is Wealth
知足能忍是天堂 慈悲喜捨是道場 服務助人是福田 共生和平是樂園	Contentment and patience create places of heaven, Kindness, compassion, joy, and equanimity are a way of practice, Service and assistance are the fields of merit, Peaceful coexistence is a paradise.
知道	Knowing
短期出家修道會	Short-Term Monastic Retreat
研究僧	Research Student (monastic)
研究員	Research Fellow
研究生	Research Student
破銅爛鐵也能成鋼	Even scrap metal can be turned into steel.
磧砂藏	Qisha Canon
磨磚作鏡	to polish a brick into a mirror
示教利喜	Inspiration, Teaching, Benefit, and Joy
示現	to manifest
社長	President (of newspaper, association)
祇園	Jetavana Grove
祇園光輝	Glorious Days of the Jetavana Grove
祇園廳	Jetavana Meeting Hall
祇園樟樹林滴水坊	Camphor Grove Tea House at Jetavana Grove
祇園精舍	the Buddha's monastery at Jetavana
祈安法會	chanting and prayer service
祈求	Pray
祈求世界和平活動	Prayer for World Peace Ceremony
祈求世界和平萬人獻燈法會	Prayer for World Peace and Light Offering Dharma Function
祈禱特刊	Prayer magazine
祈願	prayer
祖師	Patriarch
祖師會	A Meeting of Masters
祖意	Patriarch's Heart
祖殿	Patriarch's Hall
祝福	Blessing
神明	god, deity
神明聯誼會	When Buddha Meets the Gods Event
神通	supernatural power
禁語	observation of silence
福人德本	Fortunate One with the Basis of Virtue
福國利民	Benefit the Country and People
福地生輝	Land of Prosperity Shines
福家勤為本 致富儉當頭	Diligence is the foundation of a happy family; Frugality is the start of abundance.
福山智水	Mountain of Merits and Water of Wisdom
福山智海	Mountain of Merits and Ocean of Wisdom
福德	Fortune and Virtue
福德傳家	Let Merit and Blessings Be the Family Legacy
福德安康	Blessing, Virtue, Safety, and Health
福慧	Merit and Wisdom
福慧同修	Dual Cultivation of Wisdom and Fortune
福慧增上	Gain in Merit and Wisdom
福慧家園	Fu Hui Home for Spiritual Cultivation
福慧家園共修會	Fu Hui Home for Spiritual Cultivation Service
福星	A Prosperous Star
福星高照	A Prosperous Star Shining High Above
福智	Fortune and Wisdom
福智印心	Fortune and Wisdom in the Heart
福智圓滿	Perfection of Fortune and Wisdom
福智如海	An Ocean of Fortune and Wisdom
福智海	Ocean of Merit and Wisdom
福智無量	Boundless Fortune and Wisdom
福智雙圓	Perfection of Both Fortune and Wisdom
福海	Ocean of Prosperity
福滿吉祥地 春臨和敬家	A place of auspice filled with blessings; A family of harmony greeted by spring.
福田庫	Field of Merits Bank
福田衣	Field of Merit Robe
福緣如山	A Mountain of Merit of Wisdom
禪	Chan
禪，淨，密	Chan, Pure Land, and Tantric Ceremony
禪似什麼？(一) 禪似尋思探本求源 禪似生活衣食住行 禪似祖意感謝師恩 禪似自心認識真我 禪似突破撥雲見日 禪似話頭探求源流 禪似參究謙虛問道 禪似自然不假修飾 禪似教育契理契機 禪似智慧聰敏靈巧 禪似拂拭清淨無染 禪似空無都在其中 禪似明鏡反觀自照 禪似承擔當然不讓 禪似作務功到自成 禪似靜默勝似雷鳴 禪似明月光照五洲 禪似花朵芬芳四溢 禪似心源本來面目 禪似會意舉一反三	What is Chan? (1)  Chan is a search for our origin and roots.  Chan is a part of everyday living.  Chan is gratitude for our teachers.  Chan is a discovery of the true self.  Chan is the sky unclouded.  Chan is a question that leads to the answer.  Chan is a mind that humbly seeks the Way.  Chan is natural and involuntary.  Chan is education that fits principles and aptitudes.  Chan is wisdom, intelligence, and agility.  Chan is what has been cleansed of dust and is pure.  Chan is emptiness, which embodies everything.  Chan is a bright mirror that reflects one’s image.  Chan is to step up and take responsibility.  Chan is a constant effort that will eventually yield success.  Chan is thunderous silence.  Chan is the bright moon that shines on the world.  Chan is a flower with permeating fragrance.  Chan is one’s original mind and appearance.  Chan is to have many realizations out of one thing.
禪似什麼？(三) 禪似啟發提起話頭 禪似放下提放自如 禪似無相無所不相 禪似殺手消除人我 禪似薄紙一體兩面 禪似整體沒有內外 禪似萬象觸類旁通 禪似草木自有生機 禪似一個無二無三 禪似道場借假修真 禪似海洋流入心房 禪似閃電快速變化 禪似山嶽頂天立地 禪似自我無人代替 禪似自悟不假他人 禪似飲水冷暖自知 禪似率真洞然明白 禪似芥子容納須彌 禪似微塵內藏天地 禪似無形坐斷乾坤	What is Chan? (3)  Chan is inspiration found in the questions raised. Chan is freedom to pick up and let go.  Chan is form in a formless way.  Chan is a killer that eliminates opposite stances.  Chan is both two sides of a thin piece of paper.  Chan is a whole unity without inside or outside.  Chan is everything and anything.  Chan is trees and grass, which have vitality.  Chan is one, not two, nor three.  Chan is to seek ultimate reality through conventional ones.  Chan is an ocean that flows into your heart.  Chan is change that happens as fast as lightning.  Chan is the mountains that reach for the sky and stand firm on the ground.  Chan is about the self and nothing but the self.  Chan is self-attainment, which nobody else can do for you.  Chan is like drinking water, only you know what it tastes like.  Chan is forthright and sudden realization.  Chan is Mount Sumeru embodied in a mustard seed.  Chan is the whole world found in a single dust.  Chan is the world subtly shattering during sitting meditation.
禪似什麼？(二) 禪似明白廓然悟道 禪似點破畫龍點睛 禪似回家摸到門鎖 禪似無門走進虛空 禪似玄關重重疊疊 禪似無我去除執著 禪似虛空包容萬有 禪似滿足一切現成 禪似問道解決疑情 禪似偵探找尋機密 禪似幽默哈哈一笑 禪似思維無限參問 禪似無言不可說破 禪似覺悟一切明白 禪似當下直下承當 禪似示意能悟就好 禪似接心心心相印 禪似傳承衣?為證 禪似道體直指人心 禪似境界看到目標	What is Chan? (2)  Chan is a sudden realization.  Chan is to add the finishing touch.  Chan is like finding the lock that opens up your home.  Chan is to enter the void through the gateless gate.  Chan is to pass through entrance after entrance.  Chan is non-self and non-attached.  Chan is the void that embraces everything.  Chan is contentment with one’s blessings.  Chan is queries resolved.  Chan is a detective that investigates mysteries.  Chan is humor and laughter.  Chan is unconfined thinking.  Chan is wordless and unspeakable.  Chan is enlightenment to everything.  Chan is to take matters into your own hands here and now.  Chan is to focus solely on attainment.  Chan is heart-to-heart connection.  Chan is an inheritance of legacy.  Chan is the essence of the Way that points directly at the heart.  Chan is a state of attainment that sees the goal.
禪似什麼？(五) 禪似有無超越對待 禪似玄妙難思難測 禪似生命沒有死活 禪似您我但無分別 禪似心空浩瀚無邊 禪似白雲悠遊自在 禪似甘露清涼解渴 禪似冬陽溫暖人心 禪似山嶺難以攀登 禪似飛鳥翱翔自在 禪似燭光一燃即明 禪似流水代佛說法 禪似佛心無可比擬 禪似家人親疏有別 禪似吃飯無人能替 禪似流星一閃即過 禪似人心變化無窮 禪似多元實際一體 禪似宇宙就是我心 禪似甚麼啥都不是	What is Chan? (5)  Chan is beyond you and me, or this and that.  Chan is mysterious and beyond imagination.  Chan is life beyond birth and death.  Chan is you and I as one.  Chan is an empty but boundless mind.  Chan is a free cloud in the sky.  Chan is a refreshing nectar that quenches your thirst.  Chan is the winter sun that warms your heart.  Chan is a towering, unclimbable peak.  Chan is a bird that soars freely in the sky.  Chan is a lit candle that instantly dispels darkness.  Chan is a river, which allows the Dharma to flow.  Chan is the unparalleled Buddha-mind.  Chan is like family both close and estranged.  Chan is like eating, nobody can do it on your behalf.  Chan is as fleeting as a shooting comet.  Chan is the human mind that changes endlessly.  Chan is unified diversity.  Chan is the universe and my mind.  Chan is unlike anything.
禪似什麼？(六) 禪似中間無頭無尾 禪似至交言語道斷 禪似走路不能代行 禪似無聲知音難覓 禪似一點那麼簡單 禪似渡船渡過即棄 禪似佛界不知何方 禪似信仰高不可測 禪似六識識得禪風 禪似悟道牧牛回家 禪似問禪隻手之聲 禪似師姑不知男女 禪似呼吸有無生命 禪似天眼永不消滅 禪似矛盾?可統一 禪似差別但可合流 禪似樂章伯牙子期 禪似文章起承轉合 禪似地球百億禪心 禪似道統凡聖兩忘	What is Chan? (6)  Chan is a beginningless and endless center.  Chan is your best friend who communicates without words.  Chan is like walking, nobody can do it for you.  Chan is an extremely rare confidant.  Chan is as simple as a dot.  Chan is a ferry you must abandon after crossing the river.  Chan is the state of Buddha, which is unseen.  Chan is supreme and unfathomable faith.  Chan is the Six Consciousness that embody the taste of Chan.  Chan is an ox that is herded home.  Chan is the sound of one hand clapping.  Chan is to be a “Shigu” who is beyond man and woman.  Chan is breathing with or without life.  Chan is the everlasting divine eye.  Chan is irony harmonized.  Chan is differences that can blend in.  Chan is like finding a soulmate who sees the best in you.  Chan is like writing, where stages of development are involved.  Chan is the minds of ten billion earthlings.  Chan is unity and transcendence of sageliness and ordinariness.
禪似什麼？(四) 禪似圓圈就那麼樣 禪似慧目通身是眼 禪似法界都在心中 禪似無限沒有邊緣 禪似無著寸絲不掛 禪似無念不落有無 禪似無住無住生心 禪似萬法回歸一如 禪似一心通達萬法 禪似平常生活是道 禪似問號難以回答 禪似無知無所不知 禪似般若要您放光 禪似通路直達佛道 禪似藥草可治百病 禪似印章與佛印心 禪似開關一開就知 禪似工具自傘自度 禪似翠竹代佛現身 禪似時空無量無邊	What is Chan? (4)  Chan is as simple as a circle.  Chan is like having eyes all over the body.  Chan is the dharma realm that exists within the mind.  Chan is limitless and boundless.  Chan is without a single thread of attachment.  Chan is a mind thoughtless of existence or emptiness.  Chan is to allow the non-abiding mind to arise without abiding.  Chan is everything returned to their one origin.  Chan is one mind that connects with myriad dharmas.  Chan is to live the Way like ordinary life.  Chan is an unanswerable question mark.  Chan is the unknown that knows all.  Chan is prajna that makes you shine.  Chan is the Way that leads directly to buddhahood.  Chan is a herb that cures all illnesses.  Chan is a seal that authenticates your buddha-mind.  Chan is like a switch that tells you what has clicked.  Chan is a tool that helps one cross over.  Chan is green bamboo that represents Buddha’s manifestation.  Chan is boundless time and infinite space.
禪修	Meditation
禪味	Taste of Chan
禪和子	Chan Monk
禪坐	sitting meditation
禪堂	Meditation Hall
禪宗與人間佛教學術研討會	Academic Conference on Humanistic Buddhism and Chan School
禪定	meditative concentration
禪定與智慧	Meditation and Wisdom
禪師	Chan master
禪心朗照千江月 真性情懷萬里天	The Chan mind shines like the moon in a thousand rivers, True nature and sentiment are as vast as the boundless sky.
禪悅	joy of Chan
禪悅	Joy of Meditation
禪悅法喜 禪心佛道	Joy of Chan and Dharma; Mind of Chan and Buddha
禪是一朵花 禪是一輪月 禪是一生情 禪是一顆心	Chan is a flower. Chan is a full moon. Chan is a lifetime's sentiment. Chan is a full heart.
禪是生活中的一朵花	Chan, a Flower in Life
禪林寶訓	Precious Teachings of the Chan Masters
禪河隨浪靜 定水逐波清	Beneath the moving currents the calming river of Chan; Behind rolling waves the clear water of concentration.
禪海隨浪靜 定水逐波清	Beneath the moving currents the calming river of Chan; Behind rolling waves the water of concentration clears.
禪淨共修	Combined Practice of Chan and Pureland
禪淨密三修唱頌講座	Chan, Pure Land, and Tantric Singing and Dharma Lecture
禪淨密三修獻燈祈福法會	Chan, Pure Land, and Esoteric Dharma Function and Light offering Ceremony
禪淨律	Chan, Pure Land, and Precepts
禪的真諦	Buddhism in Every Step: The Essence of Chan
禪的自覺教育	Self-Awakening through Chan
禪與人間佛教學術研討會	Academic Conference on Humanistic Buddhism and Chan
禪與生活	Ch'an and Life
禪與藝術生活	Ch'an and the Art of Living
禪觀	Chan Contemplation
禪話禪畫禪畫禪話	Chan Heart, Chan Art
禪講師研究院	Research Institute for Chan Lecturers
禪道	Way of Chan
禪門	Chan Monastery
禪門深似海 佛法大如天	Deep as the ocean is the Way of Chan; Majestic as the sky is the Dharma of Buddha.
禪風淨月	Chan Breeze and Pure Moon
禪風淨月 佛道慈心	Chan Breeze and Pure Moon; Buddha's Way and Compassionate Heart
禮佛	to prostrate to the Buddha
禮拜	Prostrate
禮敬大廳	Front Hall
禮敬大廳滴水坊	Front Hall Water Drop Teahouse
禮請	Request for Teachings
禮讚音緣─佛光山人間音緣梵樂團創團巡迴音樂會	Praise to the Sounds of Music - Sounds of the Human World Chinese Orchestra Debut Center Tour
秋月	Autumn Moon
秋月朗清空 菩薩開覺路	An autumn moon in a clear sky; A bodhisattva on the path to enlightenment.
秋月禪心	The Chan Mind Is Seen in the Autumn Moon
秘書	Secretary
秘書長	Secretary-General
種子	seed
種瓜得瓜，種豆得豆	good begets good, evil begets evil
種福田	to cultivate the field of merits
稱念	chant Buddha's name
積聚	accumulation
空中萬有 全在心中	All Existence Arise from Emptiness; Everything Is in the Mind
空容萬有	Emptiness Embraces All
空山雲天	The Mountain of Emptiness and Sky of Clouds
空性	Empty Nature
空有	Emptiness and Existence
空江月明	Empty River, Bright Moon
空無	Emptiness
空色色空空即色 有無無有有還無	Empty form, form of emptiness, thus emptiness is form; Being absent, absence of being, thus being is absence.
空見	View of Emptiness
空谷風吹知勁草 滿山葉落見蒼松	Gale in empty valley will single out a tough grass; Falling leaves in the mountains shall reveal green pines.
空門	Gate of Emptiness
立功立德	Establish One’s Merit and Virtue
立功立德 心懷天下	Establish One’s Merit and Virtue; A Mind That Embraces the World
立功立德立言 三不朽也	Establish One’s Merit, Virtue, and Teachings; These Are the Three Imperishables
立大願	to make great vows
立定腳跟 心懷十方	Set One's Foot Firmly on the Ground; Set One's Heart on the Entire World
立志如高山 培德似大地	Have aspirations lofty as mountains; Nurture virtue profound as the Earth.
立志如高山 培德似深海	Have aspirations lofty as mountains; Nurture virtue deep as the ocean.
立足當下 悟道今朝	Abide in the Present Moment; Awaken in the Here and Now
端心正意	with a proper mind and regulated will
端莊	Graceful
竹密不妨流水過 山高豈障礙白雲飛	No matter how dense, water always passes through the bamboos; Regardless of height, clouds always cross the mountaintops.
竹林佛學院	Zhulin Buddhist College (1928-1939)
笑面是供養 讚美出妙香	A smile is a form of giving, A praise emits pleasant fragrances.
不私收徒弟 不私蓄金錢 不私建道場 不私交信者	1. Fo Guang members do not privately accept disciples. 2. Fo Guang members do not privately save money. 3. Fo Guang members do not privately build temples. 4. Fo Guang members do not privately establish relationships with devotees.
不私自化緣 不私自請託 不私置產業 不私造飲食	1. Fo Guang members do not privately collect donations. 2. Fo Guang members do not privately ask for favors. 3. Fo Guang members do not privately purchase personal property. 4. Fo Guang members do not privately prepare food and drinks.
1. 佛光人以佛法為重，以世法為輕 2. 佛光人以道情為重，以俗情為輕 3. 佛光人以實踐為重，以空談為輕 4. 佛光人以是非為重，以利害為輕	1. Fo Guang members value the Dharma over worldly knowledge. 2. Fo Guang members value spiritual connection over worldly relationships. 3. Fo Guang members value actual practice over empty talk. 4. Fo Guang members value right and wrong over gain and loss.
1. 佛光人在生活上要隨遇而安 2. 佛光人在修行上要隨心增上 3. 佛光人在社會上要隨緣不變 4. 佛光人在處事上要隨喜結緣	1. Fo Guang members should remain at ease under whatever circumstances in life. 2. Fo Guang members should follow the heart in progressing along the path of cultivation. 3. Fo Guang members should remain unchanging while following conditions in society. 4. Fo Guang members develop good affinities joyfully under all conditions.
1. 佛光人生活要佛法化 2. 佛光人信仰要理智化 3. 佛光人處事要平和化 4. 佛光人修持要落實化	1. Fo Guang members should practice the Dharma in daily life. 2. Fo Guang members should remain rational in their faith. 3. Fo Guang members should peaceful resolve matters. 4. Fo Guang members should be pragmatic in their spiritual practices.
1. 佛光人要像千年老松：禁得起歲月寒暑的遷流 2. 佛光人要像嚴冬臘梅：受得了冰天雪地的考驗 3. 佛光人要像空谷幽蘭：耐得住清冷寂寞的淒涼 4. 佛光人要像秋天黃菊：熬得過寒霜雨露的摧殘	1. Fo Guang members should be like the thousand-year-old pine that withstands the test of time. 2. Fo Guang members should be like the winter plums that withstand the harshest cold. 3. Fo Guang members should be like the deep valley orchids that withstand the desolation of solitude. 4. Fo Guang members should be like the autumn chrysanthemum that withstands slashing rain and biting frost.
1. 佛光人要先入世後出世 2. 佛光人要先度生後度死 3. 佛光人要先生活後生死 4. 佛光人要先縮小後擴大	1. Fo Guang Members should serve the world before renouncing it. 2. Fo Guang members should save the living before liberating the dead. 3. Fo Guang members should try to learn to live a good life before dying a good death. 4. Fo Guang members should progress gradually in their practice.
1. 佛光人要有以眾為我的認知 2. 佛光人要有以無為有的思想 3. 佛光人要有以退為進的雅量 4. 佛光人要有以空為樂的觀念	1. Fo Guang members should have the understanding of placing the assembly before oneself. 2. Fo Guang members should have the mind which owns by having nothing. 3. Fo Guang members should have the magnanimity to progress by compromising. 4. Fo Guang members should have the mindset of taking joy in being empty.
1. 佛光人要有為教的憂患意識 2. 佛光人要有為道的篤實心態 3. 佛光人要有對事的敏銳覺知 4. 佛光人要有為眾的慈心悲願	1. Fo Guang members should have a sense of crisis for Buddhism. 2. Fo Guang members should take solid steps to progress along the Way. 3. Fo Guang members should remain sharp and aware towards matters. 4. Fo Guang members should develop the altruistic spirits of loving-kindness and compassion.
1. 佛光人要發揮集體創作的成就 2. 佛光人要堅守非佛不作的信念 3. 佛光人要認同制度領導的精神 4. 佛光人要遵從唯法所依的準則	1. Fo Guang members should accomplish by collective effort. 2. Fo Guang members should believe in doing only what is in accord with Buddhism. 3. Fo Guang members should recognize the spirit of leadership by system. 4. Fo Guang members should abide by the principle of relying on nothing but the Dharma.
1. 佛光人要給人信心 2. 佛光人要給人歡喜 3. 佛光人要給人希望 4. 佛光人要給人方便	1. Fo Guang members should give others faith. 2. Fo Guang members should give others joy. 3. Fo Guang members should give others hope. 4. Fo Guang members should give others convenience.
1. 佛光人要自我觀照，反求諸己 2. 佛光人要自我實踐，不假外求 3. 佛光人要自我更新，不斷淨化 4. 佛光人要自我離相，不計勝負	1. Fo Guang members should self-reflect and only seek from within. 2. Fo Guang members should self-actualize and not seek from without. 3. Fo Guang members should self-reinvent and continue to sublimate. 4. Fo Guang members should remain detached and not cling to victory.
1. 佛光人身語行為要有社會性 2. 佛光人弘法利生要有使命感 3. 佛光人五欲六塵要有自制力 4. 佛光人做人處事要有公德心	1. Fo Guang members should speak and act with a sense of social involvement. 2. Fo Guang members should propagate the Dharma and benefit living beings with a sense of mission. 3. Fo Guang members should have self-discipline against the Five Desires and Six Objects. 4. Fo Guang members have a sense of social responsibility.
華嚴經：對自己要能不忘初心 維摩經：對國家要做不請之友 八大人覺經：對朋友要肯不念舊惡 大乘起信論：對社會要懂不變隨緣	1. According to the Avatamsaka Sutra: Never forget one's own initial vows. 2. According to the Vimalakirti Sutra: Be an invited helper to one's country. 3. According to the Sutra on Eight Realizations of the Great Beings: Never hold a grudge against a friend. 4. According to the Commentary on the Awakening of Faith in the Mahayana: Remain unchanged while following conditions as a member of society.
要有宗教情操 要有慚恥美德 要有因果觀念 要有容人雅量	1. Fo Guang members should have religious spirit. 2. Fo Guang members should understand the concept of cause and effect. 3. Fo Guang members should possess the virtues of repentance and shame. 4. Fo Guang members should be tolerant.
第一義	Ultimate Truth
等慈	Universal Compassion
等持	holding oneself in equanimity
等覺	Perfect Enlightenment
篤實	Sincere and Honest
粒米必珍 富之源也 	A grain of rice should be cherished as it is the source of fortune
粥去飯來何日了 日升月落幾時休	Go the congees and come the rice, when will this ever end? Rises the sun and sets the moon, when will they ever rest?
糾察	disciplinarian
糾纏	entangle
紅塵	worldly affairs
紅梅知春早 松柏認歲寒	Red plums recognize an early spring; Pines and cypress perceive a cold age.
紅樓夢	Dream of the Red Chamber
紅磡香港體育館	Hong Kong Coliseum
素菜譜	Vegetarian Recipes
素食	Vegetarian Food
素齋	vegetarian meal
素齋談禪	A Discussion of Ch'an Over a Vegetarian Meal
紫竹林	Purple Bamboo Forest
結善緣	Develop Broad and Good Affinity with Others
結夏	Beginning of Summer Retreat
結界	Restricted Area
結緣	Develop Affinities
結緣總比結怨好	Affinities are better than enemies
絕對	absolute
給人利用才有價值	being used by others shows one's true worth
給人因緣	Give Others Conditions
給人接受	Gain Acceptance in Others
經懺	chanting and repentance services
經本	Sutra
經行	walking meditation
綠水青山悟自心 松風明月觀人情	Discover your true mind in verdant waters and green mountains; Observe human sentiments amidst the pine, winds, and moon.
維摩	Vimalakirti
維那	karmadana
網名菩薩經	Sutra of the Bodhisattva Bright Net
緣份分	Conditions
緣分	affinity
緣覺	pratyekabuddha
緣起	Dependent Origination
緣起中道	Dependent Origination and the Middle Path
緣起性空	Dependent Origination and Empty Nature
編審	Copy Editor
編審委員	Editorial Advisory Board Member
編輯	Editor
緬甸文貝葉經	Burmese Palm-Leaf Buddhist Sutra
總住持	Head Abbot
總召集人	General Convener
總會長	President (BLIA World HQ)
繞佛	to circumambulate the Buddha
繞塔	Circumambulate
繫縛	tied to
繼往開來	Carry on the Past and Open a Way for the Future
纏縛	to bind
缽	Alms bowl
罣礙	affliction
罣礙	Hindrance
罪過	transgression
置心一處 無事不辦	When the Mind Is Focused, Nothing Is Impossible
署理會長	Acting President (BLIA World HQ)
羅剎	raksasa
羅漢	arhat
羅漢堂	Arhat Hall
羅漢鞋	arhat shoes
美學生活	Aesthetic Life
美滿人間	A Happy and Beautiful World
美滿因緣	Perfect Conditions
1. 美色的後面 有危險的深淵 2. 金錢的後面 有虎狼的魔爪 3. 毒品的後面 有毀滅的陷阱 4. 懈怠的後面 有失敗的人生	There's a dangerous abyss in the lure of a beauty. There are demon's claws that ensnare you with gold. There's a vicious trap in a life of drugs. There's moral rot in a life of idleness.
義	righteousness
義學	tuition-free school
義工	volunteer
義工團	Volunteers Department; see 義工會
義工培訓課程	Volunteer Training Seminar
義工會	Volunteers Association
義氣	Righteousness
義理	Doctrine
羯摩	Repentance
羯摩和尚	Karma Acarya
習性	Habitual Nature
翠竹青松山河美 花紅柳綠大地春	Emerald bamboos and green pines, beautiful nature; Crimson flowers and verdant willow, land of spring.
翠竹青松山河美 花紅鳥鳴大地春	Emerald bamboos and green pines, beautiful nature; Crimson flowers and chirping birds, land of spring.
翻案	to reverse a verdict
老二哲學	The Philosophy of Being Second
老和尚	Elder Most Venerable
老婆心切	like an old woman's ardent urgency
老殘遊記	The Travels of Old Decrepit
耕	Cultivate
聊齋誌異	Strange Tales of Liao Zhai
聖凡	sage and ordinary
聚沙成塔	sand grains accumulate to make a tower
聞思修	Listen, Contemplate, and Practice
聞思修	hearing, contemplation, and practice
聯合畢業祝福禮	Joint Graduation Ceremony
聯絡室	Liaison Office
聰敏靈巧	Be Smart and Agile
聲聞	sravaka
職事	Staff
肌肉是要活的	Keep your muscles alive
股票有漲有跌 經商有賺有賠 事業有起有落 計劃有成有敗 比賽有勝有負 地位有上有下 際遇有好有壞 人生有得有失	Stocks will rise and fall. Business has its profits and losses. Careers may succeed or fail. Plans will progress or decline. Races will create winners and losers. Ranking can climb or drop. A circumstance can be good or bad. Life has its gains and losses.
肯定生命的價值 誠實評估自己 涵養清明的心境 勇於面對現實	Recognize the value of life. Evaluate yourself with honesty. Nurture a mind of clarity. Confront reality with courage.
胸懷容日月 義氣領千秋	A heart big enough to contain the sun and moon; Loyalty will keep one steadfast throughout the ages.
胸懷法界	Embrace the Dharma Realm in the Mind
胸懷法界 志在十方	Embrace the Dharma Realm in the Mind; Aspiration to Soar into the Entire World
胸量	Magnanimity
能受苦方為志士 肯吃虧必是福人	Only perseverance makes a hero; Only compromise brings good fortune.
能吃苦方為志士 肯吃虧即是福人	Only perseverance makes a hero; Only compromise brings good fortune.
能接受就能接受 肯承受必可成功	Willingness to accept leads to acceptance; Willingness to shoulder responsibility leads to success.
能接受就能進步 肯承受必可成功	Willingness to accept leads to improvement ; Willingness to shoulder responsibility leads to success.
能者十無 1. 從善如流 賢者無惱 2. 思想細密 智者無憂 3. 正直無私 勇者無懼 4. 樂於工作 勤者無惰 5. 人我來往 誠者無欺 6. 解衣推食 義者無悔 7. 敬重父母 孝者無違 8. 給人方便 善者無礙 9. 一心學佛 信者無妄 10. 慈悲待人 仁者無敵	Ten Freedom of the Capable In forging ahead in doing what is right, an eminent one is free of afflictions. In contemplating deliberately, a wise one is free of worries. In being honest and selfless, a brave one is free of fear. In finding joy in one's work, a diligent one is free of indolence. In dealing with people, a sincere one is free of deceit. In relinquishing one's food and clothing, a righteous one is free of regrets. In being respectful to one's parents, a dutiful son is free of defiance. In making things easier for others, a kind one is free of hindrances. In single-heartedly learning the Dharma, a faithful one is free of delusions. In treating others with compassion, a kind one is free of enemies.
臘八	Lunar Eighth of December
臘八粥	Laba congee
臨濟栽松	Linji Planting Pines
臨濟錄	Record of Linji
臨終	the final moment of life
臨終	Moment of Death
臨終關懷	palliative care
自主	Autonomous
自他一如 同體共生	Treat Self and Others as One; Oneness and Coexistence
自作自受	to suffer the consequences of one's own actions
自依止 法依止	Rely on the Self, Rely on the Dharma
自在人	Carefree One
自在任運	Be Yourself with Perfect Ease
自在寮	Dormitory of Perfect Ease
自在紀念品	Perfect Ease Souvenir Shop
自在觀音觀自在 如來如是見如來	With perfect ease is Avalokitesvara the Lord of Perfect Ease; Thus comes is thus Tathagata the Thus Comer.
自在門	Gate of Liberation
自強不息	Continuously Strive to Improve
自強救國弘法大會	Strengthen and Save our Nation, Dharma Propagation Movement
自心	One's Mind
自心不羨黃金貴 善緣好比日月明	A singular mind free of envy for gold and riches; Good affinities like shining sun and moon.
自性	Self-Nature
自性本清淨 諸法無去來	Nature is intrinsically pure; Dharmas never actually come or go.
自性空	The Intrinsically Empty Nature
自性空	emptiness of self-nature
自我	Oneself
自我觀照 但求諸己 自我更新 不斷淨化 自我實踐 不假外求 自我離相 不計內外	Reflect upon oneself, and seek the cause in oneself. Reinvent oneself, and continue to purify oneself. Live up to oneself, and never rely on others. Detach from oneself, and never discriminate.
自有一雙慈悲手 願作世間喜捨人	Naturally there shall be a pair of hands; Giving joyously and generously to the world.
自然界與人 大地供人居住 流水供人飲用 火力供人熟食 空氣供人生存 陽光供人溫暖 冰雪供人磨鍊 月光供人舒暢 夜晚供人休憩 道路供人行走 橋樑供人往來 百花供人欣賞 微風供人涼爽 果實供人品嘗 食物供人存活 好藥供人治病 江海供人潛水 森林供人氧氣 山岳供人登高 家屋供人安全 禪修供人悟道	Nature and Humanity The Earth provides dwelling for humanity. Water provides nourishment for humanity. Fire provides cooked food for humanity. Air provides survival for humanity. Sunlight provides warmth for humanity. Snow provides a test of endurance for humanity. Moonlight provides comfort for humanity. Nighttime provides rest for humanity. Roads provide paths for humanity. Bridges provide passage for humanity. Flowers provide beauty for humanity. Gentle breezes provide coolness for humanity. Fruits provide good tastes for humanity. Food provides sustenance for humanity. Good medicine provides cures for humanity. Oceans and rivers provide swimming space for humanity. Forests provide oxygen for humanity. Mountains provide climbing space for humanity. Home provides safety for humanity. Meditation provides ways of enlightenment for humanity.
自覺為教 戒如大師	Self-Awareness and Commitment; Precepts Are Your Best Teacher
臭皮囊	Rotten Sac
至道無難 唯嫌揀擇	To Reach the Way Is Not Difficult; One Need Only Have No Preferences
致護法朋友的一封信	Letter to Dharma Protectors and Friends
與人為善做好事 從善如流說好話 心甘情願存好念 皆大歡喜做好人	Oblige others by doing good deeds, Do what is right by speaking good words, Be perfectly amenable in thinking good thoughts, Create a win-win situation by being a good person.
與人為樂	Be Kind to Others
與佛同心	Think Like a Buddha
與大師心靈對話	Speaking Heart to Heart with Venerable Master Hsing Yun
舉重若輕	Handle difficult tasks with ease
舍利	relic
舍利殿	Relic Shrine
般若	prajna
般若心經的生活觀	Wisdom for Daily Living: A Commentary on the Heart Sutra
般若智海	The Ocean of Prajna Wisdom
般若波羅蜜多心經	The Heart Sutra
般若海	The Ocean of Prajna Wisdom
般若牆	Wall of Wisdom
般若空性: 1. 實相般若 2. 觀照般若 3. 方便般若	Prajna: 1. Prajna of true reality; 2. Prajna of contemplation; 3. Prajna of skillful means
般若門	Prajna Gate
般若風光	Prajna View
色即是空，空即是色	form is emptiness, emptiness is form
色空本不二 事理原來同	Form and emptiness were never two; Phenomena and principle are actually one.
色身	Physical Body
芙蓉花面春風暖 楊柳枝頭甘露香	A lily's fair face smiles the warmth of spring; A verdant willow branch spreads the scent of nectar.
芬陀利	Pundarika
芬陀花開	Pundarika Flower Blooms
花似美人常在眼 竹如君子自虛心	Flowers, beauty before your eyes; Bamboo, humbleness in your heart.
花前月下景色美 天上人間喜樂多	Flowers and moonlight, a beautiful view; Heaven and Earth, all places of joy.
花好月圓	A Beautiful Flower and Perfect Moon
花好月圓 雲淡風清	A Beautiful Flower and Perfect Moon; Let the Past Be in the Past
花紅春猶在 月明秋意涼	Crimson flowers, lingering spring; Bright moon, chilling autumn.
花落春猶在，人死樓已空	spring lingers even when flowers have fallen; a place becomes empty when someone passes away
花語禪心寂 松風鳥語香	Flowers' whispers, the serene mind of Chan; Pines and winds, birds chirping.
花開便見如來面 月上方知菩薩心	The face of a blooming flower, that of the Buddha; The rising of the moon, the heart of a bodhisattva.
花開及時	Timely Blossom
花開四季	Blossoming Flowers for All Seasons
花開四季 合家平家安	Blossoming Flowers in All Four Seasons; Peace for the Whole Family
花開富貴春 竹報歲平安	Flowers bloom into a spring of wealth; Bamboos voice the sounds of peace and safety.
花開山川美 光照天地寬	Blooming flowers beautify the mountains and rivers; Shining light widens heaven and earth.
花開山川美 光照天地明	Blooming flowers beautify the mountains and rivers; Shining light illuminates heaven and earth.
花開山河麗 光照天地寬	Blooming flowers glorify the mountains and rivers; Shining light broadens the heart of heaven and earth.
花開山河麗 光照天地心	Blooming flowers glorify the mountains and rivers; Shining light illuminates the heart of heaven and earth.
花開生佛	A Buddha Is Born from a Flower
花開花落春常在 雲去雲來山更幽	Flowers bloom and wilt, but spring never fades; Clouds come and go, yet mountains are ever more serene.
花開見佛	Seeing the Buddha When the Flower Blooms
花雨禪心寂 松風鳥語香	Rain of flowers, the serene mind of Chan; Pines and winds, birds chirping.
芳草春回依舊綠 梅花時到自然香	Fresh grass in a spring field is still verdant; Timely plum blossoms are naturally fragrant.
芳草春田依然綠 梅花到時自然香	Fresh grass in a spring field is still verdant; Timely plum blossoms are naturally fragrant.
若不成佛，誓不起座	I vow never to rise from my seat unless I achieve Buddhahood
若人滿三千大千世界七寶，以用布施	if a person, in an act of generosity, were to give away enough precious jewels to fill an entire great chiliocosm
若要身體好 不要吃太飽 若要人緣佳 誠懇莫驕傲 若要家庭和 關懷最重要 若要事業興 勤勞去創造	To be in good health, Don't eat too much. To have good affinities, Be sincere instead of proud. To have a happy family, Show that you care. To succeed in one's career, Strive with diligence.
苦果	Effects of Suffering
苦海	ocean of suffering
苦海慈航	Ferry of Compassion in the Ocean of Suffering
苦海無邊，回頭是岸	the ocean of suffering is boundless; only by turning back can one reach salvation
苦行	austerity
苦集滅道	Suffering, Cause, End, and Path
英文佛學小叢書	Buddhist in Every Steps Series
英語寺院生活體驗營	FGS Weekend Temple Retreat
英雄志四海 古人惜寸陰	The brave sets his heart on the world; The ancient sage set his mind on time.
英雄志四海 學士惜寸陰	The brave sets his heart on the world; The learned scholar sets his mind on time.
英雄志在行天下 菩薩結緣遍十方	A great man aspires to travel the entire world; A bodhisattva establishes affinities across the ten directions.
茉莉	jasmine
茶禪	Tea Chan
茶禪一味	Tea and Chan
茶飯禪	Chan in tea and meals
草堂詩	Grass Hut Blown Down by the Autumn Wind
荊軻傳	Story of Jing Ke
莊嚴淨土─梵音樂舞	Solemn Pure Land - Buddhist Hymn and Dance Concert
莫妄想	think no delusive thoughts
莫嫌佛門茶水淡 僧情不比俗情濃	Say not that the monastery tea tastes bland; Monastic sentiment is lighter than worldly ones.
莫學芙蓉空有面 應如梅花撲鼻香	Echo not the lily having naught but appearance; Pursue instead the plum blossom with a permeating fragrance.
莫忘(妄)想	Think No Delusive Thoughts
菩提	bodhi
菩提伽耶國際三壇大戒	International Triple Platform Full Ordination Ceremony in Bodhgaya
菩提廣場	Bodhi Wisdom Concourse
菩提樹	Bodhi Tree
菩提路	the Bodhi Path
菩提道次第廣論	Great Treatise on the Stages of the Path to Enlightenment
菩提門	Bodhi Gate
菩提願	Bodhi Vow
菩薩	bodhisattva
菩薩善戒經	Sutra on the Good Precepts of the Bodhisattvas
菩薩地持經	Sutra on Bodhisattva Stages (Bodhisattva-bhumi Sutra)
菩薩心	Bodhi Mind
菩薩戒	Bodhisattva Precepts
菩薩畏因，眾生畏果	bodhisattvas fear causes while sentient beings fear effects
菩薩的宗教體驗	Buddhism in Every Step: On Becoming a Bodhisattva
菩薩與義工	Bodhisattva and Volunteer
菩薩行者	a bodhisattva practitioner
菩薩行證	Infinite Compassion, Endless Wisdom
菩薩道	Bodhisattva Path
華嚴淨土	Avatamsaka Pure Land
華嚴經	Avatamsaka Sutra
華嚴經普賢十大願	Ten Vows of Samantabhadra in the Avatamsaka Sutra
華藏世界	Pure Land of Vairocana
華藏玄門	Padmagarbha Gate
華藏玄門	Profound Approach of Lotus Store
菴堂	Nunnery
菴摩羅	amra
萬事如意	All Wishes Fulfilled
萬人歌頌偉大的佛陀音樂會	Praise the Buddha Grand Concert
萬人照相台	Grand Photo Terrace
萬人皈依典禮及萬人獻燈祈福弘法大會	Grand Triple Gem Refuge Taking and Light Offering Dharma Service
萬佛在家五戒菩薩戒會	Ten-Thousand-Buddhas Five Precepts and Bodhisattva Precepts Ceremony
萬佛殿	Ten-Thousand-Buddhas Shrine
萬壽園	Longevity Park
萬壽堂	Longevity Hall
萬壽日記	The Wan Shou Diary
萬德具足	Boundless Virtues
萬惡淫為首，百善孝為先	sexual misconducts are the worst of all unwholesome deeds; filial piety is the foremost among all wholesome deeds
萬松生千谷 一榻坐百峰	In all valleys can innumerous pines grow; On all peaks one cushion allows meditation.
萬福金安	Boundless Fortune and Precious Peace
萬籟無聲心自息 一身非我物同春	Peaceful minds: silence reigns supreme; Springful joy: A body lacking in self.
萬紫千紅春永在 一年四季花常開	A kaleidoscope of colors: lingering spring; Across all four seasons: bushels of blossoms.
萬紫千紅春猶在 一年四季花常開	A kaleidoscope of colors: lingering spring; Across all four seasons: bushels of blossoms.
萬里晴空	Vast Clear Sky
萬里晴空開眼界 一泓淨水洗心源	Beneath the boundless sky, an open mind; Within a scoop of clear water, a pure mind.
萬里江山觀人我 四季日月悟自心	Honor personal relations across the whole world; Discover one's mind beneath the sun and moon.
落花有意隨流水 流水無情戀落花	Falling flowers willingly meld with the river's flow; Yet the river's flow never intends to cradle the flowers.
葉落歸根	falling leaves return to their roots
葉落知秋觀有相 花開見佛悟無生	As falling leaves hint the arrival of autumn, form is observed; When a buddha emerges from a blooming flower, no-birth is realized.
董事	Board Member
蒲團	Cushion
蒸沙作飯	steaming sand to make cooked rice
蓮	Lotus
蓮台	Lotus Throne
蓮池海會	Great Lotus Pond Assembly
蓮界香林	Lotus Realm, Scented Forest
蓮社	Lotus Society
蓮花	lotus
蓮花手印	Lotus Mudra
蓮花池	lotus pond
蓮華	Lotus Flower
薪火	Firewood
薰修	Permeated Cultivation
藍毗尼園	Lumbini Garden
藏經樓	Sutra Repository
藥師	Healing Master
藥師琉璃光如來本願經	The Sutra of Medicine Buddha
藥師經與其修行法門	Sutra of the Medicine Buddha with an Introduction, Comments and Prayer
藥石	medicine meal
藥食	Medicinal Meal
蘇東坡傳	The Life of Su Dongpo
蘭亭集序	Preface to the Orchid Pavilion Collection
蘭若	Aranya
虎嘯生風	tiger howls with the rise of winds
處處做好事 時時說好話 念念存好心 歡喜做好人	Do good deeds always. Speak good words always. Think good thoughts always. Be a good person readily and joyfully.
處處無痕跡 聲色外威儀	Never showing any trace; Always with comportment.
處處風光好 日日氣象新	Beautiful scenery everywhere; Start anew everyday.
處難處之人 任難任之事  行難行之道 忍難忍之苦	Befriend the unfriendly, Do the undoable, Tread the untreadable, Endure the unendurable.
虛無	nothingness, unreal
虛空	Void
虛空非大，心王最大 	the immensity of the universe is tiny when compared with the consciousness of our own mind
虛雲和尚年譜	The Xuyun Almanac
融	blend
融入眾中	Blend in with the Crowd
融入眾中 成功在望	Blend in with the Crowd; Success Is Within Reach
融通	Interpenetrative
行人	Practitioner
行人看見東西水 佛祖已傳南北宗	Practitioners differentiate between Eastern and Western water; Yet Buddha is already in the North and South.
行住坐臥	walking, standing, sitting, and lying down
行住坐臥常正念 春夏秋冬恆吉祥	Constant right mindfulness in one's daily actions; Eternal auspice across the four seasons.
行佛	Practice the Buddha's Way
行到水窮處 坐看雲起時	Coming upon where the water runs dry; One may as well sit and watch the clouds rise.
行善最美	Kind Deeds Are the Most Beautiful
行善與教化	Doing good and teaching good
行單	Practice
行堂	Meal Service
行塔	Stupa of Practice
行如風，立如松，坐如鐘，臥如弓	walk like the wind, stand like a pine, sit like a bell, sleep like a bow
行政中心	Administrative Center
行禪	to practice Chan
行腳的宗旨 1. 走出國家富強的道路 2. 走出佛教興隆的道路 3. 走出人間光明的道路 4. 走出佛子正信的道路	Objects of the Alms Procession 1. To walk on the path toward national prosperity. 2. To walk on the path toward the flourishment of Buddhism. 3. To walk on the path toward light and hope in this world. 4. To walk on the path toward right belief for Buddhists.
行菩薩道	practice the bodhisattva path
行解	Practice and Understanding
行解並重	Equal Emphasis on Practice and Understanding
行走大千	Travel the Great World
行走天下	Travel the World
行道	Practice the Way
行道人	Cultivating Practitioner
行道天下	The Way Prevails in the World
行願	Act on Your Vows
衛教	Defending Buddhism
衣缽	robe and bowl
袈裟	kasaya
被領導學	the art of being led by others
裝聾作啞	to play dumb
複戒	Renewal of Precepts
西來之友會	Hsi Lai Friends
西來獎學金委員會	University of the West Scholarship Committee
西來祖意	The Patriarch's Intention in Coming to the West
西廂記	Romance of the Western Chamber
西方	West
西方三聖; 1. 阿彌陀佛 2. 觀世音菩薩 3. 大勢至菩薩	Three Noble Ones of the West: 1. Amitabha Buddha; 2. Avalokitesvara Bodhisattva; 3. Mahasthamaprapta Bodhisattva
西方船	ferry to Western Pure Land
西淨客堂	West Pureland Reception Center
西遊記	Journey to the West
要做個甚麼人? 做共生的地球人 做同體的慈悲人 做明理的智慧人 做有力的忍耐人 做布施的結緣人 做歡喜的快樂人 做融和的佛光人 做清淨的修道人	What Kind of Person Should We Be? Be a global person who coexists with others. Be a compassionate person who feels oneness with all. Be a wise person who is reasonable. Be a patient person who is also strong. Be an open person who gives generously. Be a happy person who is also joyful. Be a Buddha's Light member who is also harmonious. Be a spiritual practitioner who is also pure.
要利用零碎的時間	Making good use of your time
要有佛教靠我的信心	Believe in the fact that I am the future of Buddhism.
要有向困難挑戰的勇氣	Have the courage confront challenges
要有悲憫的心懷 要有正直的性格 要有明辨的思想 要有公正的態度	Bear a sympathetic mind, Bear a righteous character, Bear a reasonable mindset, Bear a just attitude.
要爭氣，不要生氣	Get motivated, don't get agitated
要知道慚愧與苦惱	Be aware of your sense of shame and afflictions
要空，才能有	In order to have, first be empty
要隨遇而安 要隨緣生活 要隨喜作務 要隨心自在	Make peace with every encounter in life. Follow the right conditions to live life. Find joy in doing chores and services. Feel freedom of mind in all circumstances.
見事推諉的人 必然不能成功 凡事承擔的人 定會成就事業	One who evades responsibilities is unlikely to succeed; One who bears responsibilities is destined to succeed.
見佛	Seeing the Buddha
見性	Seeing One's Nature
見深見淺由他去 誰是誰非有公平	All is a matter of opinion; Fairness will eventually be.
見無相之相 論不空為空	Glimpse the form of formlessness; Debate on the emptiness of non-emptiness.
見道	to see the Way
親子聯誼活動	Children and Parents Camp
親近	Be Close To
覺世	Awakening the World Periodical
覺世報	Awakening the World News
覺世社	Awakening the World
覺世編輯部	Awakening the World Editorial Department
覺岸正光明 法流大自在	Consummate perfect ease over the river of Dharma; Illuminating brightness on the bank of awakening.
覺有情	An Enlightened Sentient Being
覺有情	awakened sentient being
覺有情─大師墨跡展	To Enlighten Sentient Beings - An Exhibition of Calligraphy by Venerable Master Hsing Yun
覺照	Awareness
覺生	Awakening Living Beings Magazine
覺知	Awareness
覺群	Awaken the Masses Weekly
覺群社	Awakening the Multitude Weekly News
覺華園	Jetavana Grove Reception Center
覺道	Path of Awakening
觀世音	Avalokitesvara
觀世音菩薩普門品	The Lotus Sutra’s Universal Gate Chapter on Avalokitesvara Bodhisattva
觀世音菩薩普門品講話	The Universal Gate: A Commentary on Avalokitesvara's Universal Gate Sutra
觀境明自性 養道悟禪心	Realize one's own nature by observing conditions, Cultivate the Way by attaining the mind of Chan.
觀察	clear perception
觀察員	Observer
觀心	Observe the Mind
觀心自在 如如不動	Remain Carefree by Observing the Mind; Remain Unmoved Just as You Are
觀想	contemplation
觀晚霞悟知無常 因為夕陽近黃昏 觀白雲悟知舒卷 因為雲出岫無心 觀山岳悟知靈奇 因為遠眺山無色 觀海洋悟知浩瀚 因為海水碧連天	Twilight carries the message of impermanence, for sunset brings us closer to nightfall. Clouds carry the message of perfect ease, for they top the highest peaks unwittingly. Mountain ranges carry the message of spirituality, for from a distance, they look otherwise. The ocean carries the message of vastness, for it joins the sky beyond the horizon.
觀海明水深 登山知地廣	Perceive the depth of water observing the ocean; Realize the broadness of the Earth climbing the mountains.
觀海知水深 登山覺地廣	Perceive the depth of water observing the ocean; Realize the broadness of the Earth climbing the mountains.
觀無量壽經	Contemplation Sutra
觀空	Observing Emptiness
觀自在	Avalokitesvara
觀音	Avalokitesvara
觀音不要走	“Kuan Yin Please Stay” Movement
觀音放生池	Avalokitesvara Pond
觀音殿	Avalokitesvara Shrine
觀音池	Guan Yin Pond
觀音菩薩聖誕	Avalokitesvara Bodhisattva's Birthday
解二諦義	Understanding the Two Truths
解脫	liberation
解脫小吃部	Liberation Snack Bar
解脫自在	Liberated and at Ease
解脫道	the path of liberation
解脫門	Gate of Perfect Ease
解鈴還須繫鈴人	the knot can only be untied by the knotter
言無名利 行絕虛浮	Speak Not of Fame and Gain; Act Without Superficiality
言語道斷	beyond words
言說之巧(上) 疑人的事不可言說 蠱惑的事異端邪說 沒有的事絕不妄說 他家的事不太好說 理虧的事不容分說 害人的事永遠不說 錯誤的事不能傳說 聽來的事寧可莫說 感情的事無話可說 不實的事千萬別說 尷尬的事羞對人說 誤會的事就怕不說 街坊的事道聽塗說 生氣的事緩和再說 失誤的事總會被說 道歉的事要自己說 紛諍的事再也不說 掃興的事何必多說 勸誡的事看情況說 曾經的事好歹一說	The Art of Talking (1) Do not speak about your doubts of others. Spells and bewitchment are heretical teachings. Do not mention something that is not true. It is not your place to talk about others' family matters. Needless to defend yourself when in a wrong position. Never say anything that may cause harm to people. Never spread unwholesome and detrimental news. It is better not to discuss mere hearsay.  There is nothing to say about relationships. Never bring up anything that is not true. Hold back sharing your moments of embarrassment. Be sure to clarify your misunderstandings. Neighborhood rumors are just gossip. Think thrice before you speak out of anger. Mistakes are always being mentioned. Apologies should be said in person. Never speak again of past disputes. There is no need to mention what may dampen moods. Give your advice only according to circumstances. It does not hurt to mention past experiences.
言說之巧(下) 心內的事少對人說 過去的事不必再說 緊急的事長話短說 重要的事謹慎的說 不懂的事了解再說 別人的事儘量不說 煩瑣的事見面再說 準備的事不能漏說 商量的事當面好說 炫耀的事完成再說 快樂的事看場合說 公開的事無須您說 讚美的事應當常說 助人的事一定可說 利眾的事公然來說 勵志的事著書立說 有益的事到處宣說 應答的事有話當說 承諾的事不要空說 明天的事明日再說	The Art of Talking (2) It is better not to talk about the secrets in your mind. There is no need to mention what is already in the past. Speak concisely in moments of urgency. Speak deliberately about important matters. It is important to understand clearly what you are about to say. Refrain from talking about other people's matters. Discuss tedious matters in person. Do not disclose your plans. Negotiation is done best face to face. Never boast about what is not yet finished. Sense the atmosphere before you share good news. Needless to announce what is already known to the public. Praises should be said often. Always make kind deeds known. Talk openly about what is for the greater good. Publish and speak about good inspirations. Spread good news far and wide. Be honest about the promises you have made. Never speak empty words of promise. Leave talks about tomorrow for tomorrow.
許願池	Wishing Pond
診所旁停車場	United Clinic Parking Lot
詩品	A Critique of Poetry
詩歌人間：歌集	Poetry and Lyrics for the World: Lyrics
詩歌人間：詩集	Poetry and Lyrics for the World: Poetry
話說佛光山	Fo Guang Shan: Retrospection
話說佛光山 1：開山篇	Fo Guang Shan: Retrospection: Founding
話說佛光山 2：人事篇	Fo Guang Shan: Retrospection: People and Events
話說佛光山 3：寺院篇	Fo Guang Shan: Retrospection: Temples
認錯，要有勇氣	It takes courage to admit one's mistakes.
認養921地震受災國中小學重建簽約儀式	Rebuilding Elementary and Junior High Schools of September 21st Taiwan Earthquake Campaign
誘惑	Temptation
語言要像陽光、花朵、淨水	Words should be like sunshine, flowers or clear water
語錄	record of sayings
誠	sincerity
誠信	Sincerity and Honesty
誠信厚道	Sincerity and Honesty
誠信為本	Sincerity and Honor are the Foundations
誠信的力量	The Strength of Honesty and Integrity
誠敬	Sincerity and Respect
誦戒	Chant the Precepts
誦經	to chant sutras
說來有法原無法 參透非空卻是空	Speaking of seemingly Dharma, Dharma never was at all; Dwelling into the non-empty, Emptiness it actually is.
說好話	speak good words
說法	expounding the Dharma
誰念彌陀	Who Is Chanting Amitabha?
調伏	to subdue
調心	Taming the Mind
調息	Adjusting the Breath
調身	Adjusting the Body
談因說果	Buddhism in Every Step: Cause and Effect
談情說愛	Buddhism in Every Step: Speaking of Love and Affection
談淨土法門	Pure Land Practices
談處世	Ways to Deal with the World
談讀書	Ways to Read
請法	Request Teachings
請益	Request Teachings
論鬼的形象	Ghosts and the Afterlife
諦聽	listen carefully
諸上善人	utmost virtuous people
諸事吉祥	Always Well-rounded and Auspicious
諸事圓滿	May All Things Go Perfectly Well
諸事圓滿	May Everything Go Perfectly for You
諸佛歡喜	All Buddhas Joyful
諸惡莫作 眾善奉行	Cease All Evil; Practice All Good
諸惡莫作，眾善奉行	do no evil, practice all wholesome deeds
謗三寶	Slandering the Triple Gem
謙和	Modest and Amiable
謙和養心 厚道有福	Nurture the Mind with Modesty and Amiability; Honesty Is the Way to Good Fortune
謙恭	Modest and Respectful
講堂	lecture hall
講師	Lecturer
講演集	Master Hsing Yun’s Lecture Series
講演集 1：學佛與求法	Master Hsing Yun’s Lecture Series: Learning from the Buddha and Seeking the Dharma
講演集 10：人間與實踐	Master Hsing Yun’s Lecture Series: The Human World and Actualization
講演集 2：佛教與生活	Master Hsing Yun’s Lecture Series: Buddhism and Life
講演集 3：佛教與青年	Master Hsing Yun’s Lecture Series: Buddhism and Youths
講演集 4：佛法與義理	Master Hsing Yun’s Lecture Series: Dharma and Doctrines
講演集 5：人生與社會	Master Hsing Yun’s Lecture Series: Life and Society
講演集 6：有情與心識	Master Hsing Yun’s Lecture Series: Sentiment and Will
講演集 7：緣起與還滅	Master Hsing Yun’s Lecture Series: Dependent Origination and Cessation
講演集 8：禪學與淨土	Master Hsing Yun’s Lecture Series: Chan and Pure Land
講演集 9：宗教與體驗	Master Hsing Yun’s Lecture Series: Religious Experiences
講經	Expounding the Dharma
講習會	seminar
講解	Explain
講說	Explain
證悟	attainment
識得人我關係處 一花一葉一如來	To know the ways between the self and others; One can see a buddha in a single flower or leaf.
識得人我關係處 山水草木盡放光	To know the ways between self and other; Light shines upon the mountains, rivers, and trees.
識心達本	to know the mind and penetrate the root
警策	warning staff
譬喻問號(一) 黃金似蛇蠍， 有毒無毒？ 惡口似糞坑， 是香是臭？ 冷淡似寒冰， 是涼是熱？ 瞋恚似烈火， 可怕不怕？ 信心似禾苗， 是長是消？ 罪惡似臭水， 難聞好聞？ 正見似盔甲， 是安不安？ 懺悔似淨水， 是清是染？ 忍辱似盾牌， 有用無用？ 知足似樂園， 好看難看？	Metaphors (1)  Gold is a snake. Is it poisonous or not? Harsh speech is a cesspit. Is it fragrant or odorous? Coldness is ice. Does it freeze or burn? Anger is burning fire. Is it frightening or not? Faith is a sprout. Does it grow or wilt? Transgression is stinky water. Does it smell good or bad? Right view is an armor. Is it safe or not? Repentance is purifying water. Is it clean or polluted? Patience is a shield. Does it protect or not? Contentment is paradise. Is it beautiful or ugly?
譬喻問號(三) 靜默似雷聲， 大聲小聲？ 無明似烏雲， 是耶否耶？ 妄語似汙垢， 淨乎穢乎？ 業力似影子， 隨也離也？ 人死似搬家， 此處彼處？ 殺人似殺己， 是也不是？ 憂慮似盜賊， 是偷是搶？ 煩惱似塵勞， 陳乎留乎？ 內心似田地， 種草種穀？ 信仰似寶藏， 要與不要？	Metaphors (3) Silence is thunder. Is it loud or soft?  Ignorance is a grey cloud.  Is it or is it not?  Lying is pollution. Is it pure or dirty?  Karma is a shadow. Does it follow or leave you? Death is moving houses. Here or there?  Killing life is killing yourself. Is it or is it not? Worry is a thief. Does it steal or rob? Affliction is dust. Does it accumulate or stay? The mind is a field. Shall we grow weeds or crops? Faith is a treasure. Do you want it or not?
譬喻問號(二) 智慧似海洋， 深乎淺乎？ 戒律似老師， 是正是邪？ 布施似耕耘， 有收無收？ 供養似奉獻， 真心假意？ 美女似春花， 是久是暫？ 欲望似饑渴， 太多太少？ 語言似冬陽， 炙乎暖乎？ 笑容似春風， 是真是假？ 時間似車輪， 該快該慢？ 精進似電力， 是動是停？	Metaphors (2) Wisdom is an ocean. Is it shallow or deep? Precepts are teachers. Are they righteous or not? Generosity is cultivation. Will there be harvests or not? Offering is dedication. Is it genuine or pretentious? Beauty is a spring blossom. Does it last long or short? Desire is thirst. Is it too much or too little? Words are the winter sun. Do they warm or burn? Smile is a spring breeze. Is it real or fake? Time is a cartwheel. Should it go fast or slow? Diligence is electricity. Should it energize or stop?
譬喻問號(四) 求法似爬山， 是高是遠？ 心性似明鏡， 照己照人？ 因緣似條件， 夠與不夠？ 寺院似學校， 有學無學？ 飲食似湯藥， 是合不合？ 人身似物品， 有好有壞？ 生命似風?， 是安是危？ 人心似猿馬， 是燥是安？ 欲望似深淵， 可下不可？ 傲慢似高山， 不登為好！	Metaphors (4) Learning Dharma is climbing a mountain. Is it tall or far?  The mind is a bright mirror. Is the reflection you or others? Conditions are terms. Are they sufficient or not? Temples are schools. Do you or do you not learn? Food is like medicine. Is it good for you or not? The body is an object. Is it functioning or not? Life is a candle in the wind. Is it safe or is it in danger? Human mind is a monkey or horse. Is it restless or is it peaceful? Desire is an abyss. Can you go down there or not? Arrogance is a lofty mountain. You may as well stay away!
護國	Protecting the Country
護國息災水陸法會	Blessing the Country Water and Land Dharma Service
護國息災法會	National Peace Praying Dharma Service
護念	Safeguard the Mind
護持	Protect and Support
護持委員會	Benefactors Committee
護教	Protecting Buddhism
護法	Protecting the Dharma
護法委員會	Dharma Protectors Committee
護生	Protecting Lives
護生畫集	Illustrations of Life Protection
讀一流書 做一流人	Read First-Rate Books, Be a First-Rate Person
讀書六要 讀做一個人 讀明一點理 讀悟一點緣 讀知一些事 讀懂一世情 讀通一顆心	Six Purposes of Reading Read to be a better person, Read to understand reasons, Read to see causes and conditions, Read to gain some insight, Read to comprehend a lifetime's sentiments, Read to understand that very heart.
讀書會帶領人講習會	Humanistic Buddhism Reading Group Facilitator's Training Seminar
讀書與生活的關係	Life and Studying
讀藏指導：佛經表解	Guide to the Buddhist Canon: Outlines of Buddhist Texts
變易	to change
變相	Illustration
讚歎	praise
讚美如花香芬芳而怡人 助人如冬陽光明而溫暖 信心如舟航乘風而破浪 願望如滿月清涼而美好	Words of praise are like flowers whose aroma soothes hearts. A helping hand is like the sun bringing warmth in cold winter. Confidence is like a ferry which sails through rough wind and waves. Hope is like a full moon which is so bright and beautiful.
讚美的語言好似香水 勸誡的開示好比甘露 善美的歌曲扣人心弦 勵志的文章讓人上進 滴水的功用生長萬物 和風的吹拂清涼人心 洪鐘的鳴聲驚醒迷夢 冬日的太陽溫暖人間	Words of praise are fragrant perfumes. Sincere admonition is nourishing nectar. Inspirational songs are heart-gripping. Inspirational writings are motivating. Water droplets cultivate lives. Soft breezes caress and soothe the heart. A big bell's chime awakens dreamers. The winter sun warms the world.
谷靜風聲細 門空鳥語稀	Quiet valleys, and gentle wind whispers; Empty doors, and rare bird chirpings.
豁達	Open-Minded
豎窮三際，橫遍十方	across all of time, and all of space
財務組	Financial Unit
財團法人佛光山人間佛教研究院	FGS Institute of Humanistic Buddhism
貧僧	Humble Monk
貧僧有話要說	Hear Me Out: Messages from a Humble Monk
貧僧有話要說系列 – 人間因緣的重要	Buddhism in Every Step: Hear Me Out – The Importance of Causes and Conditions in this World
貧僧有話要說系列 – 我對問題的回答	Buddhism in Every Step: Hear Me Out – My Answers
貧僧有話要說系列 – 我對生死的看法	Buddhism in Every Step: Hear Me Out – My Perspective on Life and Death
貧僧有話要說系列 – 我怎樣走上國際的道路	Buddhism in Every Step: Hear Me Out – Paving My Way to International Status
貧僧有話要說系列 – 我的管理模式	Buddhism in Every Step: Hear Me Out – My Way of Management
貧僧說話的回響	Hear Me Out: Reflections
貧窮就是罪惡	Poverty is such a crime.
貪念	Greed
貪愛	Clinging
貪欲	Desire
貪瞋痴	greed, hatred, and ignorance
責人之心責己 恕己之心恕人	Reproach Others in the Same Way You Reproach Yourself; Forgive Others in the Same Way You Forgive Yourself
貴耳賤目	to trust one's ears rather than one's eyes
資糧	provision
賢德之士	eminent and virtuous people
走江湖	Jianghu roamer
超度	Deliver
超薦法會	memorial Dharma service
趙州茶	Zhaozhou tea
跨世紀的悲欣歲月─走過台灣佛教五十年寫真	Cross-century Times of Joys and Sorrows: a 50-year Portrait of Buddhism in Taiwan
路在腳下	The Path Is Under Our Feet
路在腳下 希望在前	The Path Is Under Our Feet; The Future Is Right Ahead
身如青山觀大地 心似明鏡照世間	My body is like a green mountain that gazes upon the Earth; My mind is like a bright mirror that reflects on this world.
身如青山觀天地 心似明鏡照大千	My body is like a green mountain that gazes upon the Earth; My mind is like a bright mirror that reflects on the universe.
身心清淨方為道 退步原來是向前	Purifying the body and mind is the Way; A step back is in fact a step forward.
輔導法師	Guiding Venerable
輔教編	Auxiliary Teachings
輕安	at ease
輪椅捐贈	Wheelchair Donation Ceremony
輪迴	Cycle of Rebirth
轉女成男	to be transformed from a female into a male
轉法輪	to turn the Dharma Wheel
轉識	Transforming Consciousness
轉識成智; 1. 成所作智 2. 妙觀察智 3. 平等性智 4. 大圓鏡智	Four Kinds of Wisdom: 1. wisdom of perfect conduct; 2. wisdom of profound insight; 3. wisdom of universal equality; 4. perfect mirror-like wisdom
轉身	turn around
辯宗論	Discerning the Truth
辯才無礙	supreme eloquence
返璞歸真	to recover one's true nature
迷信	superstition
迷悟	Ignorance and Enlightenment
迷悟之間	Between Ignorance and Enlightenment
迷惑	Confusion
迷者迷心為眾色 悟時悟道是真心	One deluded with a delusive heart is trapped by forms; A moment of awakening on the path to awakenment is the true mind.
追思祈福法會	memorial service
退一步天高地闊 讓三分心平氣和	If you take a step back, you will see a much bigger world; If you compromise but a little, you will feel greater peace.
退單	Check-Out
退居	Retired Abbot
退居和尚	Former Abbot
送單	Sent to Lodging
逆境	Hardship
逆增上緣	reverse contributive factors
通度寺•曹溪宗首剎	Tongdo Monastery, main monastery of the Jogye Order
通身手眼	your whole body is your eyes and hands
通達	Thorough Understanding
速證菩提	enlightenment is quickly attained
造化	Creation
造業	Creating Karma
逢場作戲	to play along for a little fun
進門來個個自在 走出去人人平安	Let those passing through the door be at perfect ease; May everyone departing the house be well and safe.
遊戲	to be free and at ease
遊行	to wander, travel
遍吉王	King of Universal Auspice
過去	past
過堂	Formal Buddhist Meal
道人	Traveler of the Way
道友	Companions of the Way
道品	Stages of the Way
道場	place for spiritual practice
道外無言方是道 心中有事並非心	The true Way is a wordless response outside of the Way; Not the true mind is a mind that carries matters within.
道外無言方是道 心中有事便非心	The true Way is a wordless response outside of the Way; Not the true mind is a mind that carries matters within.
道心	Mind for the Way
道念	A Mind of Cultivation
道念	Mindfulness of the Path
道本	Basis of the Way
道為人本	The Way Is the Basis of a Human Being
道無古今 悟在當下	The Way Has No Past or Present; Enlightenment Is in the Present Moment
道無古今 悟在當下	The Ways speak not of time, Attainment is here and now.
道行	Practicing the Way
道行天下	The Way Extends Across the World
道諦	Path of Truth
道高一尺，魔高一丈	virtue is one foot tall, the devil ten foot
道高龍虎伏 德重鬼神欽	Of tremendous attainment even dragons and tigers are tamed; Of immense virtue even the spirits and deities are respectful.
遠塵離垢	to be far removed from the dust and defilement of the world
遠親不如近鄰	neighbors are better than distant relatives
選佛場	Buddha selection court
那爛陀寺	Nalanda Maharihara
邪魔外道	demons and heretics
都監	Executive
都監院	Executive Council
醒悟	Awaken
釋迦牟尼佛傳	The Biography of Sakyamuni Buddha
釋迦牟尼佛感恩日	Gratitude for Sakyamuni Buddha Day
釋迦牟尼佛成道日	Buddha's Enlightenment Day
釋迦譜	Genealogy of the Sakya Clan
重新估定價值	Reappraising value
1. 重覆的舉止 會變成習慣 2. 定型的習慣 會變成個性 3. 個性的走向 會決定命運 4. 命運的好壞 會決定一生	Repeated actions become your habits, Habits determine your character, Character influences your future, Your future decides your life.
量周沙界	As Magnanimous as the Entire Universe
金佛樓	Golden Buddha Building
金佛殿	Golden Buddha Shrine
金光明	golden light
金光明經	Suvarnabhasottama Sutra (the Sutra of Golden Light)
金剛	diamond
金剛不壞	indestructible diamond
金剛不壞身	a body as indestructible as diamond
金剛心	Diamond heart
金剛智	Vajra Wisdom
金剛經	The Diamond Sutra
金剛經講話	Describing the Indescribable: A Discourse on the Diamond Sutra
金剛經講話	A Commentary on the Diamond Sutra
金剛身	the diamond body
金喬覺	Jin Qiaojue
金山海	Golden Mountain and Ocean
金山玉水	Like a Mountain of Gold and River of Jade
金山玉水 吉慶人家	Like a Mountain of Gold and River of Jade; A Family of Auspicious Blessings and Celebrations
金獅幹部	Golden Lion Executive
金玉滿堂 1：佛光菜根譚	A House Full of Gold and Jade- Roots of Wisdom
金玉滿堂 10：法相	A House Full of Gold and Jade- Faxiang: Buddhist Terminology
金玉滿堂 2：星雲說偈	A House Full of Gold and Jade: Cloud and Water: An Interpretation of Chan Poems
金玉滿堂 3：人間萬事	A House Full of Gold and Jade- The Many Matters of Life
金玉滿堂 4：佛光山名家百人碑牆	A House Full of Gold and Jade- Stele of Wisdom
金玉滿堂 5：星雲法語	A House Full of Gold and Jade- Hsing Yun's Dharma Words
金玉滿堂 6：佛光祈願文	A House Full of Gold and Jade- Pearls of Wisdom: Prayers for Engaged Living
金玉滿堂 7：古今譚	A House Full of Gold and Jade- Classical and Contemporary Talks
金玉滿堂 8：禪話禪畫	A House Full of Gold and Jade- Chan Heart, Chan Art
金玉滿堂 9：人間音緣	A House Full of Gold and Jade- Sounds of the Human World
金相	Golden Form
金色年華	Golden Years
金身合璧•佛光普照—河北幽居寺佛首捐贈儀式	Universal Shining of Buddha's Light: the Sacred Reunion - Presentation Ceremony of the Buddha's Head Statue to Youju Temple, Hebei Province, China
金陵刻經處	Jinling Scriptural Press
金陵印經會	Jinling Sutra Printing Association
金陵支那內學院	Jinling China Inner Studies Academy
金陵文化書院	Jinling Cultural Academy
金陵書院	Jinling Academy
鈍根	dull aptitude
鈴鼓	drum and bell
錢，用了才是自己的	Only wealth well spent is really yours to keep
錦上添花天下有 雪中送炭世間少	To gild refined gold is perpetual attrition; To deliver coal in the snow is a kind deed uncommon.
錫杖	staff
錯誤不能一直下去	You cannot keep being wrong
鐃鈸	Big Cymbals
鐘板	Bell and Board
鐘樓	Bell Tower
鐘鼓	Bell and Drum
鐘鼓樓	Drum Tower
鐵眼大藏經	Tetsuganzo (Iron Eye Tripitaka)
鐵杵成針	An Iron Pestle Can Be Ground Down to a Needle
鐺鉿	Hand-gong and Cymbal
鑑真圖書館	Jianzhen library
鑑真圖書館奠基儀式	Foundation Laying Ceremony of Jianzhen Library
鑽故紙	study a pile of old documents
長明燈	Eternal Lamp
長老	Elder
長養	to nurture
長養菩提樹 開啟智慧門	Nurture the Bodhi Tree; Open the door to wisdom.
門外漢	layman
閉關	Retreat
開光落成	inauguration ceremony
開山	founder
開山三十週年紀念碑	FGS 30th Anniversary Commemorative Wall
開山寮	Founder's Hall
開山門	to open the monastery gate
開心果	Mood Maker
開放	Openness
開梆	Wooden Board
開發心田 1. 點亮心中明燈 可以照耀人間 2. 開發心中能源 可以增加財富 3. 種植心中禾苗 可以開花結果 4. 發掘心中自性 可以明心悟道 5. 散播心中歡喜 可以廣結善緣 6. 覺照心中真理 可以洞徹世間	Cultivating the Mind When the mind shines, the world also illuminates. When the energy of the mind is charged, wealth also comes. When the mind is cultivated, there will be harvests. When one's intrinsic nature is uncovered, enlightenment is possible. When joy is spread, friendship will be created. When the Truth is realized, insight also arises.
開眼界	to broaden one's views
開示	Teach
閱讀讓夢想起飛	Reading: Let Dreams Take Flight
閻浮	Jampudiva
閻羅王	Yama
關則練心 靜則養心 做則用心 行則運心 言則省心 亂則安心 動則治心 定則無心	When in seclusion, train the mind. When in quietude, nurture the mind. When in practice, dedicate the mind. When in action, utilize the mind. When speaking, reflect on the mind. When in clamor, settle the mind. When in movement, remedy the mind. When in concentration, empty the mind.
闡提	icchantika
闡提成佛; 1. 斷善闡提 2. 大悲闡提	Icchantikas Can Attain Buddhahood: 1. icchantikas of eradicated goodness; 2. icchantikas of great compassion
阻礙要有誠意去消除 打擊要有力量去承受 破壞要有勇氣去修復 委屈要有自我去化解 汙辱要有寬容去忍受 失敗要有毅力去振作 衝動要有定力去克服 無明要有慧光去照耀	Overcome obstacles with sincerity. Bear the weight of setbacks with strength. Repair destruction with courage. Reconcile misunderstandings in person. Endure insults with tolerance. Recover from failure with persistence. Control your impulses with meditative concentration. Dispel the darkness of ignorance with the light of wisdom.
阿修羅	asura
阿僧祇	asamkhya
阿含經與人間佛教	Agama Sutra and Humanistic Buddhism
阿含經選講	Highlights on the Agama Sutras
阿彌陀佛	Amitabha Buddha
阿彌陀經	The Amitabha Sutra
阿毘達磨	Abhidharma
阿毘達磨俱舍論	Abhidharmakosa Sastra
阿羅漢	arhat
阿羅漢果	state of full attainment of arhatship
阿蘭若	Aranya
阿蘭陀	Aranya
阿那含	1 Anāgāmin; 2.non-returner
阿那含果	realization of non-returner
阿闍黎	acarya
阿難	Ananda
陀羅尼	Dharani
降伏非典國泰民安世界和平祈福大法會	Cross-Strait Prayer for SARS and World Peace Dharma Service
陞座大典	Inaugural Ceremony
隔靴抓癢	to scratch an itch from outside the boot
障礙	hindrance
隨…(無標題) 隨遇而安處處天堂 隨緣生活不要執著 隨心自在行事無礙 隨喜作務廣結善緣 隨筆記錄留下歷史 隨時服務給人方便 隨症用藥藥到病除 隨分處世樂天知命 隨眾合作同心協力 隨方就圓處事融和 隨口好話讚歎法門 隨高就低謙虛做人 隨機應變聰敏靈巧 隨智而作發揮所長 隨順因緣能得善果 隨念放下心無罣礙 隨境轉化克服困難 隨處作主低調安排 隨類教化觀機逗教 隨願成就發菩提心	Follow......  Follow all circumstances with peace: any place is heaven to you.  Follow all conditions in life: do not be attached.  Follow your heart with perfect ease: nothing is impossible.  Follow a joyful heart at work: broadly develop good affinities.  Follow your pen and write down important moments of history.  Follow your chances to help others: give others convenience.  Follow the doctor's instructions: let the medicine heal you.  Follow your role always: enjoy every task at hand.  Follow your team: collective effort makes you stronger.  Follow your place: get along harmoniously with others.  Follow your kindness when speaking: praise and compliment.  Follow the current that goes from high to low: stay humble.  Follow your wit: respond with acuity and agility.  Follow your wisdom: play to your strengths.  Follow causes and conditions: good will come to you.  Follow your willingness to let go: be free of troubles.  Follow the situation at hand and resolve issues accordingly.  Follow the lead and keep low-key.  Follow aptitudes and teach appropriately.  Follow your vow and develop the Bodhi Mind.
隨分	according to (one's) allotment
隨堂開示錄	Collection of Talks from Dharma Services
隨堂開示錄 1：教育講習	Collection of Talks from Dharma Services: Educational Seminars
隨堂開示錄 2：青年勉勵	Collection of Talks from Dharma Services: Inspiration for Youths
隨堂開示錄 3：講座論壇	Collection of Talks from Dharma Services: Lectures and Forums
隨堂開示錄 4：集會共修	Collection of Talks from Dharma Services: Cultivation Gatherings
隨堂開示錄 5：對談專訪	Collection of Talks from Dharma Services: Dialogues and Interviews
隨堂開示錄 6：各類致詞	Collection of Talks from Dharma Services: Assorted Speeches
隨時給人信心 隨處給人歡喜 隨口給人希望 隨緣給人方便	Always give others faith. Always give others joy. Always give others hope. Always give others convenience.
隨法行	Follow the Dharma
隨波逐浪	to drift with the waves and go with the flow
隨緣	to accord with conditions
隨緣不變	to follow conditions while remaining unmoved
隨緣不變是最好的性格	It is best to follow conditions with an unchanging principle
隨緣消舊業 更莫造新殃	To eradicate past karma follow the right conditions; To forestall new ones take caution.
隨遇而安	follow any conditions with perfect ease
隨順	Follow and Oblige
隴中對	Long Zhong Dialogue
集會堂	Light Transmission Building
集結	Collection
雙圓堂	Double Bliss Meeting Room
雙閣樓	Twin Pavilions
雙閣樓滴水坊	Twin Pavilions of the Buddha Memorial Center Museum
雜染	Polluted
離一切分別 證無上菩提	Break away from all discriminations; Attain the supreme bodhi.
離世求菩提  猶如覓兔角	to seek bodhi apart from the world is like searching for the horn of a hare
離垢	Undefiled
難思議	Inconceivable
難行道	the difficult path
難遭難遇	The rarest of encounters
雨潤千山秀 風和萬物榮	Nourished by the rain, picturesque mountains; Caressed by the wind, a prosperous world.
雲來集	Great Gathering
雲天	Cloud in the Sky
雲居樓	Cloud Dwelling Building
雲山器度	A Bearing as Majestic as the Clouds and Mountains
雲山氣度 梅蘭風華	A Bearing as Majestic as the Clouds and Mountains; A Demeanor as Graceful as the Orchids
雲山霞蔚	Clouds, Mountains, Glorious Twilight
雲從足下繞 江向日邊流	Clouds surround the foundation; Creeks head toward the sun.
雲水一身天上下  風濤萬里海西東	Reaching heaven above and below: cloud and water as one body; Blowing across countless miles of oceans east and west: waves.
雲水三千	Cloud and Water
雲水三千 我心悠然	Cloud and Water; My Carefree Mind
雲水三千 行道天下	Cloud and Water ; Practice the Way in the World
雲水三千 隨緣自在	Cloud and Water; Follow Conditions Freely
雲水三千─星雲大師弘法五十年影像特展	Cloud and Water: A 50 Year Anniversary Photobiography of Venerable Master Hsing Yun Special Exhibition
雲水三千專輯	Cloud and Water Album
雲水十方	Traveling Like Cloud and Water
雲水日月	Bright Star, Luminous Cloud
雲水日月 松竹常青	Days and Nights Like Cloud and Water; Eternally Lush Pine and Bamboo
雲水樓拾語	Memoirs of the Cloud and Water Building
雲水浴佛	Mobile Buddha Bathing Stand
雲水禪心	Heart of Cloud, Free Water, the Chan Mind
雲水義診	Cloud and Water Mobile Clinic
雲水自在	At Ease Like Cloud and Water
雲水醫院	Cloud & Water Mobile Clinic
雲淡風輕	Like Wind That Clears the Clouds
雲湖書院	Yunhu Academy
雲無心以出岫 鳥倦飛而知還	Unwittingly, clouds top the highest peaks; Waking, birds return home on weary feathers.
雲遊	to travel freely
雲門餅	Yunmen cake
雲開月現	When Clouds Disperse, the Moon Reveals
雲開月現 水到渠成	When Clouds Disperse, the Moon Reveals; When Water Flows, a Channel Is Formed
雷音寺的故事	Story of Lei Yin Temple
電光石火	transient lightning and flint-fire
電子佛典推進協議會	Electronic Buddhist Text Initiative (EBTI)
露馬腳	to show the cloven foot
靈山	Spiritual Mountain
靈山之夜	Night at Vulture Peak
靈山勝境	Vulture Peak
靈山勝境佛陀說法圖	Vulture Peak Mural
靈山勝會	Assembly on the Spiritual Mountain
靈山聖境	Sacred Site of the Spiritual Mountain
靈巖山寺	Ling Yen Shan temple
靈巧	Skillful
靈異	Supernatural
靈驗	efficacious
靈骨	Holy Relics
靈魂	Soul
靈鷲山	Vulture Peak
靈鷲山	Ling Jiou Mountain
青天有眼觀千古 大海無心納百川	Green mountains bears witness to the ageless time; Grand oceans embraces unintentionally a hundred rivers.
青天有眼觀千古 大海無私納百川	Green mountains bears witness to the ageless time; Grand oceans embrace selflessly a hundred rivers.
青山不老 細水長流	Timeless Mountain, Everflowing River
青山原不動 浮雲空去來	Green mountains remain unmoved; Fleeting clouds come and go.
青山原不動 浮雲空自來	Green mountains remain unmoved; Fleeting clouds come naturally.
青山含祖意 日月印禪心	Embodied in the green mountains, the Patriarch's heart; Reflected upon the sun and moon, the Chan mind.
青山含祖意 明月印禪心	Embodied in the green mountains, the Patriarch's heart; Reflected upon the bright moon, the Chan mind.
青山含祖意 綠水印禪心	Embodied in the green mountains, the Patriarch's heart; Reflected upon the verdant water, the Chan mind.
青山明月不見老 茅舍白雲任去來	Bright moon and green mountains: never age; White clouds and a thatched hut: come and go freely.
青山活水	The Green Mountains and Free-Flowing Water
青山綠水悟人情 松風明月養心性	Green mountains and rivers reveal true sentiments; Bright moon and pines nurture the mind's nature.
青山翠竹皆妙諦 明月綠水盡禪機	Green mountains and lush bamboos speak the wondrous truth; Bright moon and verdant waters embody the wit of Chan.
青松翠竹山河美 花紅鳥啼大地春	Emerald bamboos and green pines, beautiful nature; Crimson flowers and chirping birds, springful land.
靜修	Calm Cultivation
靜地禪坐頤養身心 海邊散步開闊胸懷 樹下小憩清涼自在 道路行走注意安全 居家團聚天倫之樂 月下沉思反省改過 心中有佛明心見性 人間修行與人為善	Nurture the body and mind in silent meditation. Broaden your mind by taking strolls along the beach. Stay calm and at peace when resting under trees. Be careful and safe when crossing roads. Enjoy time together with family at home. Reflect in the moonlight to amend your mistakes. Be mindful of the Buddha to discover your true nature. The cultivation of life is to be kind to others.
靜坐常思己過 閒談莫論人非	Reflecting on one's shortcomings in silent meditation; Avoiding gossip about wrongdoings of others.
靜念	Calm the Thought
靜觀天下事 參透世間情	Observing the happening of the world; Intuiting the insight of worldly sentiments.
靜觀天下事 參透人間情	Observing the happening of the world; Intuiting the insight of human sentiments.
靜觀天下事 參透遠見心	Observing the happening of the world; Intuiting the insight of great visions.
靜默	Quiet and Silent
非思量	without thinking
面壁	to face the wall in sitting meditation
面對問題，不要退縮	Don't turn away from your problems
面臨死亡，不要驚慌	Remain fearless in the face of death
韓國松廣寺傳統講院	The Traditional Sangha University of Songkwang Temple, South Korea
頂禮	Prostration
須在個中尋祖意 誰知此地即靈山	Should one seek the Patriarch's heart elsewhere; Who is to tell that a place of spirituality is right here.
須彌山	Mount Sumeru
須彌座	Sumeru Throne
須彌藏芥子，芥子納須彌	Mount Sumeru can contain a mustard seed, yet that same mustard seed can conceal Mount Sumeru
須菩提	Subhuti
頌揚	to praise
頓悟	sudden enlightenment
頭單書記	Head Secretary
頭單監寺	Executive Deputy Superintendent
頭城人文國小	Toucheng Humanities Elementary School
頭山門	Mountain Gate
頭陀苦行	Ascetic Practice
願力	Power of Vow
願塔	Stupa of Vow
願大地都成淨土 問世間誰是如來	I wish for all grounds to become Pure Lands; I ask the whole world who is Buddha?
願將佛手垂垂下 摸得人心一樣平	May the Buddha’s hands reach down; To smooth the hearts of people as equals.
願心	Vow
願心的昇華	As my vow sublimed
願望	Hope
顛倒	up-side down
顧問	Advisor
顯靈	Manifestation
風來花拜佛 雲去樹參天	Prostrating to the Buddha are flowers bending in the wind; Soaring into the sky are trees flying with the clouds.
風和千樹茂 雨潤百花香	Soothing breezes caress lush forests; Nourishing rain nurtures fragrant flowers.
風清月明禪門靜 春暖花開佛國香	Clear breeze, bright moon, peaceful Chan monastery; Warm spring, blooming flowers, fragrant Buddha land.
風煙有奇狀 物象歸餘清	Hazes may be obscure in form; Phenomena are pure in nature.
風調雨順	favorable weather
風雨走廊	Covered Walkway
風雲觀世態 水月證禪心	The changing world witnessed by winds and clouds; The Chan mind witnessed by Water and Moon.
飛揚十方	Soar Far and Wide
飛蛾投火，作繭自縛	like a moth flying into the flame, and a silkworm trapping itself in a cocoon
食存五觀; 1. 計功多少，量彼來處。 2. 忖己德行，全缺應供。3. 防心離過，不生瞋愛。 4. 正事良藥，為療形枯。5. 為成道業，應受此食。	Five Meal Contemplations: 1. Assess the amount of work involved, weigh up the origins of the food; 2. Reflect on one’s own moral conduct, perfect or not, take this offering; 3. Safeguard the mind against all error, do not give rise to hatred or greed; 4. Regard this food as good medicine, so as to treat the weakened body; 5. In order to accomplish the Way, one deserves to accept this food
飯來張口，茶來伸手	to be waited on hand and foot
飯頭	rice chef
養天地正氣 法古今完人	Nurture awe-inspiring righteousness; Emulate the timeless sages and virtues.
養心人	Nourisher of the Mind
養心立志	Nurture the Mind and Establish Aspirations
養志	Foster Determination
養成大拙方為巧 學到真愚始知賢	Mental agility is the ability to show wisdom in disguise of foolishness; Sagehood is not attained until one learns the true art of foolishness.
養浩然正氣 學古今聖賢	Nurture awe-inspiring righteousness; Emulate the timeless sages and virtues.
餓鬼	hungry ghost
饒益	Benefit
香光	Fragrant Light
香光亭滴水坊	Serenity Pavilion Water Drop Teahouse
香光合流	Where Fragrance and Light Merge
香光靈山	Spiritual Peak of Fragrance and Light
香口美心	Pleasant Speech, Beautiful Heart
香檀林	Sandalwood Forest
香海廣場	Gandha Square
香海正覺	Gandha
香港佛教	Hong Kong Buddhism
香火	Incense and Fire
香燈	Shrine Attendant
香積	Fragrance Accumulation
香雲廣場	Fragrant Cloud Square
香雲法雨	Fragrant Cloud, Dharma Rain
香雲蓋	incense cloud canopy
香風時雨	Fragrant Breeze and Timely Rain
馬到成功─佛光山迎春特展	FGS Year of the Horse Exhibition
駐館攝影家	Resident Photographer
駐館文學家	Resident Writer
駐館藝術家	Resident Artist
駿程萬里	The Noble Steed Gallops into a Bright Future
體用	Essence and Influence
體相用	Essence, Attribute, Influence
高僧傳	Biographies of Eminent Monks
高雄國際書展暨全民閱讀暨蔬食博覽會	Kaohsiung International Book Fair And Vegetarian Expo
高雄大樹國際水果節	Kaohsiung Dashu International Fruit Festival
高雄觀音山大覺寺	Kaohsiung Ta Chueh Temple, Kuan Yin Mountain
高高山頂立 深深海底行	Stand tall atop lofty mountains; Ponder deeply across ocean floors.
高麗大藏經	Tripitaka Koreana
鬧時鍊心 靜時養心 坐時守心 行時驗心 言時省心 動時治心	Train the mind in moments of clamor. Tame the mind in moments of stillness. Guard the mind in moments of rest. Test the mind in moments of practice. Reflect on the mind in moments of speaking. Control the mind in moments of action.
鬼門關	the gate of death
魔	mara
魔障	mara-hindrance
魚以海洋為宅 鳥以山林為園 人以屋舍為家 僧以空無為居	Fish find their homes in the sea, Birds find their gardens in the forest, Humans find their dwellings in houses, Monastics find their abodes in emptiness.
魚蝦藏身於海洋 鳥獸棲息於山林 人類安住於家國 華人散居於地球	Fish and prawns find their hidings in the ocean, Birds and animals find their nests in mountain forests, Humans find their dwellings in their homes and nations, Chinese people find their sense of belonging all across the globe.
鳥宿池邊樹 僧敲月下門	Birds nest in trees beside the pond; Monastic knock on doors beneath the moonlight.
鹿野苑	Deer Park
麥積山石窟藝術學術研討會	Academic Conference on the Maiji Shan Cave Arts
麥積山石窟藝術特展	Maiji Shan Cave Art Special Exhibition
麻竹園	Bamboo Garden Lodge
麻竹園五觀堂	Bamboo Garden Dining Hall
麻竹園法輪堂	Bamboo Garden Lodge Dharma Wheel Conference Room
麻竹園祇園廳	Bamboo Garden Lodge Jetavana Meeting Hall
麻竹園雙圓堂	Bamboo Garden Lodge Double Bliss Meeting Room
黃鶯出谷千山曉 白鳥飛空萬里春	The whole world will hear as the golden corona appears; Spring will be everywhere when the snowy birds journey across the sky.
默坐煙霞散 閒觀水月明	Sitting silently through the haze of dispersing twilight; Observing nonchalantly the light of the moon on the water.
點亮希望的燈祈福法會	The Light of Hope Candle Offering Dharma Function
點智慧	The Wisdom of Venerable Master Hsing Yun
鼓樓	Drum Tower
齊聲念佛一永日	One-Day Chanting Service
齋僧	Giving Alms
齋堂	Dining Hall
齋戒	Observance of Fasting and Precepts
齋戒活動	retreats and cultivation activity
龍亭	Dragon Pavilion
龍天	Nagas and Devas
龍天樂舞	Heaven Dances
龍天護佑	Heavenly Blessings & Protection
龍華	Dragon-flower
龍華三會	Three Meetings Beneath the Dragon-Flower Tree
龍藏	Dragon Canon
龍頭蛇尾	to start off big and end up in nothing
龜毛兔角	turtle hair and rabbit's horn
不為昨日困 昨日已過去 不被明日迷 明日尚未至 用心對今日 天天不迷困	Do not be trapped in yesterday, everything is already the past. Do not worry about tomorrow, tomorrow is not yet here. Focus wholeheartedly on today, and everyday shall be trouble-free.
白塔寺	Baita Temple
百萬人興學委員會	Million-Member Fundraising Committee
百萬心經入法身	One Million Heart Sutras in the Buddha
寶藏館	Museum of Treasures
禪悅為食	feast on the bliss of dhyana
大專佛學夏令營	College Buddhist Youth Summer Camp
當代人心思潮	Modern Thoughts, Wise Mentality
多寶白塔	Jeweled White Pagoda
法寶節	Dharma Day
發心與發展	to resolve and to develop
佛光茶	Fo Guang Tea
佛光出版社	Fo Guang Publishing House
佛光大藏經編修委員會	Fo Guang Shan Buddhist Canon Committee
佛光山文教基金會	FGS Foundation for Buddhist Culture and Education
佛光文化	Fo Guang Cultural Enterprise
佛光學報	Fo Guang Buddhist Journal
光華文理補習班	Guang Hua Tuition Center
國際佛光會會歌	BLIA Anthem
國際佛光會世界大會	BLIA World Headquarters General Conference
國際佛教促進會	International Buddhist Progress Society
國際青年生命禪學營	International Youth Seminar on Life and Ch'an
國際水果節	International Fruit Festival
好苗子計畫	Seeds of Hope Project
和諧社會	Harmonious Society
護法龍天	Dharma protectors and Devi kings
護法信徒	Dharma protectors and devotees
慧道中流	The Path of Wisdom Lies in the Middle Way
極樂淨土	Pure Land of Ultimate Bliss
極樂世界	Pure Land of Ultimate Bliss
家家彌陀佛 戶戶觀世音	Amitabha Buddha in every family; Avalokitesvara Bodhisattva in every household.
戒常住	ordination monastery
接駕	formal greeting
解門	teaching in theory
接心開示	heart-to-heart connection
晉山陞座	inaugural ceremony
覺世月刊	Awakening the World Monthly
開大座	Dharma lecture
開經偈	Sutra opening gatha
老奶奶	Madam Li Liu Yuying (Grandmother)
老奶奶紀念館	Madam Li Liu Yuying Memorial Hall
蓮花指	BLIA Lotus Mudra
靈山會上	Vulture Peak Assembly
龍樹菩薩	Nagarjuna
羅漢菜	arhat dish
美國佛光出版社	Buddha's Light Publications (U.S.A.) f.k.a. Buddha's Light Publishing
彌陀法會	Amitabha Dharma Service
彌陀佛七	Amitabha Chanting Retreat
彌陀淨土	Amitabha's Pure Land
面上無瞋是供養	A face without anger is a type of offering.
妙慧童女	Sumagadhi
摩迦	Mojia
南華管理學院	College of Management, Nanhua University
念佛會	Chanting Association
平常心是道	Ordinary Mind is the Way
菩提眷屬	bodhi couple
菩提種子	bodhi seeds
普賢警眾偈  是日已過，命亦隨減， 如少水魚，斯有何樂？ 當勤精進，如救頭燃， 但念無常，慎勿放逸。	Samantabhadra Bodhisattva’s Verse of Admonition   The day has passed, our lives thus shortened, Like fish running short of water, for what do we rejoice? Strive on diligently and vigilantly, as if putting out fire on the head. Be mindful of impermanence, and be cautious of laxity.
七眾道場	place of practice for the sevenfold assembly
全球華文文學星雲獎	Hsing Yun Award for Global Chinese Literature
人間大學	Fo Guang Shan Open University
人間佛教論壇	Humanistic Buddhism Forum
人間生活禪	Humanistic Living Chan
人間通訊社	Life News Agency (LNA)
人間行者	Humanistic Buddhist practitioner
人間音緣梵樂團	Fo Guang Shan Sounds of the Human World Buddhist Chinese Orchestra
人能弘道 非道弘人	It is people who promote the Way, not the Way that promotes people.
人生108事	108 Tips for Life
日文佛學班	Japanese Buddhist College
入道出家	enter the Way and renounce
如來之子	Sons of Zu Lai
入世佛教	This-Worldly Buddhism
三寶歌	The Triple Gem Song
三寶頌	Ode to the Triple Gem
三好體育協會	Three Acts of Goodness Sports Association
三好校園實踐學校	Three Acts of Goodness School
三好運動	Three Acts of Goodness Campaign
僧伽救護隊	Monastic Rescue Team
僧臘	monastic seniority
僧事僧決	monastic affairs are decided by monastics
僧信二眾	monastic and lay assemblies
沙彌學園	Sramanera College
上弘下化	1. attain awakening and liberate living beings; 2. reach high and care for all
施比受更有福	Giving is greater than receving.
世代交替	alternation of generations; handing down of the baton
十方叢林	monastery of the ten directions
師姑室	Lay Staff Affairs Office
世界佛學會考	World Buddhist Exam
世界傑出婦女會議	World Conference of Outstanding Buddhist Women
十修歌	Song of the Ten Practices
書香滿人間	fragrance of books filling the world
書香味	fragrance of books
寺廟監督條例	The Regulation of Supervising Temples
寺院本土化	localization of temples
寺院生活體驗營	Weekend Temple Retreat
寺院學校化	monasteries functioning as schools
隨緣不變 不變隨緣	Remain flexible yet unchanging; remain unchanging yet flexible.
台北別院	Taipei Branch Temple
天龍隊	South African Nan Hua Performing Arts Group
天眼網路佛學院	Tienyen Buddhist eCollege
文殿	Scholar’s Shrine
佛教文物流通處	Buddhist Artifacts Center
武殿	General's Shrine
無情說法	even the inanimate teaches the Dharma
五院十會	Five Councils and Ten Committees
惜別歌	Farewell Song
西單	west wing
西來大學	University of the West (formerly Hsi Lai University)
喜慶之家	Home for Celebration
香海社團	Gandha Buddhist Society
香會	Devotees' Gathering
香客	pilgrims
香頭	pilgrimage leader
香油錢	donation
心如工畫師	The Mind is Like a Painter
信徒大會	Devotees' Gathering
信徒代表	Devotees' Representative
信徒之家	Home for Devotees
行腳托缽	alms procession
行門	teaching in practice
星雲大師一筆字	Venerable Master Hsing Yun's One-Stroke Calligraphy
星雲教育獎	The Hsing Yun Education Award
星雲文學獎	The Hsing Yun Literature Award
行者	practitioner
義工的義工	a volunteer's volunteer
一九五三歌詠隊	1953 Buddhist Youth Choir
一期一會	Paths Only Cross Once
因果福利社	Cause and Effect Store
雲水護智車	Mentality Protection Center Vehicles
雲水樓主	Yunshui Louzhu
雲水書車	Cloud and Water Mobile Library Trucks
雲水書車行動圖書館	Cloud and Water Mobile Library
雲水書坊	Cloud and Water Mobile Library
雲水行腳	traveling by foot like the flowing water and moving clouds
雲水醫療車	Cloud and Water Mobile Clinic
真善美傳播貢獻獎	Truthful, Virtuous, and Beautiful Media Awards
真善美媒體貢獻獎	Truthful, Virtuous, and Beautiful Media Awards
志開上人	Venerable Master Zhi Kai
知客師	receptionist
中國佛教白話經典寶藏	Selected Chinese Buddhist Texts in Modern Language
中華傳統宗教總會	Chunghua Federation of Traditional Religious Associations
中華古今人文協會	Chunghua Society for Ancient and Modern Humanities
中華文化歷史系統圖	Chinese Cultural and Historical Chart
中流砥柱	The Foundation Pillar of Society
中日佛教促進會	China-Japan Buddhist Progress Society
宗教融和	interfaith harmony
自覺教育	education of self-awareness
宗教體驗	religious experience
宗教師	religious teacher
宗務堂	Office of the Board of Directors
宗務委員會	FGS Board of Directors
宗要	core teachings
祖師堂	Patriarch Hall
祖師西來意	Bodhidharma coming from the West
尊重異己	respect dissidents
做中學	learning through experience
做自己的主人	be masters of ourselves
祖庭	ancestral temple
庵主	Head of the Nunnery
出普坡	monastery-wide chores
幢蓋	banners and canopies
佛光山佛陀紀念館	FGS Buddha Museum
古今人文協會	Association of Ancient and Modern Humanities
國際佛光會世界總會	Buddha's Light International Association World Headquarters (BLIA World Headquarters)
國際佛光會中華總會	BLIA Chunghua Headquarters
國際佛光會青年總團	Buddha's Light International Association Young Adult Division (BLIA-YAD)
歐陽脩	Ouyang Xiu
人間佛教讀書會	Humanistic Buddhism Reading Group
人間佛教宣講員	Humanistic Buddhism Speaker
真誠	sincerity
中華人間佛教聯合總會	United Association of Humanistic Buddhism, Chunghua
七誡籃球義賽	Seven Virtues Basketball Fundraiser
星雲	Hsing Yun
信眾	devotees
聖者	sage
佛世時	during the Buddha’s time
六師外道	Six Non-Buddhist schools
成實論	Treatise of Establishing Reality
跑香	walking meditation
仁和安康 富樂吉祥	May Benevolence and Harmony Bring Peaceful Wellbeing, Let Abundance and Joy Yield Auspiciousness in Our Lives
阿鼻地獄　極端痛苦	"Avici Hell; 
Extreme sufferings."
阿彌陀佛	Amitabha Buddha
阿彌陀佛　萬德洪名	"Amitabha Buddha; 
Name of boundless merit."
阿僧祇刼　不可計數	"Asamkya Kalpa; 
Immeasurable."
愛見煩惱　飛蛾投火	"Clinging and Vexation; 
Like a moth in the fire."
愛拼才會贏努力成功	Strive in Order to Win: strive hard to succeed
愛中你我同心緣夢	Love: you and I, heart-to-heart affinities
矮子看戲　人云亦云	"Blocked View of the Stage; 
To blindly cheer along with others"
安份守道	Abide By the Path and Fulfill One's Duty
安家樂業　恬淡知足	"Settled at Home, Satisfied at Work; 
Content with a simple life."
安靜在沸騰動靜一樣	Silent but Loud: movement and stillness are the same
安樂富足	Peace, Joy, Wealth, and Abundance
安寧	Tranquility
安平	Safety and Peace
安然一如	Peace in its True Form
安善自得	At Perfect Ease With Being Good
安身立命　寄託心要	"Settle Oneself and Establish One's Duties; 
To trust the core teachings."
安心自在	A Peaceful Mind Brings Perfect Ease
安於無諍	Settle With No Disputes
安住身心	Settle the Body and Mind in Peace
安住身心　不為境轉	"Settle the Body and Mind in Peace; 
Undisturbed by one's surroundings."
八不中道　緣起法義	"Eight Negations of the Middle Way; 
Doctrine of Dependent Origination."
八大金剛　佛門護法	"Eight Great Vajras; 
Dharma protectors."
八方成全	Help Others Be Accomplished in Every Aspect
八風不動　不隨境轉	"Unmoved by the Eight Winds; 
To be unswayed by external conditions."
八功德水　殊勝潔淨	"Waters with Eight Attributes; 
Excellent and pure."
八面玲瓏　處世圓滿	"Beautiful from All Sides; 
Handled to the satisfaction of all."
八萬四千　為數眾多	"Eighty-Four Thousand; 
Of boundless and immeasurable extent."
八字打開　沒有秘密	"As if a Fortune Foretold; 
All secrets revealed."
拔刀相助　道德勇氣	"Stand Up for Others; 
With morality and courage."
把定封疆　斷絕對待	"To Establish Borders
Severing all relations."
把定世界　超越對立	"Seeing Through the World; 
Transcending opposites."
把斷咽喉　截斷知見	"Cut-Throat Determination; 
To sever all perceptions and views."
把火燒天　異想錯誤	"Setting the Sky on Fire; 
Erroneous thinking."
拔舌地獄　口業太重	"Tongue-Tearing Hell; 
Serious offenders of verbal karma."
把思念託付小雨自然纏綿	Entrust My Thoughts to the Rain: embracing nature
把素持齋　健康飲食	"To Uphold Vegetarianism; 
A healthy diet."
百尺竿頭　更進一步	"Reaching Higher than the Top of the Bamboo; 
To go above and beyond."
百醜千拙　窮形畢露	"Make a Fool of Oneself; 
To expose one's ungainliness."
百福吉祥	A Hundred Fortunes and Auspiciousness
百福莊嚴	With Abundant Merits and Solemnity
白毫之賜　珍寶相贈	"Blessings from the White-Curled One; 
Precious gifts."
百界千如　聖凡一體	"One Hundred Realms and One Thousand Thusness; 
Sages and ordinary beings are one."
白衣拜相　出人頭地	"From Rags to Riches; 
Head and shoulders above the rest."
白衣蒼狗　世事無常	"Fickle Weather; 
Impermanence of all."
白玉無瑕　沒有缺點	"White and Flawless Jade; 
Impeccable."
"白雲堆裏古家風，
萬里霜天月色同；
林下水邊人罕到，
方知吾道樂無窮。"	"Within Mounds of White Snow, the Old School Tradition
Within mounds of white snow, the old tradition,
Across an endless frosty sky, a moon just as pale;
Within forests, along rivers, scarcely visited sites,
Only then is the inifinite joy of the Way attained."
白雲萬里　心外求法	"White Clouds Across Ten Thousand Miles; 
Seeking the Dharma outside of the mind."
半偈捨身　為法忘軀	"To Sacrifice One's Life for Half a Gatha; 
To forget oneself for the sake of the Dharma."
半斤八兩　不相上下	"Six of One, Half Dozen of the Other; 
About the same."
半路出家　中年入道	"Midlife Renunciation; 
To enter the Way later in life."
半夢半醒之間似真似假	Between Wake and Dream: true yet false
半青半黃　尚未成熟	"Half Green and Half Yellow; 
Not ripe yet."
半信半疑　真假難辨	"Between Belief and Doubt; 
Hard to distinguish the real from the false."
薄地凡夫　人間眾生	"Ordinary Beings from Infertile Land; 
Sentient beings in this world."
包青天審案公平正義	Justice Bao: judge of fairness and justice
寶山空回　鎩羽而歸	"Return from Treasure Mountain Empty-Handed; 
Failure and disappointment."
寶相莊嚴　相好圓滿	"Precious, Adorned Appearance; 
Perfect and wonderful form."
報應不爽　不滅因果	"Karmic Retributions at Work; 
Cause and effect do not disappear."
抱贓叫屈　惡人告狀	"Claim Innocence While Holding Stolen Property; 
A culprit's accusation."
背塵合覺　捨迷歸真	"Leaving Defilement, Blending with Enlightenment; 
Abandoning delusions and returning to Truth."
背覺合塵　不思解脫	"Leaving Enlightenment, Blending with Defilement; 
Not thinking of liberation."
被遺忘的時光經常夢想	Forgotten Times: always dreaming
悲智雙運	Practice Compassion and Wisdom Simultaneously
悲智願行	Compassion, Wisdom, Vow, and Practice
悲智願行　名山菩薩	"Compassion, Wisdom, Vow, and Practice; 
The Four Great Bodhisattvas."
本地風光	Brilliance of the Original State
本地風光　一切照舊	"Local Scenery; 
All as usual."
本來面目　真如自性	"Original Face; 
Our true intrinsic nature."
本命元辰　自我本性	"Born With It; 
The true intrinsic self."
本然清淨	Naturally Pure
"本無一事可思求，
平地風波信筆收；
從地倒時從地起，
十方世界任優游。"	"Originally with not a single thing to seek,
Letters arrive for disputes over a flat land;
Get back on your feet from where you fall,
The world would then be yours to roam."
本自圓成	Inherently Complete
筆底春風　文彩優美	"The Spring Breeze Inspires the Writing Brush; 
Displaying literary elegance."
閉關自守　多有不便	"Closed-Door Policy; 
Many restrictions."
閉門造車　出門合轍	"To Build a Cart Behind Closed Doors; 
All according to plan."
鼻孔朝天　心高氣傲	"Turn Up One's Nose; 
Proud and arrogant."
避溺投火　抱薪救火	"To Avoid Drowning by Leaping into the Fire; 
To go from bad to worse."
辯才無礙　能言善道	"Supreme Eloquence; 
Articulate and persuasive."
標新立異　見解獨特	"Unconventional; 
Unique in one's understanding."
別具隻眼　觀察入微	"Astute Perspective; 
Down to the last detail."
冰消瓦解　一切空無	"Dissolve Like Ice; 
Utter emptiness."
般若心經名家演唱	Heart Sutra: sung by masters
般若性海	Prajna Wisdom and Ocean of Nature
撥草瞻風　明察秋毫	"To Observe Wind Through the Movement of Grass; 
Awareness of the finest details."
撥無因果　否定報應	"To Deny Cause and Effect; 
To negate karmic retribution."
撥雲見日　重見光明	"Clear the Clouds to See the Sky; 
To see the light again."
撥著便轉　受到啟發	"Struck with Insight; 
Sudden inspiration."
缽盂安柄　多此一舉	"Put a Handle on a Bowl; 
To do more than is required."
步步蓮花　漸入佳境	"Lotuses Appearing at Each Step; 
Gradual improvement."
不動如山	Be As Steady As the Mountains
不動心也	The Unmoving Mind
不二法門　萬法一如	"The Gate of Non-Duality; 
All dharmas are the same."
不垢不淨　不生分別	"Neither Pure nor Impure; 
Not differentiating."
不即不離　行事中道	"Neither Close nor Far; 
Practice the Middle Path.
"
"不結善緣結惡緣，
苦貪名利受熱煎；
豈知住世金銀寶，
借汝閒看幾十年。"	"Making unwholesome affinity instead of wholesome ones,
One shall suffer from greed for wealth and fame;
Know of all worldly fortunes as such:
They are none other than decades of transient views."
"不經一番寒徹骨，
怎得梅花撲鼻香；
直饒熱得人流汗，
荷池蓮蕊也芬芳。"	"Only After the Chilling Cold
Without the trials of cruel and harsh winter,
How can plum blossoms turn tangy with fragrance?
In the heat that makes one perspire,
Water lilies and lotus buds will also grow with fragrance."
不拘小節　大處著眼	"Do Not Bother About Mere Trifles; 
Focus on the big picture."
不可理喻　無法對話	"Impervious to Reason; 
Unreasonable and difficult to talk to."
不可收拾　難以挽回	"Out of Hand; 
Beyond repair."
不可思議　妙不可言	"Inconceivable; 
Ineffable and indescribable."
不可限量　無有止盡	"Limitless and Boundless; 
Formidable and immeasurable."
不可言宣　以心印心	"Ineffable and Indescribable Teachings; 
Only through a heart-to-heart connection."
不歷階梯　直指人心	"Without Going Through the Steps; 
Directly pointing to one's mind."
不立文字　以心傳心	"Not Predicated on Words; 
A heart-to-heart transmission."
不了情之歌為情困擾	Love Without End: the song of love entanglement
不落因果　否定業報	"Not Falling into Cause and Effect; 
Denying karmic retributions."
不昧因果　輪迴循環	"Not Ignoring Cause and Effect; 
The cycle of rebirth."
不念舊惡　消愁解恨	"Do Not Hold Any Grudges; 
Eliminate worry and dispel hatred."
不請之友　自動發心	"An Unprompted Friend; 
A wholehearted initiative. "
不生不滅　不落兩邊	"Neither Arising nor Ceasing; 
Not falling to either extreme."
不生不死　超越對待	"Neither Birth nor Death; 
Transcending duality."
不識抬舉　誤失良機	"Turning a Blind Eye to Favors; 
To miss a golden opportunity."
不受福德　功行不夠	"Unworthy of Merit; 
Insufficient cultivation."
不受信施　德行不夠	"Unworthy of Offering; 
Insufficient virtue."
不死不活　行屍走肉	"Neither Dead nor Alive; 
Like a walking corpse."
不退菩薩　信願堅定	"Non-Retrogressing Bodhisattva; 
Unwavering faith and vow."
不退心	A Mind of No Regression
不忘初心　華嚴經句	"Never Forget One’s Initial Aspirations; 
Quote from the Avatamsaka Sutra."
不惜眉毛　不惜代價	"At the Price of One's Eyebrows; 
At all costs."
不用心機	Do Not Be Scheming
不增不減　一多不二	"Neither Increasing nor Decreasing; 
Non-duality of one and many."
不知不覺　猶如木石	"Heedless and Unaware; 
Like wood and stone."
不知好歹　自以為是	"Unable to Differentiate Good and Bad; 
To believe in one's infallibility."
不著空有	Remain Unattached to Either Emptiness or Form
補拙	Sincere and Honest
採檳榔一曲周璇成名	Picking Betel Nuts: what brought Zhou Xuan to fame
採茶歌少女歌聲嘹亮	Tea Picking Song: resonant voices of young ladies
參禪三偈	Three Chan Poems
殘羹剩飯　陳腔濫調	"Serving Leftovers; 
Stale speech."
殘缺也是美半月繁星	The Beauty of Imperfection: half-moon and twinkling stars
慚愧為美	Shame is a Virtue
慚愧之美	The Beauty in a Sense of Shame
滄海一聲笑勝敗今宵	A Sound of Laughter in the Vast Sea: tonight is the night
藏頭露尾　舉止畏縮	"Burying Head in the Sand; 
Cowardly and avoidant."
草木生光	Light Emits from the Grass and Trees
草衣木食　生活清苦	"Ragged Clothes and Coarse Food; 
A frugal life."
草原之夜歌聲依然	Nights of the Prairie: lingering voices
茶禪	Tea Chan
茶禪一味　人間佛法	"Chan and Tea are of One Taste; 
Dharma in the human world."
釵頭鳳愛情悲哀結案	The Phoneix Hairpin: a love tragedy
懺悔改過勇者進步	Song of Repentance: change and advance courageously
禪	Chan
禪門諸祖師偈頌	Chanmen Zhu Zhushi Jisong (Verses of the Chan Patriarchs)
禪心有悟	A Chan Mind Is A Mind of Enlightenment
禪心正覺	Chan Mind and Right Awakening
禪絮沾泥　內心染塵	"Meditative Thoughts Dipped in Mud; 
Tainted by unwholesome thoughts."
禪悅自在	Carefreeness Found in the Joy of Chan
常保安康	Always Maintain Good Health
常樂我淨	Eternity, Bliss, Self, and Purity
常住真心　安定永恆	"True Mind that Always Abides; 
Everlasting peace and stability."
長城謠牆下哀怨不已	Ballad of the Great Wall: grief-stricken at the wall’s foot
長生庫	The Treasury of Longevity
長亭送別離愁萬千	Farewell Song: the sorrows of separation
長齋綉佛　持戒嚴謹	"Devout Practitioner; 
Strictly upholding the precepts."
超塵脫俗　離世無染	"Transcending Defilements, Free From the Mundane; 
Leaving the worldly untainted."
超凡入聖　斷惑證真	"Transcending the Ordinary, Into the Supramundane; 
Eliminating defilements, realizing the Truth."
超然物外　任性逍遙	"Transcend the Material World; 
Follow one's nature freely."
超然自得　淡泊曠達	"Unattached and Carefree; 
Simplicity and acceptance."
超世凡俗　出塵不染	"Transcend the Mundane and Worldly; 
Rise from defilements untainted."
徹骨徹髓　完完全全	"Bred in the Bone; 
Completely."
徹頭徹尾　自始至終	"From Start to Finish; 
From beginning to end."
塵盡光生　自然明朗	"When Dusts are Cleared, Light will Shine; 
Naturally bright."
"塵勞迥脫事非常，
緊把繩頭做一場。
不經一番寒徹骨，
怎得梅花撲鼻香。"	"Separation from worldly passions is an extraordinary task,
Grab the head of rope and tie it with all your might;
If not for the bone-biting winter cold,
How can the plum blossom and its fragrance assail the nostrils?"
塵緣人間花開花落	Love Destiny: blooming and wilting flowers
沉默是金始終相信	Silence is Golden: I still believe
晨曦空氣運動最好	Morning: morning air, best time for exercise
晨鐘暮鼓　發人深省	"Morning Bells and Evening Drums; 
Thought-provoking."
秤錘落井　下落難尋	"Weights Dropped into a Well; 
Difficult to reclaim."
成恩心	Heart of Gratitude
成佛作祖　到達目標	"Attain Buddhahood and Become a Patriarch; 
To reach the goal. "
成功嶺山頭成功在望	Off to Success: success is within reach
成家立業　後繼有人	"Get Married, Start a Career; 
Pass on the torch."
成人之美	Assist Others in Fulfilling Their Goals
成住壞空　世界循環	"Formation, Existence, Decay, and Disappearance; 
The way of the world."
澄淨光明	Clarity, Purity, and Brightness
城裏的月光把夢照亮	Moonlight in the City: illuminating the dream
撐門拄戶　維持家計	"The Pillar of the Family; 
Supporting the household."
撐天拄地　任運乾坤	"Heaven Above and Earth Below; 
Follow the course of the universe effortlessly."
誠訥篤實	The Wonderful Truth of Reality
誠信	Sincerity and Honesty
稱譏毀譽　他人評論	"Praise, Ridicule, Defamation, Honor; 
Other people's comments."
稱心滿意　一切具足	"Be Pleased and Satisfied; 
Fully replete."
稱心如意	In Accord With One's Wishes
稱讚如來　口說好話	"Praising the Tathagata; 
Speaking good words."
承虛接響　捨本逐末	"Accepting the Hollow, Entertaining the Echo; 
Neglecting the roots, pursuing the branches."
吃虧是福	Being Disadvantaged is in Fact a Blessing
赤手空拳　單打獨鬥	"Barehanded; 
Fighting a battle alone."
痴人說夢　胡言亂語	"Sleep Talking Fool; 
Nonsensical speech."
痴心妄想　不能實現	"Carried Away by Wishful Thinking; 
Cannot be actualized."
抽釘拔楔　徹底解決	"Pulling Nails and Wedges; 
To resolve completely."
臭肉來蠅　禍事自招	"Like Flies to Rotten Meat; 
We bring mishaps to ourselves."
愁眉苦臉　心事重重	"To Wear a Worried Look; 
To have a lot on one's mind."
愁雲慘霧　生活淒涼	"In Distress and Desperation; 
A desolate life."
出塵上士	Out of the Dust Comes a Sage
出佛身血　五逆重罪	"Shedding the Blood of a Buddha; 
One of the Five Great Violations."
出類拔萃	Be Outstanding
出生入死　赴湯蹈火	"Willing to Risk Life and Limb; 
To go through boiling water and tread on fire."
出息入息　靜坐禪觀	"Inhaling and Exhaling; 
In meditative contemplation."
處世平和	Keep Harmonious Thoughts For the World
處世無畏  和平共存	May All Beings Live Without Fear and Coexist in Peace
觸目無滯　所見無障	"Unobstructed Vision; 
See through everything."
觸途成滯　遇事不通	"No Way Out; 
Fail to make any progress."
除妄歸真　返本還源	"Eliminating Delusions, Returning to the Truth; 
Back to the origin."
船歌響起江海飄蕩	Boat Song: boats slapping against rivers and oceans
傳奇山中王菲留情	Legend: love from Faye Wong
傳臨濟正宗第四十八世佛光山開山祖師星雲大師圓寂讚頌典禮	Memorial Service of Venerable Master Hsing Yun 48th Generation of the Linji School — Founding Master of Fo Guang Shan
傳臨濟正宗第四十八世佛光山開山祖師星雲大師圓寂荼毘大典	Cremation Ceremony of Ven. Master Hsing Yun 48th generation of the Linji School — Founding Master of Fo Guang Shan
床上安床　重複模仿	"Hat on Top of Another Hat; 
Duplication."
"垂垂白髮下青山，
七載歸來換舊顏；
人却少年松已老，
是非從此落人間。"	"Leaving the mountain with hairs turned grey, 
Returning after seven years with a changed old face; 
Though youthful in age, the pine tree is already old,
Henceforth, right and wrong will linger in this world."
吹大法螺　說法度眾	"Sounding the Great Dharma Conch; 
Teaching the Dharma to liberate people."
炊沙成飯　愚痴妄想	"Cooking Sand to Get Rice; 
Ignorance and delusion."
"垂訓詩
行藏虛實自家知，
禍福因由更問誰；
善惡到頭終有報，
只爭來早與來遲。
閑中檢點平生事，
靜坐思量日所為。
常把一心行正道，
天地自然不相虧。"	"Superior Instruction
Only you would know the genuineness of your conducts,
Who else decides the causes of fortune and misfortune?
Karmic retributions, good or bad, are only eventual,
Sooner or later? It is only a matter of difference.
During spare times, reflect on your life’s doings,
Meditate and contemplate on your daily conduct.
Constantly set your mind on what is righteous,
Naturally, heaven and earth will never betray you."
春風化雨	Spring Breeze and Rain
春風吻上我的臉百花盛開	Spring Breeze Kiss My Face: flowers blooming
春寒料峭　寒氣透骨	"Spring Chill in the Air; 
Chilled to the bone."
春花秋月	Spring Flowers and Autumn Moon
春天柳絮飄揚空中	Spring: catkins in the air
"春有百花秋有月，
夏有涼風冬有雪；
若無閒事掛心頭，
便是人間好時節。"	"Spring has its blossoms and autumn its moon, 
Summer has its breezes and winter its snow; 
If one has nothing to be concerned about, 
Then any time is a good time in life."
慈悲	Compassion
慈悲福德	The Merit of Compassion
慈悲平等	Compassion is Equal
慈悲如華	Compassion Like a Flower
慈悲十方	Compassion for the Ten Directions
慈悲為本	Compassion as Principle
慈悲為懷　救苦救難	"Have a Compassionate Heart; 
Alleviating suffering."
慈悲為心	Keep Compassion in Mind
慈悲為用	Compassion Is the Way
慈悲喜捨	Loving Kindness, Compassion, Joy, and Equanimity
慈悲心香	A Fragrant and Compassionate Mind
慈悲智勇	Loving Kindness, Compassion, Wisdom, and Courage
慈航普渡　都有緣份	"The Ferry of Compassion Liberates All; 
All in affinity."
慈忍為力	Compassion and Tolerance are Strength
慈善傳家	Compassion as Family Tradition
慈孝	Compassion and Filial Piety
慈心活水	A Compassionate Mind is Like Flowing Water
慈心無量	Boundless Compassion
詞窮理盡　無話可說	"Out of Words and Reasons; 
Nothing to say."
從容生活	Live Calmly and Composed
粗茶淡飯　生活簡樸	"Plain Tea and Simple Food; 
Humble living."
寸步難行　處境艱難	"In a Tight Corner; 
To be in a difficult situation."
寸鐵殺人　精簡妙用	"Even a Small Piece of Metal Can Kill; 
Simple clever use."
錯七錯八　彌增顛倒	"At Sixes and Sevens; 
Worsening distorted views."
撮土為金　轉凡為聖	"Turn Lead into Gold; 
Transform the ordinary into the sagely."
打草驚蛇　事情曝光	"To Beat the Grass to Startle the Snake; 
To disclose through rash action."
打成一片　融和一體	"Merge into One; 
Harmonious integration."
達官貴人　地位顯要	"Dignitaries; 
Of prominent status."
大徹大悟　明心見性	"Thoroughly Awakened; 
To realize the mind and see one's intrinsic nature."
大吹大擂　自我膨脹	"To Blow One's Own Trumpet; 
Arrogant ostentation."
大慈大悲　拔苦與樂	"Great Compassion, Great Loving-Kindness; 
Relieve suffering and give joy."
大道難行　修學不易	"It is Difficult to Walk the Great Path; 
Cultivation and practice is not easy."
大道無私	The Selflessness of the Great Path
大地春曉	The Arrival of Spring on Earth
大地飛歌終歸烏有	Flying Song: all becomes nothing
大地回春	Spring Has Returned to Earth
大地如母	The Earth is Like a Mother
大地生春	The Return of Spring
大地生機	Earth's Vitality
大地一人	I am the Great Earth
大發慈悲　心生憐憫	"Great Arising of Compassion; 
A merciful heart."
大公無私	Impartiality and Unselfishness
大光明藏	Treasure of Great Light
大海撈針　難以獲得	"Finding a Needle in a Haystack; 
Difficult to acquire."
大機大用　善根深厚	"Great Capability, Great Accomplishment; 
Profound and wholesome roots."
大家吉祥	Auspicious Blessings to All
大江東去難再回頭	River of No Return: no turning back
大覺慈尊　釋迦如來	"Enlightened, Compassionate, and Honored One; 
Sakyamuni Buddha."
大覺我師	The Great Awakened One is My Teacher
大千世界　廣闊無邊	"Thousand-fold World System; 
Immense and boundless."
大千行腳	Cover the Great World with One's Footsteps
"大千一粒未為寬，
打破娘生赤肉團。
萬法本閒人自鬧，
更從何處覓心安？"	"A great chiliocosm, like a single grain of millet, is not even substantial.
Transcend the pink lump of flesh conceived by the mother;
Myriad things are originally tranquil, only humans agitate,
Where else can one find a serene abiding for the heart? "
大人大量	Great Person, Great Strength
大死一番　身心脫落	"Die a Great Death; 
Free from the body and mind."
大休大歇　離盡諸妄	"The Great Respite and Repose; 
Severing all delusions."
大隱於市	Great Reclusion Within the City
大勇無諍	The Truly Brave Does Not Fight
大勇無爭	The Courageous Do Not Dispute
大圓鏡智　心開意解	"Great Perfect Mirror of Wisdom; 
All queries resolved and knots untangled."
大圓滿覺	Perfectly Awakened One
大圓滿覺　如來至尊	"Perfectly Awakened One; 
The supreme Tathagata."
大眾雲集　全部到齊	"Assembly Like a Gathering of Clouds; 
Everyone in attendance."
打破漆桶　大徹大悟	"Breaking the Paint Bucket; 
Thorough enlightenment."
打破玄關　超越思維	"To Break Through the Barrier of Mystery; 
Going beyond thinking."
打退堂鼓　中途變卦	"Beat a Retreat; 
To change one's mind halfway."
待人以誠	Be Sincere to Others
淡泊人生	A Simple Life
淡泊知足	Find Contentment in Simplicity
淡出妄緣	Let Delusive Conditions Subside
淡然	Remain Detached
單刀直入　乾淨俐落	"Cut Straight to the Point; 
Direct and efficient."
單槍匹馬　獨自行動	"Singlehandedly; 
Go it alone."
單絲不線　孤掌難鳴	"A Single Thread Does Not Make a String; 
Hard to clap with only one hand."
擔雪填井　徒勞無功	"To Fill a Well with Snow; 
Efforts in vain."
當面錯過　失去機會	"To Miss What's Right Under One's Nose; 
To lose an opportunity."
當仁不讓	Do Not Fall Behind in Showing Benevolence
當頭棒喝　直接受教	"Strike a Telling Blow; 
Lectured directly."
當我們同在一起快樂無比	When We Are Together: so very happy
當掌聲響起苦盡甘來	Applause: after suffering comes happiness
道高魔重　邪不勝正	"The Way Triumphs Evil; 
Depravity cannot overcome righteousness."
道高一尺　略勝一籌	"The Way is Greater; 
A notch above."
道貌岸然　莊嚴身相	"Dignified Look; 
Solemn appearance."
道情法愛　佛門情誼	"Friendship for the Path, Love for the Truth; 
Friendship in Buddhism."
道上人間倩女幽魂	The Path: a Chinese Ghost Story
道頭會尾　見微知著	"See the End from the Beginning; 
A small clue reveals all."
道心堅固　不忘初心	"A Firm Mind Seeks the Way; 
Never forget one's initial aspirations."
道在當下	The Path is in the Present Moment
倒戈卸甲　棄械投降	"To Betray by Laying Down Arms; 
To surrender."
倒駕慈航　乘願再來	"The Turnabout Boat of Compassion; 
Fulfilling a vow to return to the Saha world."
刀口舔蜜　割舌之患	"Licking Honey Off a Razor Blade; 
Dangerous and risky."
刀山火海　苦不堪言	"Mountain of Knives, Sea of Fire; 
Unspeakable suffering."
刀山劍樹　痛苦不堪	"Mountain of Knives, Tree of Swords; 
Unbearable agony."
得其三昧　進入悟境	"Attain Samadhi; 
Entering into the state of enlightenment."
得未曾有　如獲至寶	"Gaining What One Never Had; 
As if stumbling upon a treasure."
得意的笑青山不改	Vigorous Laugh: youth never gone
燈燈相映　佛道相同	"One Lamp Reflects Another; 
Sharing the Buddha Way."
登高望遠	Climb High to See a Greater View
登高望遠　心懷天下	"Climb High To See a Greater View;
A mind that embraces the World."
登高致遠	Climb High to Reach Far
覿面相呈直下會得	"Unspoken Face-to-Face Teaching; 
Immediate realization."
滴水穿石　有恆所至	"Constant Dripping Wears Away Stone; 
Perseverance leads to achievements."
滴水難消　承受不起	"Unworthy of Offering; 
Even a drop of water is difficult to digest."
地水火風　四大因緣	"Earth, Water, Fire, and Wind; 
Four major causes and conditions."
電光朝露　為時短暫	"Flash of Lightning and Morning Dew; 
In the blink of an eye."
點燈照心天堂有路	Light of the Lamp: seeing the heart, a road to heaven
點亮心燈	Light the Lamp of the Heart
點亮心燈　佛性顯發	"Light the Lamp of the Heart; 
Reveal one's Buddha nature."
頂禮膜拜　俯首至地	"Prostrating in Reverence; 
Touching one's head to the ground."
頂天立地　俯仰無愧	"Reach for the Sky and Stand Firm on the Ground; 
To have a clear conscience."
定慧等持　止觀雙修	"Equally Uphold Concentration and Wisdom; 
Practice both calming and contemplation."
定中世界	Right Dharma Purifies the Mind
東方紅合唱唱紅中國	The East Is Red: choir singing the sounds of China
東方之珠在我心上	Pearl of the Orient: always in my heart
"東林寺酬韋丹刺史
年老心閑(閒)無外事，
麻衣草座亦容身。
相逢盡道休官好，
林下何曾見一人。"	"For Provincial Govenor Wei Dan at Donglin Temple
An old but leisurely heart, free of worldly trouble,
A linen robe and straw mat suffice to let me be;
So they claim to envy the life of a retired rank,
Yet, deep in the forests, have they ever been?"
東塗西抹　隨手亂畫	"Painting Here and There; 
To doodle freely."
"東西南北任遨遊，
萬里長江一葉舟；
夢裏不知身是客，
醒來大地忽新秋。"	"East, West, South, North, travel freely as one may wish,
On the endless Yangtze River sails a boat;
Not realizing one is just a guest in the dream,
Upon waking, a new autumn is already here."
動靜一如　境界超越	"Movement is the Same as Stillness; 
Transcend boundaries and differentiation."
動念即乖　分別皆非	"Any Arising Thought Falls Out of Accord; 
All discriminations are false."
動弦別曲　聞一知十	"A Word to the Wise is Sufficient; 
Knowing the full picture by seeing a part."
動心忍性	A Moved Heart With a Nature of Tolerance
冬戀難忘燕雁南飛	Winter Love: unforgettable
冬去春來	Winter Goes and Spring Comes
洞然明白　茅塞頓開	"Revealed in Perfect Clarity; 
A perfect comprehension of things."
抖擻精神　振作意志	"Vim and Vigor; 
Liven up spirit."
獨具慧眼　見解高超	"To See What Others Cannot; 
Exceptionally insightful."
獨一無二　絕無相同	"One and Only, Second to None; 
Unique."
杜口無言　絕口不提	"Hold One's Tongue; 
Not saying anything."
篤實正經	Be Firm and Serious
度一切苦厄	Overcome All Sufferings
端心正意　別無邪念	"Proper Mind and Right Will; 
No erroneous thoughts."
對機說法　契合根性	"Adaptive Teaching; 
According to different capabilities."
對牛彈琴　知音難覓	"To Play the Lute to a Cow; 
A soul mate is difficult to find."
遁入空門　出家修道	"Entering a Monastic Order; 
To practice as a renunciant."
墮坑落塹　身陷危難	"Fall Into a Pit; 
Trapped in a dangerous situation."
多口阿師　閒話無用	"Full of Hot Air; 
Talk of nonsense with nothing worthwhile."
惡語傷人　說話如刀	"Harmful Speech; 
Words that cut like a knife."
耳根清淨　遠離塵囂	"Peace and Quiet; 
Away from havoc and unrest."
二人為仁	Benevolence Between People
法不孤起　仗境方生	"Dharmas Do Not Arise Alone; 
Causes and conditions are required."
法爾如是　本來如此	"Dharma as It Is; 
Originally so."
法爾天成	Dharma As It Is Naturally
法爾自然	The Dharma Is As Natural As It Is
法法平等	Every Dharma is Equal
法法一如	All Dharmas Have the Same Essence
法海入心	Let the Ocean of Dharma Flow Into the Mind
法界為心	The Mind is the Dharma Realm
法界唯心	Dharma Realm in the Mind
法界一如	Dharma Realm as One
法界一心	The Dharma Realm is Embodied Within the Mind
法力無邊　微妙難測	"Boundless Dharma Power; 
Subtle and immeasurable."
法輪常轉　佛日增輝	"The Eternally Turning Dharma Wheel; 
May the Buddha's days be glorified."
法是吾家	The Dharma is My Home
法水	Dharma Water
法水甘露	Dharma Nectar
法水潤生	The Life-Nourishing Dharma Water
法水生命	The Dharma Water of Life
法喜禪悅	The Joy of Chan
法喜充滿　體悟真理	"Filled with Dharma Joy; 
Realization of the Truth."
法喜人生	A Life of Dharma Joy
法喜生命	A Life of Dharma Joy
法性湛然	Dharma Nature is Pure
法眼淨	Pure Dharma Eye
發人深省　有所醒悟	"Food for Thought; 
A realization."
發心向前	Resolve to Move Forward
"返本還源便到家，
亦無玄妙可稱誇；
湛然一片真如性，
迷失皆因一念差。"	"To be home is to return to the origin and back to the source,
There is nothing mysterious that one can boast about;
Clearly and as such is the nature if true thusness,
To be astray or not? It is all in a moment of thought."
返璞歸真　回歸自然	"Back to Simplicity; 
To recover one's true nature."
反觀自性	Reflect on One's Nature
凡夫肉眼　見識平庸	"Through the Ordinary Eye; 
Mundane knowledge."
凡夫俗子　普羅大眾	"Common People; 
The great multitude."
凡聖一如　佛性平等	"The Ordinary and the Sagely are the Same; 
All are equal in Buddha-nature."
方便般若	Prajna Wisdom as a Skillful Means
方便善巧	Skillful and Expedient Means
方便之門　出入自由	"Gate of Skillful Means; 
Entering and leaving freely."
方外之交　僧信友誼	"Affinities Outside the Monastery; 
Friendship between Sangha and devotees.
"
方丈和尚　如同校長	"Abbot; 
Like a school headmaster."
放光動地　不同凡響	"Emitting Light and Shaking the Earth; 
Extraordinary."
放快腳步	Speed Up the Pace
放下	Let Go
放下屠刀　改過向善	"Put Down the Butcher's Knife; 
Correct one's mistakes and turn towards wholesomeness."
防心離過　警防犯錯	"Guard the Mind from Unwholesomeness; 
Be alert to prevent errors."
防意如城　戒備森嚴	"Guard the Mind as if Defending a City; 
Strict vigilance."
飛蛾投火　自尋死路	"Like Moths to a Flame; 
To follow the path to one's destruction."
飛來飛去飛到那裏	Flying: here and there, where to?
飛針走線　功力非凡	"Swift Needlework; 
Extraordinary skills."
非佛不做　行佛所行	"Do But What is in Accord with the Buddha; 
Practice the Buddha's way."
非親非故　也有因緣	"Neither Relative nor Friend; 
There is still affinity."
分段生死　六道輪迴	"Fragmentary Birth and Death; 
The Six Realms of cyclic existence."
分工合作	Cooperation and Teamwork
粉身碎骨　自我犧牲	"Torn to Pieces and Ground to Dust; 
Self-sacrifice."
芬陀利華　白色蓮花	"Pundarika Flower; 
A white lotus."
焚香頂禮　恭敬虔誠	"Burn Incense and Prostrate; 
Sincere respect."
逢場作戲　隨順眾生	"Play Along for a Little Fun; 
Oblige sentient beings."
豐干饒舌　貧嘴多舌	"Master Fenggan Talks Too Much; 
Sharp-tongued and garrulous."
鳳凰于飛春花秋月	Songs of the Phoenix: spring and autumn
風調雨順　世界安然	"Favorable Weather; 
World at peace."
風木含悲　父母雙亡	"A Grieving Tree in the Wind; 
The passing of one's mother and father."
風行草偃　機緣成熟	"Grass Bends as Wind Blows; 
Opportunity at hand."
風雨無阻萬里徒步	Rain, Hail, or Shine: thousands of miles by foot
風月、禪心	The Chan Mind of Wind and Moon
風月、禪心	The Chan Mind of Wind and Moon
奉獻給您我的真心	Dedication: offered with my utmost sincerity
佛	Buddha
"佛成道日
今晚明星上，當初夢醒時。
雪山仍在眼，覺樹正垂枝。
遙想耽飢瘦，因思獻乳麋。
六年寒徹骨，心苦有誰知。"	"Buddha’s Enlightenment Day
Gazing upon the stars tonight, 
Having awakened from the dream.
The snow mountain still before my eyes,
Also the bodhi tree’s dangling branches.
Recalling time wasted on starving the body to skin and bone,
Due to contemplation of the offered milk porridge.
Chilled to the bone for over six years,
Who knows the pains of my mind?"
佛慈廣大　悲心無限	"The Buddha’s Kindness Is Vast and Great; 
Boundless compassion."
佛誕浴佛歌自我淨心	Bathing the Buddha Celebration: purify our mind
"佛法在世間，不離世間覺，
離世求菩提，猶如覓兔角。"	"The Dharma is to be found in this world,
and to leave this world to search for the Dharma
is as futile as searching for a rabbit with horns."
佛光淨土	Buddha's Light Pureland
佛光山開山祖師	1. Fo Guang Shan Founding Master; 2. Founding Master of Fo Guang Shan
佛光山開山祖師星雲大師出家紀念日信徒香會	Fo Guang Shan Founding Master—Venerable Master Hsing Yun’s Renunciation Day & Devotees’ Gathering
佛光山開山祖師星雲大師圓寂紀念日	Fo Guang Shan Founding Master—Venerable Master Hsing Yun Memorial Day
佛光山○○○○年開山祖師星雲大師圓寂紀念日	Fo Guang Shan Founding Master—Venerable Master Hsing Yun Memorial Day
佛光山開山祖師星雲大師圓寂周年紀念追思典禮	Memorial Service for the First Anniversary of Fo Guang Shan Founding Master—Venerable Master Hsing Yun's Passing Away
佛光山開山祖師星雲大師誕辰紀念日供僧法會	Fo Guang Shan Founding Master—Venerable Master Hsing Yun’s Birthday & Sangha Day Offering
佛光山教團依止之剃度師及得戒和尚代表	Tonsure and Precept Master of Fo Guang Shan Buddhist Order
佛光普照	Buddha's Light Shines Universally
佛光普照　蒙佛庇佑	"Buddha's Light Shines Universally; 
To receive the Buddha's blessings."
佛光普照三千界  法水長流五大洲	"May the Buddha's Light Shine Universally On the Three Thousand Realms
Let the Dharma Stream Flow Across All Five Continents"
佛光三寶頌佛教教歌	Fo Guang Ode to the Triple Gem: Buddhist Anthem
佛光世界	A World of Buddha's Light
佛光星公祈願文	Prayer for the Most Venerable Master Hsing Yun
"佛光讚
星公大和尚
揚州願力渡洋
人間佛教弘十方
立菩薩榜樣
眾等稽首遙祝禱
乘願倒駕慈航
普利人天皆吉祥
法水永流長"	"Praise of the Buddha's Light
Our most esteemed Venerable Master Hsing Yun.
Crossing the ocean from Yangzhou on the wings of his vows;
Propagating Humanistic Buddhism to the Ten Directions.
Setting an exemplar for bodhisattvas,
The assembly bows in reverence and prays to the far distance.
Praying for his return on his vow, on the boat of compassion.
Benefitting heavenly and human beings with auspiciousness.
May the Dharma flow eternally, like an unending river."
"佛國美景絕塵埃，
煙霧重重却又開；
若見人我關係處，
一花一葉一如來。"	"In the beautiful Buddha-land alights no particle of dust,
Layers and layers of mist dissipate and once again rise;
Shall one see well the ways of human bonds,
In each flower and every leaf, Tathagata can be thus seen."
佛口婆心	Words of the Buddha and Heart of a Caring Mother
佛口蛇心　口蜜腹劍	"Words of a Buddha, Heart of a Snake; 
A wolf in sheep's clothing."
佛門龍象　傑出僧才	"The ""Elephants and Nagas"" of Buddhism; 
Outstanding monastic talent."
佛面刮金　膽大妄為	"Scrape Gold Off the Face of the Buddha Statue; 
Unscrupulous and reckless."
佛青的歌聲興隆快到	The Rhythm of the Buddhist Youth: prosperity is fast approaching
佛曲治病無貪無瞋	Buddha’s Song: healing illness, freedom from greed and hatred
佛壽無量	Infinite Lifespan of Buddha
佛頭著糞　輕慢褻瀆	"Placing Manure on the Buddha's Head; 
Irreverence and blasphemous."
佛陀之子	Child of the Buddha
佛眼相看　慈心對待	"Through the Buddha's Eyes; 
Treat others with compassion."
佛要金裝　人要衣裝	"Buddha Statues in Gold; 
Humans in clothes."
佛在我心	Buddha is in My Mind
佛在心中　信仰昇華	"The Buddha Is Within Our Heart; 
Our faith is sublime."
佛子	Child of the Buddha
佛子天然	A Child of the Buddha as Have Been
福從心生	Fortune Arises From the Mind
福德具足	Complete in Merit and Virtue
福德深廣	Vast and Profound Merits and Virtues
福慧吉祥	Fortune, Wisdom, and Auspicious Blessings
福慧人生	A Life of Fortune and Wisdom
福慧仁心	A Benevolent Mind with Merit and Wisdom
福慧雙修	Cultivating Merit and Wisdom Simultaneously
福慧雙修　行解並重	"Cultivating Merit and Wisdom Simultaneously; 
Equal emphasis on theory and practice."
福慧雙圓	Perfection of Both Merit and Wisdom
福慧圓滿	Perfection of Merit and Wisdom
福慧增上	Gain in Merit and Wisdom
福慧之家	Home of Virtue and Wisdom
福聚海無量	Accumulation of Merits as Boundless as the Ocean
福門之家	Home of Fortunes
福山慧海	Mountain of Merits and Ocean of Wisdom
福山慧海	Inspiration Has Come To The Mind
服務第一	Service Comes First
服務人生	Live a Life of Service
福星高照	A Prosperous Star Shining High Above
福由心生	Merit Comes From the Heart
福至心靈	Fortunate Blessings Have Come to the Mind
拂袖而去　生氣離開	"To Storm Off in a Huff; 
Leaving in anger."
富有三千	A Wealth as Immense as the Three Thousand Realms
富足人生	A Plentiful Life
蓋天蓋地　無所不在	"Covering Heavens and Earth; 
Omnipresent."
改頭換面　徹底改變	"Revamp and Makeover; 
Complete transformation."
改邪歸正　重新做人	"To Mend One's Ways; 
Be a new person."
乾脆俐落　做事果斷	"Fast and Efficient; 
Be firm in handling matters."
橄欖樹夢想流浪遠方	The Olive Tree: dreaming of wandering faraway
甘露法水	Dharma Nectar
甘露法雨　如來教法	"Rain of Dharma Nectar; 
Tathagata's teachings."
甘露灌頂　法水加持	"Bestowal of Dharma Nectar; 
Blessed by Dharma water."
感恩的心必然好人	Grateful Heart: indeed a kind person
感天動地　令人動容	"Moving Heaven and Earth; 
Emotionally touching."
感應道交　心誠則靈	"Resonating with the Buddha; 
Sincerity brings inconceivable connection."
高山流水	Water Flowing from the High Mountains
高山青男女又壯又美	The Evergreen Mountain: young men and women, beautiful and strong
高山仰止	Look up to and Rely on the High Mountains
高山雲飛	A Cloud That Floats Above the High Mountains
羔羊跪乳　反哺報恩	"Lamb Kneeling To Drink Milk; 
To show one's gratitude."
革凡成聖　去迷入道	"Removing the Mundane to Attain Sagehood; 
Eliminating delusions to enter the Way."
哥哥爸爸真偉大我也會大	Brother and Father Are Really Great: I will grow up
割肉喂鷹　捨己為牠	"Feed One's Own Flesh to an Eagle; 
To sacrifice oneself."
各顯神通　皆有所長	"Each Demonstrating Their Own Supernatural Power; 
Everyone has their own expertise."
隔靴搔癢　未切要點	"An Itch One Can't Reach; 
Not getting to the point."
"給人信心
給人歡喜
給人希望
給人方便"	"Give Others Faith
Give Others Joy
Give Others Hope
Give Others Convenience"
根不入塵	Let the Sense Organs Not Become Incorporated into External Objects
根塵不合	Let the Sense Organs Not Become Incorporated into External Objects
根深葉茂　牢不可破	"Deep Roots and Vigorous Leaves; 
An unshakable foundation."
亘古亘今　從未變動	"From Past to Present; 
Remaining unchanged."
更待何時　為時不晚	"What Are You Waiting For?; 
It's not too late."
功不唐捐　所作不虛	"No Merit Goes Undedicated; 
What has been done is true."
功德無量	Boundless Merits
功德無量　果報殊勝	"Boundless Merit; 
Wonderful karmic retribution."
功德圓滿　成就殊勝	"Merits Accomplished; 
Phenomenal achievements."
貢高我慢　性高氣傲	"Full of Oneself; 
Stuck up and arrogant."
弓盡刀折　走投無路	"Shattered Bow and Broken Sabre; 
At the end of one's rope."
共生和諧	Harmonious Coexistence
共生吉祥	Auspicious Coexistence
共有共榮	Equal Sharing of Every Honor and Possession
公道	Justice
公正	Justice
狗急跳牆　走投無路	"A Cornered Dog Will Jump Over the Wall; 
To reach an impasse in a desperate situation."
古井無波　內心平靜	"No Waves in an Ancient Well; 
Calmness in mind."
古尊宿語錄	Records of the Sayings of Ancient Monastic Elders
骨瘦如柴　營養不足	"As Thin As a Match; 
Malnourished."
孤雲野鶴　悠閒自在	"Wild Crane, Drifting Cloud; 
Leisurely and carefree."
"觀潮
西湖煙雨浙江潮，
未到千般恨不消，
及至歸來無一事，
西湖煙雨浙江潮。"	"Observing the Tide
Misty rains of West Lake, and tides in Zhejiang,
Unless truly there, a thousand resentments will linger;
Having finally arrived, everything seemed purposeless,
Still the misty rains of West Lake, and still the tides in Zhejiang."
觀世音	Avalokitesvara
"觀書有感二首（其一）
半畝方塘一鑑開，
天光雲影共徘徊；
問渠那得清如許，
為有源頭活水來。"	"Thoughts on Reading
A half acre square pond, like a mirror;
Light from the heavens, and the shadows of the clouds, 
    together come and go.
How can a stream be as clear as this?
Because its original source comes from rushing water."
觀心	Observe the Mind
觀心自樂	Contemplation of the Mind Will Bring Joy
觀心自在　提放如如	"Remain Carefree in Observing the Mind; 
Pick up and let go in perfect ease."
觀音靈感歌救苦救難	Song of Avalokitesvara Bodhisattva: relieve us from sufferings and calamities
觀音送子　喜獲麟兒	"Guanyin Sends a Baby; 
Happily blessed with child."
觀照自己	Contemplate on Oneself
觀照自在	Contemplate with Peace and Ease
觀自在	Avalokitesvara
冠絕一時　首屈一指	"The Absolute Champion; 
First and foremost."
廣長舌相　辯說無礙	"A Broad and Long Tongue; 
Eloquence in teaching the Dharma."
廣結善緣　與人為善	"Broadly Develop Good Affinities; 
Kind intentions for others."
光怪陸離　匪夷所思	"Bizarrely Fantastic; 
Unimaginable."
光光互映	The Mutual Illumination of Lights
光明世界	A Bright World
光明無量	Light is Boundless
光壽無量阿彌陀佛	Light: Amitabha—infinite light and infinite life
光水人生	The Life of Light and Water
光水心長	Bright Water and Broad Mind
光音美妙	A Sound as Wonderful as Light
光照三界	Light Shines Over the Three Realms
龜不慎言　禍從口出	"A Turtle's Careless Speech; 
Troubles arise from one's mouth."
龜毛兔角　有名無實	"Turtle Hair and Rabbit Horn; 
A name with no reality."
貴耳賤目　不切實際	"To Trust One's Ears Rather Than One's Eyes; 
To be impractical."
鬼家活計　行為不正	"Ghostly Tricks; 
Unwholesome acts."
鬼哭神嚎　慘不忍聞	"Crying like a Ghost, Howling like a Spirit; 
Wretched and woeful to hear."
歸家途中如來等我	Homecoming: during the journey, Tathagata waits for me
"歸山吟
聚如浮沫散如雲，
聚不相將散不分；
入郭當時君是我，
歸山今日我非君。"	"Song on Returning to the Mountain
Like a meeting of bubbles, the parting of clouds,
Meeting joins naught, parting separate none;
Upon union, you were me,
But having returned, I am no lnger you."
果斷有力	Decisiveness is Power
果然如是	Just As It Should Be
過河拆橋　忘恩負義	"To Destroy the Bridge After Crossing the River; 
To be ungrateful."
過午不食　非時不食	"Fasting After Noon; 
Abstaining from eating at inappropriate times."
海會雲集　法會盛況	"A Grand Assembly; 
A magnificent Dharma service."
海闊天空　漫無邊際	"Boundless as the Sea and Sky; 
Extremely vast."
海量	Be as Magnanimous as the Ocean
"海納百川流不盡
空容萬象是吾家"	"The Ocean, an Endless Gathering of Water From a Hundred Rivers; 
My Home, the Vast Emptiness Holding the Myriad Phenomena"
海鷗飛翔海天一樣	Seagull: flying in the ocean sky
涵蓋乾坤　真心廣大	"Encompassing Heaven and Earth; 
A vast and sincere heart."
韓盧逐塊　未得要領	"Hound Chasing a Clump of Soil; 
Missing the point."
憨山老人夢遊集	Hanshan Laoren Mengyou Ji (Collection of Old Man Hanshan’s Dream Travels)
含辛茹苦　忍受痛楚	"Bear the Brunt; 
To endure much hardship."
含血噴人　惡語中傷	"Spitting Blood at Someone; 
Vicious slander."
寒雨曲一歌怕春不到	Cold Rain: fearing that spring may never come
好春光夢想藍天白雲	Beautiful Spring: dreaming of blue sky and white clouds
好肉剜瘡　自找苦吃	"Digging into Healthy Flesh; 
Creating one's own suffering."
好事連連	A Continuation of Good Things
好預兆來到喜鵲在叫	A Good Sign: love birds chirping
何處是兒家遠在天涯	Where Is My Home: on the other side of the world
何日君再來相逢明朝	When Will You Return: see you tomorrow
河東獅吼　降伏惡人	"Roaring Like a Lion; 
Evil subdued."
河清海晏　天下太平	"The Yellow River is Clear and the Sea is Calm; 
The world is at peace."
河中有泉相互交流	River: springs in the river, interconnected
呵佛罵祖　禪修玄機	"Reprimanding the Buddha and the Patriarchs; 
Profound theory in Chan practice."
和麩粜麵　以假亂真	"Passing Off Fish Eyes as Pearls; 
To play someone false."
和光同塵　與世無爭	"Humbling One's Radiance, Mingling with Dust; 
Peaceful co-existence."
和合心香	A Fragrant Mind of Harmony
和合致祥	Harmony Leads to Auspiciousness
和敬	Harmony and Respect
和敬人生	A Life of Harmony and Respect
和南聖眾　禮敬諸佛	"Respecting the Sacred Assembly; 
Paying homage to all buddhas."
和盤托出　毫無保留	"Lay It on the Line; 
Unconcealed revelation."
和平	Peace
和氣生財	Harmony Brings Wealth
和氣致祥	Harmony Leads to Auspiciousness
和諧家福	The World of Concentration
和諧家福	Harmonious Family
和諧社會平安吉祥	Harmonize: peaceful and harmonious society
合十人生	A Life of Joined Palms
合十人生　恭敬包容	"A Life of Joined Palms; 
With reverence and tolerance."
哼哈二將　各有專長	"The ""Hūṃ"" and  ""A"" Vajradharas; 
To each their own strength."
恆河沙數　無法計算	"Innumerable Like the Sands of the Ganges; 
Countless."
恆審思量　稱末那識	"Continuous Cognitive Assessment; 
Manas Consciousness."
恆順眾生　契理契機	"Oblige All Sentient Beings; 
Proper in principle and practice."
橫遍十方　空間無邊	"Spanning the Ten Directions; 
Boundless space."
橫三豎四　橫豎不同	"Jumbled Mess; 
In disarray."
橫說豎說　反覆講述	"This Way and That Way; 
Explain repeatedly."
橫拖倒拽　動作粗魯	"Forcefully Drag and Pull; 
Rough actions."
"弘法是家務
覺樹枯榮幾度更，
靈山寂寂待重興；
此來不用傷遲暮，
佛法弘揚本在僧。"	"The Duty of Dharma Propagation
Many a times the tree of awakening flourishes and withers,
In quiet silence, the Vulture Peak awaits revitalization;
Grieve not over the late arrival of dusk upon your coming,
The duty of Dharma propagation is always on the monastics."
弘法者之歌真理宣揚	The Song of Dharma Propagator: propagating the Dharma
紅豆詞相思不必悔意	Red Bean Poem: longing needs no regret
紅爐片雪　一法不立	"Snowflakes on the Stove; 
No phenomena to be found."
紅色喜慶大家愛見	Red: auspicious color, loved by all
後會難期　再見無望	"Adieu; 
Without hopes of meeting again."
後會無期　何日再見	"We Might Not Meet Again; 
When will we see each other again?"
後會有期　相約未來	"We Shall Meet Again; 
A future reunion."
護持三寶　正法久住	"Uphold the Triple Gem; 
The ever-abiding righteous Dharma."
囫圇吞棗　不知其味	"Inhale One's Food; 
Unaware of the taste."
胡說八道　胡人傳教	"Foreigners Teaching the Eightfold Path; 
Come from abroad propagating the Dharma."
胡思亂想　天馬行空	"A Wandering Mind; 
Flights of fancy."
胡言亂語　不知其意	"Jabber Away; 
Unintelligible."
虎頭蛇尾　有始無終	"Tiger's Head and Snake's Tail; 
Starts with a bang and ends with a whimper."
虎嘯風生　大展鴻圖	"Rising Wind of a Tiger's Howl; 
Realizing one's great ambitions."
戶限為穿　車水馬龍	"Endless Stream of Visitors; 
Hustle and bustle."
話不投機　多說無益	"Don't See Eye to Eye; 
Say no more."
花果芬芳香在心上	Flower: scent of flower and fruit in the heart
花果心香	A Mind as Fragrant as Flowers and Fruits
花果圓成	A Harvest of Flowers and Fruits
花果圓滿	Fruitful and Perfect Outcomes
花好月圓	A Beautiful Flower and Perfect Moon
花好月圓天上人間	Beautiful Flowers and Full Moon: on Earth and heaven
花好月圓　雲淡風清	"Beautiful Flower and Perfect Moon;
Let the past be in the past."
花花世界　萬丈紅塵	"A World Full of Flowers; 
Myriad temptations."
花開果滿	Flowers Blossom and Fruits Ripen
花開見佛	Seeing the Buddha When the Flower Blooms
花開見佛　功果圓滿	"See the Buddha in a Blossoming Lotus; 
Perfect fruit of one's efforts."
畫餅充饑　不能食用	"Drawing a Pancake to Relieve Hunger; 
Inedible."
畫虎成貓　不倫不類	"Drawing a Tiger, Ending Up with a Cat; 
Neither this nor that."
畫龍點睛　切重要點	"Dotting the Eyes of a Painted Dragon; 
Straight to the point."
畫蛇添足　弄巧成拙	"To Draw Legs on a Snake; 
To ruin things by overdoing it."
"華嚴真師以詩見貺聊成二章紀其趣尚
知足隨緣處處安，
一身溫飽不為難，
禪房窄小纔容榻，
此外從他世界寬。"	"From a Chat with the True Huayan Master
When content, one is at peace under any circumstances,
To keep the body warm and replete is no issue,
Small enough to fit my bedding is the narrow Chan room,
For all other worldy matters, simply let them be."
懷忍行慈	Have Patience and Practice Compassion
喚龜作鱉　偷天換日	"Call a Tortoise a Turtle; 
Engage in fraudulent activities."
黃髮鮐背　長壽老人	"In One's Golden Years; 
Long-lived elder."
黃花晚節　操守高尚	"Virtue in One's Later Years; 
Noble integrity."
黃埔江岸邊十里洋場	Huang Pu River: Ten-mile foreign market in Shanghai
黃葉止啼　權宜之道	"Pacify a Crying Baby with a Golden Leaf; 
Skillful means."
恍然大悟　洞然明白	"To Suddenly See the Light; 
Perfect comprehension."
恍如隔世　人事變化	"As If in Another Lifetime; 
Changes in the ways of the world."
灰飛煙滅　歸於空無	"Go Up in Smoke; 
Turned into emptiness."
灰頭土臉　自討無趣	"Dirtying One's Face; 
Bring upon oneself."
灰身滅智　階段解脫	"Extinction of Body and Mind; 
Gradual steps to liberation."
悔改罪過　重新做人	"Repent and Correct Past Offenses; 
To renew oneself."
迴光返照　最後生機	"The Reflecting Light Shines Back; 
Last opportunity of living."
慧巧吉祥	An Auspicious, Wise, and Agile Mind
惠施一切	Give Everything Generously
回頭是岸　悔過自新	"To Return to the Shore; 
To turn over a new leaf in repentance."
回因向果	Transfer the Cause to the Effect
回自向他	Transfer One's Own Merits to Others
魂斷藍橋浪跡天涯	Waterloo Bridge: to the edges of the world
魂縈舊夢無影無踪	Pondering Upon a Dream: without a trace
渾然天成	Let Nature Take its Course
渾身是口　能言善辯	"Speaking From Head to Toe; 
Glib of the tongue."
混世魔王　障道波旬	"Devil Incarnate; 
Obstacle to the path."
禍不單行　連續災難	"Misfortunes Never Come Singly; 
A series of disasters."
火傘高張　烈日當頭	"Under a Burning Umbrella; 
Beneath the scorching sun."
火燒眉毛　刻不容緩	"Burning Eyebrows; 
To brook no delay."
火眼金睛　洞察透徹	"Golden Eyes of Fire; 
Thorough and detailed observation."
火中生蓮　世間稀有	"Lotuses Blooming in the Fire; 
Rare in this world."
活水	Flowing Water
活水流心	Keep the Mind Alive Like Free-Flowing Water
活水清流	Free-flowing Water Runs Pure
活水人生	A Life Like Flowing Water
活水我心	My Mind is Like Free-flowing Water
活在當下	Live in the Present Moment
活在當下　把握因緣	"Live in the Present; 
Seize the day."
伙頭軍師　苦行聖僧	"An Army Chef; 
Eminent ascetic monastic."
饑不擇食　不擇手段	"A Hungry Person is Not Picky; 
By any means necessary."
"饑來要吃飯，寒到要添衣；
困時伸腳睡，熱至要風吹。"	"Eat when hungry,
Dress when cold,
Lay down when tired,
Seek wind when hot."
技冠群雄　高人一等	"A Cut Above the Rest; 
Beyond compare."
寂光海會　諸聖駕臨	"Assembly of Calm Illumination; 
Esteemed presence of sages."
寂然澄心	A Silent and Clear Mind
極樂世界　佛國淨土	"World of Ultimate Bliss; 
Buddha's Pure Land."
己立立人	Establish Oneself and Help Others
計量分別　要能權衡	"Weighing and Differentiating; 
Weighing the pros and cons."
積惡餘殃　多行不義	"Retribution for Unwholesome Deeds; 
Repeated unrighteous conduct."
積善成德	Good Deeds, When Accumulated, Will Eventually Become Moral Virtues
積善餘慶　好因福果	"Rewards for Wholesome Deeds; 
Blessings come from good causes."
"稽首天中天，毫光照大千；
八風吹不動，端坐紫金蓮。"	"I bow to the heaven above all heavens,
Whose aura shines on the great universe; 
Remaining unmoved by the Eight Winds,
I sit upright on the purple golden lotus. "
吉祥如意	Auspicious Fulfillment of All Wishes
吉祥如意　問候祝福	"Auspicious Fulfillment of All Wishes; 
To send greetings and blessings."
吉祥生輝	Illuminating Auspiciousness
吉星高照	Auspicious Star Shining High Above
吉星高照　一帆風順	"Auspicious Star Shining High Above; 
Smooth sailing."
"急雨忽已晴，白日亦未晚；
流水從何來，浮萍竟忘返。"	"A clear sky after a sudden downpour,
Still it is daytime, not yet late.
From whence had the deluge come?
The floating duckweed forgets going home."
偈語詩詞八方放送	Verse: verse and poetry, sung in all directions
家常便飯　生活行事	"Simple Homestyle Meal; 
Daily living."
家後一生不必計較	Wife: for life, do not be calculative
家破人亡　妻離子散	"Broken Home; 
A family torn apart."
家室吉祥	Auspiciousness in the House
家賊難防　不易防範	"Thieves in the Family; 
Not easy to fend off."
嘉泰普燈錄	Record of the Jiatai Era’s Transmission of the Lamp
簡單是福	Simplicity is a Blessing
堅定善念	Strengthen Wholesome Thoughts
剪髮披緇　出家為僧	"To Tonsure and Don the Monastic Robe; 
To renounce and enter the Sangha."
揀佛燒香　厚此薄彼	"Selective Incense Offering; 
Preferential treatment."
健康富樂	Health is Wealth and Happiness
"建寺安僧傳道五洲猶似蓮華不著水
雲遊世界緣結十方亦如日月住虛空"	"To establish temples and Sangha, and propagate the Way on all Five Continents like the lotus that never touches the water;
To travel the world and broadly establish good affinities like the sun and moon that abide in emptiness."
鑑貌辨色　察顏觀相	"Discerning One's True Colors; 
Seeing through appearances."
儉能致富	Frugality Brings Wealth
簡樸惜福	Live a Simple Life and Cherish One's Blessings
見道人	One Who Sees the Way
見怪不怪　安然鎮定	"Take Things in Stride; 
Remain peaceful and calm."
見錢眼開　財迷心竅	"Itching Palm; 
Mad about money."
見善隨喜	Be a Joyful Witness of Good Deeds
見神見鬼　猜忌多疑	"Seeing Deities and Ghosts; 
To have a dubious and distrustful mind. "
見兔放鷹　掌握時機	"Upon Seeing the Rabbit, Release the Eagle; 
Seize the opportunity."
見聞覺知　根境相觸	"Seeing, Hearing, Perceiving, and Knowing; 
Mutual contact between senses and objects."
見賢思齊	Aspire to Follow the Good Examples You See
"見心偈
金翅鳥命終，骨肉盡消散。
唯有心不化，圓明光燦爛。
龍王取為珠，照破諸黑暗。
轉輪得如意，能救一切難。
如何在人中，日用而不見。"	"Mind
1) As the life of a garuda nears its end,
   Flesh and bone dissipate completely.
2) Only the mind remains,
   Bright light perfectly illuminating.
3) Taken by the dragon-king as a pearl,
   That casts away all darkness.
4) The Chakravartin attains a wish-granting jewel,
   Relieving all from every calamity.
5) How has it come to be within all,
   Functioning daily, yet unseen?"
見性成佛　明心悟道	"See One's Nature and Attain Buddhahood; 
A clear mind awakens to the Way."
見月忘指　不要著相	"Upon Seeing the Moon, Forget the Finger; 
Do not be attached to form."
"將出宜豐寺留題山房
池上蓮荷不自開，
山中流水偶然來。
若言聚散定有我，
未是回時那得回。"	"Inscription in a Mountain Chamber on Leaving Yifeng Temple
Lotuses in the pond do not blossom on their own,
Besides the occassional visits of waters from up high.
Mentions of meeting and parting always involve me,
Before it is time to go, how can I ever leave?"
將錯就錯　遷就形勢	"Let Mistakes Be; 
Accommodate the situation."
講經說法　宣揚真理	"Expound the Sutras, Convey the Dharma; 
Propagating the Truth."
降龍伏虎　本領高強	"Taming Dragons and Tigers; 
Extraordinary skills."
江海合流	Merging Rivers and Oceans
江山美人南柯一夢	Kingdom and the Beauty: just a dream
江月不隨流水去  天風直送海濤來	"The Moon in the River Does Not Go Away With the Flowing Waters
Winds from the Heaven Will Bring in the Ocean Waves"
腳不點地　功力深厚	"Walk without Touching the Ground; 
Remarkable ability."
腳踏實地　做事認真	"Keep One's Feet on the Ground; 
Work earnestly."
郊道漫步心境不同	Country Road: a different state of mind
嚼飯餵人　原味盡失	"Feeding Others Chewed Food; 
Original flavor lost."
教外別傳　不立文字	"Transmission Apart from Teachings; 
Not based on written words."
焦芽敗種　沒有生機	"Barren Seed; 
Not even a fluke of vitality."
皆大歡喜　人人滿意	"Win-Win Situation For All; 
Everyone is satisfied."
戒定慧學　學佛基礎	"Morality, Concentration, and Wisdom; 
The foundations of Buddhist practice."
戒香供養	An Offering Made Through the Fragrance of Precepts
截斷眾流　超出言外	"Resolved in a Single Word; 
Beyond words."
劫後餘生　大難不死	"Survive a Disaster; 
Escape from catastrophe."
借花獻佛　順水人情	"To Offer Borrowed Flowers to the Buddha; 
Following the flow in doing a favor."
解鈴系鈴　要靠自己	"Undo What One Has Done; 
Depending on oneself."
解行並重　知行合一	"Value Both Understanding and Practice; 
Unity of knowledge and action."
街頭巷尾　人來人往	"Busy Streets, Crowded Alleys; 
Hustle and bustle."
節外生枝　好事多磨	"A New Branch Grows out of a Knot; 
The road to happiness is paved with hardship."
節物利眾	Conserve Your Resources For the Benefit of Others
今愁古恨　綿長不止	"Present Misery and Past Regrets; 
Incessant lingering."
今山古道連綿不斷	Yesterday’s Trail in Today’s Mountain: endless
今生今世　有生之年	"This Life in This World; 
In one's remaining years."
今宵多珍重相逢夢中	Farewell Tonight My Love: see you in my dreams
金翅擘海　異想天開	"Golden Wings Parting the Sea; 
Whimsical thoughts."
金剛不壞　不合佛法	"Indestructible Diamond; 
Not in accordance with the Dharma."
金剛怒目　力的降伏	"A Fierce Gaze; 
Taming with force."
金剛座上　如如不動	"On the Diamond Throne; 
Immovable."
金光明性	The Nature of Golden Light
金口難開　不說廢話	"The Golden Mouth Rarely Opens; 
Don't run your mouth."
金面慈悲	The Golden Face of Compassion
金面如來	The Golden Face of Tathagata
金石開放	Sincerity Can Split Open Hard Metal and Stone
金烏玉兔　無常變易	"Crow in the Sun and Rabbit on the Moon; 
Impermanence strikes fast."
金盞花開了有緣相見	Marigold: if with affinity, then are destined to meet
錦上添花　榮寵無比	"Making Beauty More Beautiful; 
Incomparable splendor."
進退無路　處境困難	"No Way Forward or Backward; 
On the horns of a dilemma."
盡心盡力	Mountain of Merits and Ocean of Wisdom
近悅遠來	Bring Happiness to Those Who Are Near to Attract the Far
鏡花水月　諸法空性	"Flower in a Mirror, Moon in the Water; 
All dharmas are empty in nature."
靜	Stillness
靜淨	Be Still and Pure
靜境	The State of Stillness
靜思	Quiet Contemplation
淨念彌陀	Purely Mindful of Amitabha
淨念行善	Purify the Mind and Practice Goodness
淨善因緣	Pure and Good Causes and Conditions
淨土人間	Pureland in the World
淨土世界	Pureland
淨信因果	Pure Faith in Cause and Effect
淨因妙果	Pure Cause and Wondrous Effect
淨智妙慧	Purified Knowledge is Wondrous Wisdom
淨智人生	A Life of Pure Wisdom
經事長智　藉境練心	"Learning from Experience; 
Training the mind with each encounter."
境隨心轉　唯心世界	"The Mind Transforms Circumstances; 
A mind-only world."
敬天畏因	Fear Cause and Effect
敬畏含容	Reverence and Tolerance
井蛙之見　目光短淺	"Frog in the Well; 
Limited and narrow perspective."
究竟常樂	Ultimate and Eternal Happiness
救苦救難　濟困扶危	"Alleviate Suffering and Distress; 
Relieving the needy."
九縛一脫　徹底解決	"Untie Nine Knots in One Go; 
To resolve completely."
九品華	The Ninth Stage of Lotus Incarnation
九品往生　最高蓮台	"Nine Grades of Rebirth; 
Born in the highest lotus throne."
"久坐方知春晝長，
靜中心地自清凉；
人言圓覺何曾覺，
但見塵勞盡日忙。"	"Long spring days only grasped after lengthy sitting.
In tranquility is the mind naturally calmed and cooled.
Of perfect enlightenment, when was it ever thus?
Hectic days of a mundane life is but all one sees."
聚沙為塔　積少成多	"Gathering Sand to Build a Stupa; 
Small things add up."
聚沙之年　童心永在	"Years Spent Playing with Sand; 
A child at heart."
"舉世多少人，無如這老漢；
不是倒騎驢，凡是回頭看。"	"Of all people in this world, none are like this old man;
Not in riding a donkey backwards, but in always looking back."
居正心安	Right Action Leads to a Peace of Mind
俱諸佛法	Be Complete in All Buddha's Teachings
具足正見	Be Complete in Right Views
具足知見	Have Sufficient Understanding and Views
絕處逢生　吉人天相	"To Come Back from Death's Door; 
Heaven protects the good."
掘地覓天　愚痴透頂	"Digging the Ground to Find the Sky; 
Utterly foolish."
覺華天心	Awakened Flower of the Mind
覺悟	Enlightenment
覺行圓滿　成佛作祖	"Perfecting the Deeds of Enlightenment; 
Attainment of Buddhahood."
覺者慈心	Compassionate Mind of the Awakened One
君子交誼	Friendship Among the Noble Ones
開發心田	Open and Develop the Field of the Mind
開花結果　因緣果滿	"Blossom and Fruit; 
The completion of cause, condition, and effect."
開口見膽　說話坦誠	"Having the Guts to Speak Out; 
Outspoken."
開門見山　直截了當	"To Come Straight to the Point; 
Direct and precise."
開山祖師　首創之人	"Founding Master; 
The founder of a monastery."
開示悟入　感應道交	"Disclosing, Indicating, Awakening, Entering; 
Resonating with the Buddha."
開心悟入	Open the Mind and Awakening Enters
開宗明義　揭示主旨	"Unveiling the Essential; 
Revealing the gist."
看風使帆　順乎自然	"Go Where the Wind Blows; 
To follow the course of nature."
看海的日子心胸寬廣	A Flower in the Raining Night: magnanimity
看孔著楔　應機說法	"Made to Measure; 
Teaching the Dharma according to aptitude."
看破紅塵　參透世情	"See Past Worldly Affairs; 
Thorough understanding of matters."
看破世界彼此放下	Seeing Through the World: letting go
康定情歌胡人風光	Kangding Love Song: foreign love
刻骨銘心　永難忘懷	"Etched in One's Memory; 
Difficult to forget."
刻舟求劍　想法錯誤	"Marking the Boat to Locate the Sword; 
Erroneous way of thinking."
渴鹿逐燄　迷真逐妄	"A Thirsty Deer Chasing Fire; 
Lost to the truth and chasing delusions."
剋期取證　限時成就	"Set a Deadline for Attainment; 
Achieved in time."
"空
須彌橫太虛，大地浮香海。
六塵蔽性天，四大遍法界。
劫火洞然時，此箇壞不壞。
何必待燒盡，然後無障礙。"	"Emptiness
Mount Sumeru penetrates the great vacuity,
The Earth emerges from the fragrant ocean.
The Six Faculties conceal one’s intrinsic nature,
The Four Elements pervade the Dharma realm. 
When the inferno at the end of the age grows,
These will be eliminated, and those not. 
Why await till all has burnt away,
To realize no hindrance exists?"
空谷傳聲　不會變樣	"Echoes in an Empty Valley; 
Never distorted."
空花水月　海市蜃樓	"Flowers in the Sky, Moon in the Water; 
All delusions."
空即是色　空有不異	"Emptiness is Form; 
Non-duality of emptiness and existence."
空間	Space
空空如也　一切皆全	"Emptiness as It Is; 
Encompasses everything."
空無為樂	Find Joy in Emptiness and Nothingness
空有不二　緣起中道	"Non-Duality of Emptiness and Existence; 
Dependent Origination and the Middle Way"
空中樓閣　脫離現實	"Castle in the Sky; 
Out of touch with reality."
口碑載道　眾人讚歎	"A Road Filled with Praise; 
Lauded by all."
口出蓮花　妙語如珠	"Lotuses Blossoming from the Mouth; 
Wondrous words."
口出妙香	Speak Words of Fragrance
苦海茫茫　難以出離	"The Vast Sea of Suffering; 
Escape is difficult."
苦海無邊　回頭是岸	"Boundless is the Sea of Suffering; 
Head back to shore."
苦空無常　人間真理	"Suffering, Emptiness, and Impermanence; 
The Truths of life."
苦口婆心　反復勸說	"Kind Intended Advice; 
Earnest and repeated."
苦中作樂　安貧樂道	"Find Joy in Suffering; 
Make peace with poverty, and take joy in walking the Way."
枯木逢春　再現生機	"Spring Comes Upon a Withered Tree; 
The return of vitality."
枯木龍吟　總有希望	"Every Cloud Has a Silver Lining; 
There is always hope."
快樂天堂生命平等	Happy Paradise: all lives are equal
快馬加鞭　火速前進	"Spur on the Flying Horse; 
Proceed at top speed."
寬宏	A Magnificently Broad Mind
寬厚	A Broad and Kind Mind
寬厚處事	Be Kind When Dealing With Matters
寬厚仁愛	Generosity and Kindness
寬能養量	A Broadmind Fosters Capacity
寬恕	Forgiveness
寬恕為心	A Forgiving Mind
寬心	Broadminded
廓然大悟　頓悟諸法	"Sudden and Great Enlightenment; 
Realization of the Dharma."
辣妹子應改輕盈溫柔	Spicy Girl: who should be soft and gentle
來去吉祥	To Come and Go in Auspiciousness
"來時無影去無踪，
去與來時事一同；
何須更問浮生事，
只此浮生是夢中。"	"No traces upon coming, no traces upon going, 
Both coming and going are the same;
Why inquire further into this transient life?
After all, this transient life is but just a dream."
蘭花草開花心滿意足	Orchid: joyful and perfectly content
狼到南方思念草原	Wolves Coming South: recalling the grassland
老病死生　人生四相	"Aging, Sickness, Death, and Birth; 
Four phenomena in life."
老二人生	A Lifetime of Being Second
老老大大　年事已高	"Old and Senior; 
Advanced in years."
老婆心切　用心良苦	"Like an Old Woman's Constant Reminder; 
Showing great consideration."
老僧入定　如如不動	"Old Monk in Meditative Concentration; 
Unmoved as such."
樂己知命	Accept One's Own Life Joyfully
樂善好施　予人喜樂	"Kind and Charitable; 
Give others joy."
樂山樂水仁者居  有情有義智人心	"Pleasure in the Mountains and Waters is the Place of the Benevolent
Sentiment and Righteousness are in the Mind of the Wise"
樂天知命	Be Optimistic and Satisfied with Life
雷大雨小　虛張聲勢	"Loud Thunder, Little Rain; 
A bluff."
淚的小花不再說話	Flower of Tears: talking no more
冷灰爆豆　用錯方法	"Frying Beans with Cold Ashes; 
Applying the wrong methods."
冷暖自知　自我了解	"Only One Knows Whether It's Hot or Cold; 
To know first-hand.
"
冷若冰霜　神情嚴肅	"Cold as Ice; 
A serious look. "
冷言冷語　譏刺嘲諷	"Cold Words; 
Sarcastic comments. "
楞嚴經宗通	Mastering the School Tenets of the Shurangama Sutra
立地成佛	Immediate Attainment of Buddhahood
立地成佛　棄惡從善	"Immediate Attainment of Buddhahood; 
To turn from evil to virtue."
立定腳跟	Set One's Foot Firmly on the Ground
立定腳跟　認真務實	"Down to Earth; 
Earnest and pragmatic."
立功立德立言	Establish One's Merit, Virtue, and Teachings
立功有心	Aspire to Establish Merits
立雪斷臂　真心求道	"Severing an Arm in the Snow; 
Determination in seeking the Way."
理法為本	Principle and the Dharma Are the Basis
理所不容　法制難逃	"Non-Conforming to Principles; 
Inescapable justice."
禮敬諸佛　人格尊重	"Pay Homage to All Buddhas; 
Respect all beings."
利和同均　有福同享	"Harmony of Benefits; 
To share wealth equally."
利樂有情	To Bring Benefit and Joy to Sentient Beings
利樂有情　給人歡喜	"To Bring Benefit and Joy to Sentient Beings; 
Give others joy."
利衰苦樂　得失窮通	"Gain, Loss, Sorrow, Joy; 
Failure, success, gain, and loss."
利他無價	The Priceless Intention of Benefiting Others
離鄉背井　在外奔波	"To Be Away from Home; 
To venture out."
蓮邦詩選	Selection of Lotus Land Poems
聯燈會要	Compendium of Five Lamps
兩刃相傷　彼此受害	"Sword at Each Other's Throats; 
Mutual harm."
兩刃相向　互不退讓	"At Sword's Point; 
Mutual unwillingness to yield."
梁溪集	Collection of Liang Xi
梁祝往來因緣不具	The Butterfly Lovers: undestined love
了了分明	Perfectly Clear
了了分明　覺道於心	"Perfectly Clear; 
A mind awakened to the Way."
了然於心	Clear Understanding
了無罣礙　沒有牽絆	"Completely Free of Worries; 
Without obstacles."
林間錄	Record of Training in the Forest
臨渴掘井　時不我待	"To Dig a Well Only When Thirsty; 
Time waits for no one."
靈山勝境　佛國美景	"Vulture Peak; 
A magnificent Buddha land."
羚羊掛角　不留痕跡	"Antelope Hanging on a Tree by its Horns; 
Leaving no trace."
六塵供呈獻衣食美香	Six Offerings: sincerely offering fine food and clothing
六道輪迴　業報流轉	"Six Realms of Cyclic Existence; 
Continuous arising of karmic retribution."
六度萬行	All Practices Embodied Within the Six Paramitas
六耳不傳　秘密相授	"Nothing Will Leave These Walls; 
Secret passing of knowledge."
六根共修	Simultaneous Cultivation of the Six Senses
六根清淨　身心無染	"Purity of the Six Senses; 
Untainted body and mind."
六和清淨	Purity Maintained Through the Six Points of Reverent Harmony
六神無主　心煩意亂	"Utter Stupefaction; 
A lost and panicking mind."
六時吉祥　晝夜平安	"Six Periods of Auspiciousness; 
To be at peace day and night."
六祖壇經	Platform Sutra of the Sixth Patriarch
六祖無相頌指導修行	The Formless Gatha of Sixth Patriarch: guide to spiritual practice
留惑潤生　菩薩悲心	"Retaining Defilement to Liberate Living Beings; 
A bodhisattva's compassion."
柳綠花紅　諸法實相	"All the Colors of Nature; 
The true essence of all phenomena."
流浪天涯三兄妹不必流淚	Three Wandering Siblings: no need to shed tears
流水年華唱到白頭	Years Flow as Water: till old age
"流水下山非有意，
片雲歸洞本無心；
人生若能如雲水，
鐵樹開花遍界春。"	"Water streams down a mountain without intention,
A cloud floats into a cave without a conscious mind;
If life can be like cloud and water,
Iron trees will blossom and spring will pervade."
流星人生不能等待	Shooting Star: life does not wait
龍鳳呈祥人間天堂	Dragon and Phoenix Bringing Prosperity: heaven on Earth
龍華三會　共結來緣	"Three Dragon-Flower Assemblies; 
Creating a future filled with good affinities."
龍蛇混雜　賢愚不分	"Dragons Commingled with Snakes; 
Unable to distinguish sages from fools."
龍象蹴踏　調伏根識	"Like the Trample of a Dragon Elephant; 
Subduing the root consciousness."
龍吟虎嘯　氣勢盛大	"Dragons and Tigers Roaring; 
Strong vigor."
樓台會相聚生死離別	Meeting at the Tower: joyful union, sorrowful parting
露出馬腳　好事敗壞	"Give the Game Away; 
Plan ruined."
綠島小夜曲冤沉大海	Serenade of Green Island: fathomless sea of sorrow
鹿港小鎮是我故鄉	Lukang, the Little Town: my hometown
路見不平　見義勇為	"Stand Up Against Injustice; 
Act bravely for a just cause."
驢唇馬嘴　胡說瞎扯	"Lips of a Donkey, Mouth of a Horse; 
Recklessly spewing nonsense."
驢鳴犬叫　文詞拙劣	"Like Donkeys Braying and Dogs Barking; 
Awkward and inept communication skills."
驢前馬後　任人使喚	"Before the Donkey, Behind the Horse; 
Being ordered around."
驢胎馬腹　不合正道	"Womb of a Donkey, Stomach of a Horse; 
Deviated from the right path."
廬山真面　本來面目	"The True Face of Mount Lu; 
Original face."
魯魚亥豕　烏焉為馬	"Donkey and Mules are not Horses; 
To mistake similar images."
綸音佛語　心悅成道	"Imperial Edict and Buddha's Words; 
Enlightened with a joyous mind."
落二落三　已失真義	"Not From the Original Source; 
Deviating from the Truth."
落花有意　順其自然	"Falling Petals Follow the Stream; 
To go with the flow."
落實人生	A Life of Practicality
落湯螃蟹　手忙腳亂	"Like Crabs in Boiling Soup; 
Be in a spin."
羅漢驅龍　神通廣大	"The Arhat Expelling the Dragon; 
Great supernatural power."
媽媽請您也保重母愛如天	Mother, Please Take Care: a mother’s love
買帽相頭　權宜善巧	"Tailor-Made; 
Expedient means."
賣湯圓小販供給飽餐	Selling Rice Balls: peddler offering food
漫步人生路悲喜無助	Stroll on The Road of Life: sorrowful and helpless
滿江紅悲壯精忠報國	The Whole River Red: moving and tragic loyalty
盲龜浮木　難遭難遇	"A Blind Turtle Pokes through the Hole of a Floating Plank; 
Once in a blue moon."
盲人摸象　一知半解	"Blind Men Touching an Elephant; 
To know only parts."
忙裏偷閒　抽出時間	"A Moment of Leisure in a Busy Life; 
Make some time for yourself."
忙是營養　快樂人生	"Keeping Busy is Nutritious; 
A happy life."
芒鞋竹杖　參學問道	"Straw Sandals, Bamboo Staff; 
Chan practitioners seeking the Way."
貓的生活與人為伴	Cat: a cat’s daily life as companion to humans
玫瑰玫瑰我愛您心頭滋味	Rose, Rose, I Love You: feelings of the heart
梅花芳香人格高下	Plum Blossom: elevated personality
美化因緣	Beautify Causes and Conditions
美人美心	Beautify One's Appearance and Heart
眉毛廝結　共相和合	"Joined at the Hip; 
On the same wavelength."
眉鬚墮落　果報現前	"Losing One's Hair and Brow; 
Karmic retributions coming forth."
門裏門外	Inside and Outside the Door
門裡門外	Inside and Outside the Door
夢幻泡影　虛無飄渺	"Dream, Illusion, Bubble, and Shadow; 
Vaguely discernable."
夢駝鈴響起故鄉難忘	Dream Camel Bells: hometown nostalgia
夢向何處尋黃梁思裏	Where Is the Dream: just a dream
夢中說夢　虛無不實	"A Dream within a Dream; 
Not real."
夢中有夢夜鶯也夢	Dream: dream within a dream, even for a nightingale
密護根門	Guard the Sensory Faculties Closely
密在汝邊　道在無言	"Always Close to You; 
The Way is inexpressible."
迷頭認影　執著妄相	"Chasing Shadows in Ignorance; 
Attachment to delusions."
迷悟在人	There is a Choice Between Ignorance and Enlightenment
迷悟之間　苦樂關鍵	"Between Ignorance and Enlightenment; 
A turning point of suffering and happiness."
面壁功深　等待機緣	"Facing the Wall in Deep Meditation; 
Great achievement awaits the right moment."
面面相覷　不知所措	"Looking at Each Other in Dismay; 
At a loss."
面授機宜　傳與策略	"Personalized Instruction; 
Passing on strategies and methods."
妙	Wonderful
妙法蓮華	Lotus of the Wonderful Dharma
妙華	Wonderful Flower
廟會信仰層次不同	Temple Fairs: different levels of beliefs
妙妙妙	Wonderful, Wonderful, Wonderful
妙人	A Wondrous Person
妙善知識	A Wondrous and Virtuous Mentor
妙心成就	A Wondrous Mind Leads to Success
妙語春風	Wonderful Words Are Like Warm Spring Breezes
明鏡高懸　老天有眼	"A Bright Mirror Hung High; 
Heaven is watching."
明淨山水	Clear and Pure Mountain and Water
明天還是要繼續不會嘆息	Tomorrow Still Have to Continue: no more sighs
明天會更好奮發必成	Tomorrow Will Be Better: strive for success
明投暗合　別有玄機	"Merging of Light and Darkness; 
Another state of profound meaning."
明心見性　找到自己	"Realize the Mind and See One's Intrinsic Nature; 
To find yourself."
明心人	A Clear-Minded Person
明心悟道	A Clear Mind Awakens to the Way
明因識果	Understand Causes and Recognize Effects
明月當空	A Shining Moon High in the Sky
明月千里寄相思心如明月	The Moon Sends My Love from Afar: heart bright as the moon
明月星光	Bright Moon, Shining Stars
明知故犯　不懷好意	"Deliberate Violation; 
To harbor malicious intents."
明珠寶藏	Shining Jewel and Treasure
命若懸絲　危在旦夕	"Life Hanging by a Thread; 
Facing immediate danger."
冥陽兩利　生亡受益	"Benefiting Both the Living and Deceased; 
Gains for all."
默擯置之　不要睬他	"Give the Cold Shoulder; 
To ignore someone."
默觀	Silent Contemplation
茉莉花綻放美麗芬芳	Jasmine Flower: beautiful and fragrant flowers
陌路相逢　或有轉機	"A Chance Encounter; 
It may be a turning point."
磨磚作鏡　去痴見道	"To Polish a Brick into a Mirror; 
Extinguish ignorance and see the Way."
目瞪口呆　受到驚嚇	"To Be Struck Dumb; 
Frightened to death."
目機銖兩　別具慧眼	"A Keen Eye for Detail; 
Shrewd perspective."
木棉道落花熱情燃燒	Kapok Road: wilting flowers, burning passion
"木食草衣心如月，
一生無念復無涯；
世人若問居何處，
綠水青山是吾家。"	"Coarse food, ragged clothes, and a moon-like heart,
An entire life of selflessness, I come near infinity;
Shall people ask me where I live,
Verdant water, and green mountains are my home."
衲僧鼻孔　佛道根本	"The Nostril of a Chan Master; 
The essence of Buddhist practice."
男大須婚　綱常倫理	"Grown Sons Should Marry; 
Family obligations and ethics. "
男兒當自強比日光亮	A Man Should Better Himself: brighter than the sun
南屏晚鐘唱醒迷夢	Nan Ping Evening Bells: dreams awakened
南無阿彌陀佛	Homage to Amitabha Buddha
南無觀世音菩薩	Homage to Avalokitesvara Bodhisattva
內觀自在	Attain Perfect Ease Through Contemplation
內外一如	Unity of the Outer and Inner Self
能動能靜	Enjoy Both States of Being Still and Active
能所雙忘　超越彼此	"Forgetting Subject and the Object; 
Transcending both."
能知善用	Learn to Use Your Knowledge Wisely
泥船渡河　不堪負荷	"Mud Boat Crossing the River; 
Cannot bear much weight."
泥多佛大　水漲船高	"The More Clay, the Larger the Buddha; 
The higher the tide, the higher the boat."
泥牛入海　絕了消息	"A Mud Ox Entering the Sea; 
To vanish with no news."
泥塑木雕　藉假修真	"Clay Sculpture and Wood Carving; 
Think it till one believes it."
泥娃娃無親大家愛它	Clay Doll: adored by all
泥中洗土　越洗越髒	"Washing Soil in the Mud; 
To make it worse."
逆水行舟　奮起向前	"A Boat Against the Current; 
To forge ahead with high spirits and vigor."
逆增上緣　逆向成就	"Treat Adverse Conditions as Contributory Conditions; 
Setbacks can be the cause of success."
你好	How Are You
你儂我儂相互友好	You and I: close and intimate
你死我活　鬥爭激烈	"A Struggle of Life and Death; 
Fierce competition."
你我感動	You and I are Moved
念佛第一	Chanting the Buddha's Name As Priority
"念佛無非念自心，
自心是佛莫他尋；
眼前林樹並池沼，
晝夜還能演法音。"	"Mindfulness of the Buddha is mindfulness of the heart,
One’s heart is a buddha, so seek nowhere else,
The trees and lakes before one’s eyes
Can voice even the Dharma day and night."
念念不忘　惦記在心	"Constantly Keep in Mind; 
Near to one's heart."
拈花微笑　傳授密意	"Buddha’s Flower and Kasyapa’s Smile; 
Passing on the hidden teaching."
拈香擇火　虔誠恭敬	"Offering Incense; 
Sincerely and respectfully."
年輕不要留白放開胸懷	Live While We’re Young: an open heart
捏目生花　迷惑幻相	"Rubbing the Eyes to See Visions; 
Lost in delusion."
涅槃妙心	Nirvana as Wondrous Mind
寧靜	Serenity
牛鬼蛇神　遠離為要	"Demons and Monsters; 
Best kept at a far distance."
牛頭馬面　鬼使神差	"Guardians of the Underworld; 
Messengers of ghosts and deities."
弄光影漢　僅見表相	"Take the Shadow for the Substance; 
Superficial view."
弄巧成拙　好事變樣	"To Outsmart Oneself; 
Things go the wrong way."
女長須嫁　人間世情	"Marry off a Grown Up Daughter; 
The way it is."
奴郎不辨　主僕難分	"Confusing the Servant for the Master; 
Unable to distinguish between them."
盼望有緣四海交流	Hope: for affinities with the entire world
拋頭露面　有失體統	"Breaking Decorum; 
Against propriety."
拋磚引玉　為善示範	"To Throw Out a Minnow to Catch a Whale; 
Setting an exemplary precedent."
培養善緣	Foster Good Conditions
朋友相交如同手足	Friends: like brothers and sisters
披毛戴角　投作畜生	"Clothed in Fur and Horn; 
Rebirth as an animal."
披星戴月　精進不懈	"Under the Moon and Stars; 
Unwavering diligence."
毘尼日用　生活律儀	"Daily Practice of Vinaya; 
Moral discipline in everyday living."
琵琶怨哀愁紅顏薄命	The Sorrowful Pipa: beauty with an unfortunate life
皮紙骨筆　捨身求道	"Willing to Give an Arm and a Leg; 
Self-sacrifice for the Way."
飄洋過海來看您望能相依	Cross the Ocean to See You: waiting to be in your arms again
品味	Elegance
貧無立錐　窮愁潦倒	"Utterly Destitute; 
Despairingly poor."
平安	Safety and Peace
平步青雲	Be On a Steady Rise
平常心	Ordinary Mind
平常心是道	Ordinary Mind is the Way
平等忍	Universal Tolerance
平地登天　福德超人	"To Ascend to Heaven; 
To exceed others in merits and virtue."
萍水自在	As Free As Drifting Duckweed
破顏微笑　面露笑容	"Break into a Smile; 
Put a smile on your face."
普慈一切	Universal Compassion
普度眾生　饒益有情	"Liberate and Benefit All Sentient Beings; 
Have compassion and benefit all sentient beings."
普門示現　慈悲廣大	"Universal Manifestation; 
Vast loving-kindness and compassion."
普同供養　利和同均	"Universal Offering; 
Equal benefits for all."
菩薩道念	A Bodhisattva's Aspiration
菩薩低眉　俯視群生	"A Bodhisattva's Gaze; 
Compassion for sentient beings."
菩薩氣度	The Bodhisattva Spirit
菩薩情懷	The Heart of a Bodhisattva
菩薩畏因 眾生畏果	Bodhisattvas Fear the Cause, Sentient Beings Fear the Effect
菩薩心腸　仁慈善良	"The Heart of a Bodhisattva; 
Compassionate and kind."
菩薩學處	A Bodhisattva's Learning
"菩提本無樹，明鏡亦非台，
本來無一物，何處惹塵埃？"	"Bodhi was a never tree,
Nor the bright mirror a stand;
Since nothing ever was,
Where can the dusts alight?"
菩提樹靜坐睹星悟道	Bodhi Tree: sitting and gazing upon the stars, realizing the Truth
菩提真心	The True Bodhi Mind
七出八沒　了悟內容	"All Bases Covered; 
Fully apprehending the essence."
七顛八倒　昏頭轉向	"Topsy-Turvy; 
Confused and disorderly."
七級浮屠　重重無盡	"Seven-Storey Pagoda; 
Endless layers."
七零八落　支離破碎	"Everything Falling Apart; 
Shattered into pieces."
七情六慾　煩惱來源	"Seven Emotions, Six Desires; 
Source of affliction."
七上八下　心神不定	"Heart-Pounding Nervousness; 
An unsettled mind."
七手八腳　動作忙亂	"Too Many Cooks in the Kitchen; 
To be in a flutter."
七縱八橫　往來自如	"Through and Across; 
Coming and going in perfect ease."
期待再相會情誼萬千	Looking Forward to Meet Again: profound friendship
騎驢覓驢　不知本是	"Looking for the Donkey When Riding on It; 
Unaware of one's original nature."
棄明投暗　自甘墮落	"Out of the Light and into the Darkness; 
To abandon oneself."
起模畫樣　如法炮製	"Create a Replica; 
To imitate what others did."
祈求希望眾生得度	A Prayer: a wish for all beings to be liberated
氣勢	Imposing Manner
氣象萬千	Majestic in All Its Variety
祇樹有緣　善願必成	"An Affinity with Jetavana; 
Good wishes will come true."
漆桶底脫　忽然明白	"Flash of Insight; 
Sudden understanding."
謙卑	Humbleness
謙恭尊重	Be Modest and Respectful
謙能受益	Humbleness Brings Good
謙虛受教	Be Modest and Open to Instructions
謙以待人	Be Humble in Dealing with People
前世今生　生命流轉	"Past and Present Lifetimes; 
The cycle of life."
前因後果　果必有因	"Past Causes and Future Effects; 
Effects must have causes."
牽手夫婦樂天知命	Holding Hands: happy husband and wife
遷單擯出　驅逐離開	"Expelled From the Monastery; 
Driven out and banished."
千差萬別　種類繁雜	"Manifold Diversity; 
A wide and complex variety."
"千峯頂上一間屋，
老僧半間雲半間；
昨夜雲隨風雨去，
到頭不似老僧閒。"	"A single hut atop a thousand peaks,
This old monk resides between the clouds;
Last night, they were taken away by the storm,
Making the old monk look busier than before."
千家萬戶　社會繁榮	"Thousands of Families and Households; 
A prosperous society."
千里迢迢　路途遙遠	"Miles and Miles Away; 
A long, faraway road."
千里同風　說法圓通	"The Same Wind Blows a Thousand Miles; 
Unobstructed in speaking the Dharma."
"千里投書只為牆，
讓他三尺有何妨；
萬里長城今猶在，
不見當年秦始皇。"	"A letter sent across a thousand miles for merely a wall,
Does it matter if a foot of space is yielded?
Today, the Great Wall still stands,
But no longer seen is the First Emperor of Qin."
千里之外友誼不變	Faraway: friends forever
千奇百怪　花樣過多	"Fantastic Oddities of Every Description; 
Excessive ways of doing."
千生萬死　痛苦難熬	"A Thousand Births and Ten Thousand Deaths; 
An unbearable ordeal.
"
千邪百怪　妖魔鬼眾	"Nefarious Army of Monsters; 
A multitude of demons and ghosts."
千辛萬苦　百般勞碌	"Untold Pain and Suffering; 
Toiling in every possible way."
敲骨吸髓　剝削壓榨	"Bleed Someone Dry; 
To exploit and oppress."
敲枷打鎖　解脫束縛	"Throw Off the Shackles; 
To liberate from constraints."
敲門瓦子　進身之階	"Stepping Stones; 
The stages to one's promotion."
敲敲門問您花有開否	Knock Knock: have the flowers bloomed yet?
敲磚打瓦　還未全知	"Knocking the Bricks, Hitting the Tiles; 
Not knowing the full picture."
傾腸倒腹　毫無隱瞞	"Spill One's Guts; 
Hold nothing back."
慶快平生　歡喜安樂	"Content with One's Life; 
Joy and peace."
青春舞曲熱情洋溢	Faded Beauty: full of passion
青燈黃卷　深夜苦讀	"Yellow Scrolls Under a Dim Light; 
Study far into the night."
青青河邊草伴我到老	Green, Green Is the Grass by the River: till death do us part
青山不老	Green Mountains Don't Turn Old
"青山幾度變黃山，
世事紛飛總不干；
眼內有塵三界窄，
心頭無事一床寬。"	"Many a time have green mountains turned yellow,
Despite the troublesome worldly affairs I stay free;
Dust in the eye makes even the Three Realms seem small,
A carefree mind sleeps always on a bed spacious and wide."
青山綠水　當下即是	"Green Mountains and Clear Waters; 
The moment as it is."
清白人生	A Purified Life
清風高誼	Clear Breeze and High Nobility
清規戒律　華梵法治	"Upholding Pure Rules and Precepts; 
Good governance."
清淨真如海	Pure Tathata like the Ocean
清涼法水　消災免難	"Invigorating Dharma Water; 
Free from difficulties and relieved of calamities."
"清湘西山寺無量壽塔
黄花翠竹真如性，
大地山河清淨身。
欲識今時無量壽，
不知瞻禮是何人。"	"On Wuliang Shou Pagoda Wall at Qingxiang Xishan Temple
Yellow flowers and green bamboo are thus natural,
The Earth, mountains and rivers, His pure body.
Wanting to recognize the infinite life in this moment,
Without knowing to whom one’s homage is paid."
"清夜無塵月似秋，
放舟淮水入江流；
風帆載我歸何處，
海闊天空一任游。"	"An Autumn Moon in the Clear, Dustless Night
An autumn moon in the clear, dustless night,
A boat sails atop the waters of River Huai;
Willl the sail take me to that place called home?
Beneath the endless sky and boundless ocean—I travel."
情理難容　無法寬宥	"Unforgivable Circumstances; 
Intolerable."
情生智隔　蒙蔽心慧	"Wisdom Clouded by Emotions; 
Deceiving one's mind."
情同骨肉　情誼深厚	"Like One's Flesh and Blood; 
To share deep sentiments and affection."
情義人生	A Life Lived in Commitment and Righteousness
秋蟬歌唱難過冬防	Autumn Cicada: singing throughout the long cold night
秋詞感傷擁在心上	Song of Autumn: heart-felt sentiments
求真求全	Pursuit of the Truest and Most Complete
去偽存真　轉識成智	"Removing Illusions, Retaining the Truth; 
Transforming knowledge into wisdom."
去粘解縛　隨緣自在	"Remove Attachments and Untie Strings; 
Follow conditions with perfect ease."
全力以赴	Give Your Best Effort
全始全終	From Beginning to End
全唐詩	Complete Collection of Tang Poems
全心服務	Serve With Wholeheartedness
群魔亂舞　胡作非為	"Demons Dancing; 
Running amok."
讓我們看雲去內心愁緒	Let’s Go Watching Clouds: a sad heart
饒益有情　利益大眾	"Have Compassion and Benefit All Sentient Beings; 
To benefit everyone."
仁慈行者	A Practitioner of Benevolence and Compassion
仁慈修心	Cultivate the Mind with Compassion
仁和安康  富樂吉祥	May Benevolence and Harmony Bring Peaceful Wellbeing, Let Abundance and Joy Yield Auspiciousness in Our Lives
仁厚	Benevolence and Honesty
人道路上是非一場	Humanity: a matter of right and wrong
人和為貴	Harmony is Precious
人間地獄　五濁惡世	"Hell in the Human World; 
Saha World: the world of Five Turbidities."
人間佛教　善美淨化	"Humanistic Buddhism; 
Virtuous, beautiful, and pure."
人間歡喜	Joy in the Human World
人間吉祥	Auspiciousness in the World
人間菩薩	Bodhisattvas in the World
人間情義	Sentiment and Righteousness in the World
人間萬象變幻無常	Mortal World: changes in manifold
人忙心閒	Busy in Body but Free in Mind
人忙心閑	Busy in Body but Free in Mind
仁人之心	A Mind of Benevolence
仁山智海	Mountain of Benevolence and Ocean of Wisdom
仁心益世	A Benevolent Mind Benefits the World
仁義傳家	A Family Tradition of Benevolence and Righteouness
仁至義盡	Do All That You Can to Help Others
忍俊不禁　無法克制	"Can't Help Laughing; 
Uncontrollable."
忍力增上	Patient Endurance Yields Advancement
忍辱負重　承擔苦難	"To Suffer in Silence; 
To tolerate all kinds of hardship."
忍無可忍　還是要忍	"More Than One Can Bear; 
Hang in there."
忍者有力	The Tolerant are Strong
認奴作郎　顛倒關係	"Mistaking the Servant for the Master; 
Distorting roles."
認識自己	Know Yourself
認賊為子　識人不明	"Take a Thief as One's Son; 
Discerning others incorrectly."
人貧志短　徒勞自困	"Poverty Shortens Aspirations; 
Trapped in futility."
"人人皆是天真佛，
晝夜六時常放光；
剃了眉毛觀自得，
何勞特地禮西方。"	"Innately buddha is every individual, 
Emitting light day and night; 
Shave your eyebrows and contemplate your own attainment,
Why prostrate towards the West?"
"人善人欺天不欺，
人惡人怕天不怕；
善惡到頭終有報，
只爭來早與來遲。"	"Heaven does not deceive kind hearts, only humans do.
Heaven does not fear villains, only humans do.
Karmic retributions, good or bad, are only eventual.
Sooner or later? It is the only difference."
人身難得　盲龜尋木	"Hard It Is to Obtain a Human Body; 
Like a blind turtle seeking wood in the great ocean."
人生路向前不必回頭	Road of Life: keep going, never turn back
"人生三重界
1) 參禪前，
    看山是山，看水是水；
2) 參禪中，
    看山不是山，看水不是水；
3) 悟道後，
    看山仍是山，看水仍是水。"	"Three Statuses of Mind
1) Before Chan, 
    a mountain is a mountain, water is water;
2) During Chan, 
    a mountain is no longer a mountain, water is no longer water;
3) After Chan and enlightenment, 
    a mountain is once again a mountain, and water once again water."
人死燈滅　可以重燃	"Death is an Extinguished Light; 
It can be rekindled."
人天福報　所想皆成	"Blessings of Heaven and Earth; 
Everything as one wishes."
人天眼滅　慧日西沉	"An End to the Divine and Human Eye; 
Wisdom waning like the setting sun."
人問吉祥	Auspiciousness in the World
人我和敬	Harmonious and Respectful Relations
人我和諧	Harmony Between Self and Others
人我無間	No Boundaries Between You and Me
人我一如	Unity Between Self and Others
人正心中	Have a Righteous Heart
人之常情　自然反應	"Human Nature; 
To react naturally."
人中獅子　才能出眾	"A Lion Among Humans; 
To have outstanding abilities."
任性逍遙　隨緣自在	"To Heed One's Nature Freely; 
Follow conditions with perfect ease."
任運騰騰　隨順自然	"Let Things Be; 
Let nature take its course."
日出人生	A Life Like the Rising Sun
日久歲深　時不我與	"As the Days Age into Years; 
Time will not wait for me."
日日好日	Everyday is a Good Day
日日吉祥	Everday is Auspicious
日日生息	Make a Steady Progress Everyday
日日是好日	Everyday is a Good Day
日日增上	Make Daily Improvements
日上三竿　時光不待	"The Sun Is Three Poles High; 
Time waits for no one."
日月光華	Brilliance of the Sun and Moon
日月心辰	The Sun and Moon of the Mind
日照人間	The Sun Shining on the World
融和共處	Coexisting in Harmony
融和無礙	Harmony Has No Obstructions
榕樹下緣份慈心為本	Under the Banyan Tree: affinities, compassion are the basis
肉身不壞　全身舍利	"Indestructible Body; 
Whole-body relic."
肉身菩薩　金身不壞	"The Bodhisattva's Body; 
Golden and indestructible."
肉眼愚眉　見識淺陋	"Through the Naked Eyes of a Fool; 
Shallow knowledge."
入不二門	Enter the Gate of Non-Duality
入不退地	Enter the Ground of No Regression
入佛知見	Entering the View of the Buddha
入佛知見　與佛相應	"Entering the View of the Buddha; 
Resonating with the Buddha."
入海算沙　深廣難測	"Counting Sands in the Sea; 
Profound, boundless, and immeasurable."
入如來家	Enter the Home of the Tathagata
入如來智	Enter the Wisdom of the Tathagata
入三摩地	Enter Into Samadhi
入鄉隨俗　順應人情	"When in Rome, Do as the Romans Do; 
Adapt to local customs."
入主出奴　涇渭分明	"Masters and Slaves; 
To make a clear distinction."
如空能容	Like the All-Encompassing Emptiness
如來之家	Home of Tathagata
"如滿禪師偈
1) 佛從無為來，滅向無為去，
2) 法身等虛空，常住無心處。
3) 有念歸無念，有住歸無住。
4) 來為眾生來，去為眾生去。
5) 清淨真如海，湛然體常寂。
6) 智者善思維，更莫生疑慮。
7) 佛體本無為，迷情妄分別；
8) 法身等虛空，未曾有生滅。
9) 有緣佛出世，無緣佛入滅，
10) 處處化眾生，猶如水中月。
11) 非常亦非斷，非生亦非滅，
12) 生亦未曾生，滅亦未曾滅。
13) 了知無心處，自然無法說。"	"Verse by Chan Master Ruman
The Buddha come and gone, dependent on causes and conditions. His Dharmakaya fills the universe and always resides in undeluded minds. As thoughts settle on non-thoughts, he abides in no abode, coming and going for the sake of sentient beings. Within the pure ocean of suchness, his pristine Dharmakaya exists always. The wise should contemplate as such and there is no need for any doubt.

The nature of the Buddha is beyond conditions, we differentiate due to our delusions. The Dharmakaya fills the universe and has neither birth nor death. With the right conditions, the Buddha appears in this world; when the right conditions pass, the Buddha enters parinirvana. He liberates sentient beings everywhere, like the moon in water. Neither permanent nor impermanent; no birth and no death. Lives, yet is never born; enters nirvana, yet has not ceased. When mind sees emptiness, there is no Dharma to speak of."
如沐春風	Bathing in the Spring Breeze
如喪考妣　父母雙亡	"Grief-Stricken; 
As if both parents have passed away."
如是我聞　照樣宣說	"Thus Have I Heard; 
To proclaim what was said."
如湯沃雪　輕而易舉	"Like Melting Snow with Hot Water; 
With no difficulty."
如意吉祥	Luck and Auspiciousness
如飲醍醐　聞道法喜	"As if Having the Finest Cream; 
Joy from hearing the Dharma. "
如影隨形　善惡業力	"Like Shadows Following the Body; 
The karma of wholesome and unwholesome deeds."
若即若離　貌合神離	"Neither Close nor Distant; 
Appearing united, but divided at heart."
"若能轉悟即如來，
春至山花處處開；
自有一雙慈悲手，
摸得人心一樣平。"	"One who can turn to enlightenment is a tathagata,
Upon spring, mountain flowers bloom everywhere;
Inherent are those compassionate hands,
That reach out and make every heart just as fair. "
"若人欲拿金碧峯，
除非鐵鍊鎖虛空。
虛空若能鎖得住，
再來拿我金碧峯。"	"Capture the Peak of Golden Blue?
First chain down the void of emptiness.
Only when emptiness is ball and chain,
Then seek to capture this Peak of Golden Blue."
弱肉強食　也是無奈	"The Weak are Prey to the Strong; 
Helplessness."
灑灑落落　任運自在	"Easy and Frank; 
Be at perfect ease when following conditions."
三寶放光	The Radiating Triple Gem
三不朽	The Three Imperishables
三德六味　典座美德	"Three Virtues and Six Tastes; 
Virtues of a chef."
三法印	Three Dharma Seals
三跪九叩　中國古禮	"Kneel Three Times, Kowtow Nine Times; 
Ancient Chinese observance of propriety."
三好人家	Three Acts of Goodness Family
三好人生	A Life Lived in the Three Acts of Goodness
三好之家	A Family that Follows the Three Acts of Goodness
三教九流　各項各業	"Three Religions and Nine Schools; 
People from all walks of life."
三界為心	The Three Realms Are All a State of Mind
三界星華	Splendid Stars Within the Three Realms
三覺圓	Perfection of Three Awakenings
三輪體空　物我俱忘	"Emptiness of the Three Aspects of Giving; 
Seeing the object and self as non-substantial."
三摩地	Samadhi
三鳥飛空	Three Birds Flying in the Sky
三鳥飛空　各有遠近	"Three Birds Flying in the Sky; 
Distance is relative."
三千大千　時空無限	"Three Thousand-fold World System; 
Infinite time and space."
三生有幸　宿世好運	"Blessings from the Past Three Lifetimes; 
Good fortune from one's past lives."
"三十年來尋劍客，
幾回落葉又抽枝；
自從一見桃花後，
直至如今更不疑。"	"Ode on Peach Blossom Enlightenment
For thirty years I have searched for a swordsman, 
Many times the leaves have fallen and budded again;
Ever since seeing peach blossoms, 
Until now I have never doubted again."
"三十三天天外天，
九霄雲外有神仙；
神仙本是凡人做，
只怕凡人心不堅。"	"Above the Thirty-Three Heavens
Above the Thirty Three Heavens is yet one higher,
Over the loftiest clouds celestial deities reside;
Since these deities were originally humans,
Could it be that the ordinary minds are uncertain?"
三世十方	Three Periods and the Ten Directions
三世因果　輪迴不止	"Karma of the Three Time Periods; 
Endless cycle of birth and death."
三世有緣　關係無限	"Affinities of Past, Present, and Future; 
Endless connections."
三獸渡河　各有深淺	"Three Animals Crossing the River; 
Depth is relative."
三頭六臂　神通廣大	"Having Three Heads and Six Arms; 
Great supernatural power."
三心已明	Clear Attainment of the Three Minds
三有均資	Equal Attainment of the Three Kinds of Existence
三月裏的小雨流水不停	Gentle Rain in March: unstopping rain
三災八難　惡業果報	"Three Calamities and Eight Difficulties; 
Unwholesome karmic retribution."
色即是空　有空不二	"Form is Emptiness; 
Non-duality of emptiness and existence."
森羅萬象　包容一切	"Every Myriad Form; 
Able to embrace all."
僧多粥少　供不應求	"Many Monastics, Limited Congee; 
Not enough to go around."
沙裏淘金　事倍功半	"Panning Sand for Gold; 
Twice the effort for half the result."
山不轉水轉峯迴路轉	Turning: twists and turns
山茶花貴氣心內難忘	Camellia: extravagance, unforgettable
"山重重又水重重，
透出重重重見功；
重重妙義重重意，
不管東西南北風。"	"Over mountains, across rivers,
Time and time again, we endure;
Levels of wonder, and layers of meaning,
East, West, North, South, just let the winds blow."
山頂上黑狗兄歌聲誘人	Fine Alpine Milkman: beautiful voices
山歌小放牛農家樂趣	Little Shepherd: joys of farming
山光水色　風景如畫	"Beautiful Mountains and Rivers; 
Picturesque landscapes."
山海慧心	Wisdom Like the Mountain and Ocean
"山居偶成四首（其二）
滾滾紅塵古路長，
不知何事走他鄉；
回頭日望家山遠，
滿目空雲帶夕陽。"	"Four Random Works in Reclusion (2)
In the never-ending turmoil of the chaotic world,
I, without reason, am faraway from where I belong;
Looking back to the mountain which I call home,
Streaks of twilight, empty clouds are what my eyes own."
"山居十三首（其六）
雪老蒼松古，僧閒水石清；
坐來忘百慮，眼見一身輕。"	"Thirteen Poems on Life in the Mountains (6)
Aging snow, green pines,
A free monk, and crystalline creeks;
Sit away the world’s worries,
Look upon a life utterly free."
"山居十三首（其十二）
日月如飛鳥，乾坤似轉丸；
浮生忙裏度，誰向靜中看。"	"Thirteen Poems on Life in the Mountains (12)
The sun and moon like flying birds,
The universe a rotating orb;
A whole life lived in vain,
Who has ever looked into the quietude."
"山居十三首（其十三）
長明一盞燈，夜對心更寂；
多少醉眠人，夢中狂未息。"	"Thirteen Poems on Life in the Mountains (13)
An undying lamp set alight,
The heart of night is made more calm;
Just ponder those drunken minds,
Restless they remain in the dream of night."
"山居十三首（其十一）
獨坐長松下，悠然太古心。
高山流水意，誰復是知音。"	"Thirteen Poems on Life in the Mountains (11)
Beneath a pine tree I sit,
Carefree and timeless is mine heart;
Those flowing hearts of rivers from up high,
Who will come to know that heart of mine?"
"山居十三首（其五）
一枕黃粱夢，千秋汗血功；
秪知常不朽，誰信轉頭空。"	"Thirteen Poems on Life in the Mountains (5)
Within just a dream,
Ageless merit by blood and sweat;
To say that nothing is forever,
Who would believe all is but a dream."
山明水秀	Beautiful Mountains and Clear Water
山水人生	A Life of Mountain and Water
山水人生	The Landscape of Life
"山也空來水也空，
隨緣變現體無窮；
青山綠水依然在，
為人疑忌難相容。"	"Empty are the mountains, also the water,
Everchanging conditions, endless potentials;
Still the green mountains and verdant water,
Only by doubtful minds are they rejected."
善財難捨　吝於布施	"Deep Pockets and Short Arms; 
To give stingily."
善慈覺悟	Pure Compassion and Enlightenment
善惡有報　業報昭然	"Good and Evil Have Their Retributions; 
Karmic retributions manifest as such."
善根增長	Enhance the Root of Wholesomeness
善解佛意	Understand the Buddha's Intentions Correctly
善男信女　佛門弟子	"Good Men and Devout Women; 
Disciples of the Buddha."
善巧方便	Skillful and Expedient Means
善巧方便　權宜利世	"Skillful Means; 
Expedient teachings."
善思	Think Wisely
"善似青松惡似花，
看看眼前不如它；
有朝一日遭霜打，
只見青松不見花。"	"Good is like the pine, and evil the flower,
At one glance the latter may seem lesser;
Until the day when both are slashed by frost,
All that is left is not the flower, but the pine."
善心吉地	A Kind Heart Found With Auspiciousness
善心妙果	A Good Heart Brings Wonderful Effects
善用時間	Use Time Wisely
善有善報　因果不爽	"Good Begets Good; 
Cause and effect at work."
傷風敗俗　道德淪亡	"Transgression of Customs and Traditions; 
Deterioration of morals."
上台下台　能上能下	"On Stage or Off Stage; 
Ready to take any position."
上天無路　陷入絕境	"No Path to the Heavens; 
At an impasse."
上無片瓦　極端貧困	"Without a Roof Over One's Head; 
Extreme poverty."
少見多怪　不足為奇	"Amazement Due to Inexperience; 
Not at all surprising."
少欲知足　淡泊名利	"Content with Few Desires; 
Indifferent to fame and fortune."
舌燦蓮華　善於說法	"Silver Tongue; 
Adept in voicing the Dharma."
捨身求法　不惜生命	"Sacrifice Oneself in Pursuit of the Dharma; 
Wholeheartedly devote one's life."
捨身飼虎　生命布施	"Prince Mahasattva's Tale; 
Offering one's life in sacrifice."
捨頭覓頭　荒唐無知	"Seeking What One Unknowingly Has; 
Preposterous ignorance."
捨我其誰	Who Else But Me
蛇足鹽香　虛妄不實	"Snake with Legs and Fragrance of Pure Salt; 
Unreal and delusory."
慎獨	Cautious When Alone
深居簡出　鮮少外出	"A Recluse; 
Seldom seen outside."
神色不動　臨危不亂	"Keep a Cool Head; 
Remain calm even in crisis."
神通廣大　無所不能	"Great Supernatural Power; 
Omnipotent."
神頭鬼面　標新立異	"Deity Heads and Ghost Faces; 
Unusual and strange."
身強力壯　體魄勇健	"Strong and Vigorous; 
Robust and brave."
身心脫落　空諸所有	"Free from the Body and Mind; 
Emptiness of all existence."
生佛一如　佛性平等	"Oneness of Buddhas and Sentient Beings; 
Equal in Buddha-nature."
生公說法　頑石點頭	"Master Daosheng Expounds the Dharma; 
Even stones would nod."
生關死劫　必經管道	"Life and Death; 
An inescapable path for all."
生機	Vitality
生來死去　輪迴不斷	"Coming at Birth, Going at Death; 
In endless cycles."
生命放光	A Shining Life
生命光華	The Splendor of Life
生命慧光　心燈亮了	"Life's Light of Wisdom; 
The heart is illuminated."
生命活水	Life as Free-flowing Water
生命心光	Brightness of the Mind and Life
生命永恆	The Eternity of Life
生命之光	The Light of Life
生命自然	A Natural Part of Life
生男育女　傳宗接代	"To Raise Children; 
Continue the family tree."
生忍法忍	Ordinary Tolerance and Dharma Tolerance
生如來家	Born in the Home of Tathagata
生生不息	Life Continues Without End
生生世世　生命流轉	"Life After Life; 
The cycle of life."
生死輪迴　因果循環	"Cycle of Life and Death; 
Cycle of karmic retribution."
"生死事
生死不流轉，流轉非生死。
若實不流轉，生死無窮已。
諦觀流轉性，流轉當下止。
不見流轉心，是真出生死。"	"Life and Death
The cycle of birth and death does not turn,
What turns would not be birth and death;
That which remains unturning in essence,
Would make life and death unending.
By contemplating the nature of turning,
The process of turning immediately stops;
By not seeing the mind that turns,
One thereby exits the cycle of birth and death."
生死事大　無常迅速	"Matter of Life and Death; 
Impermanence strikes fast."
生住異滅　無常示現	"Arising, Abiding, Changing, and Extinction; 
The manifestation of impermanence."
十八地獄　受苦無窮	"Eighteen Hells; 
Endless suffering."
十八羅漢　悟道代表	"Eighteen Arhats; 
Exemplars of enlightened ones."
十惡不赦　不可原諒	"Ten Heinous Crimes; 
Inexcusable and unforgivable."
十二因緣　三世人生	"Twelve Links of Dependent Origination; 
Past, present, and future lives."
十方淨土　諸佛世界	"Pure Lands of the Ten Directions; 
Buddha lands."
十方善利	Kindness and Benefits in All Ten Directions
十方世界　無量無邊	"Realms in the Ten Directions; 
Immeasurable and boundless."
"十方同聚會，大家學無為；
此是選佛場，心空及第歸。"	"Buddha Selection Court
All sentient beings gather from the Ten Directions,
Each to study the unconditioned,
This is the place to choose Buddhahood;
Empty the mind and return successfully."
十全十美　完好無缺	"Perfect in Every Way; 
Flawless."
十字街頭　不知方向	"At the Crossroads; 
Lost in direction."
十字縱橫　通達無礙	"Coming and Going with Perfect Ease; 
To penetrate without any obstruction."
式叉摩那　學法女性	"Siksamana; 
Women learning the monastic life."
事出有因　果報分明	"Everything has Its Causes; 
Clear karmic retributions."
食存五觀　用餐之道	"Five Mealtime Contemplations; 
The Way of eating a meal."
"布袋和尚偈
是非憎愛世偏多，
仔細思量奈我何。
寬却肚腸須忍辱，
豁開心地任從他。
若逢知己須依分，
縱遇冤家也共和。
若能了此心頭事，
自然證得六波羅。"	"Verse by Master Budai
All these right-wrong and love-hate dilemmas, 
Pondering carefully, what can they do to me?
In order to broaden the mind, patience is a must,
Open up the heart, and just let it be. 
Shall a soul-mate be discovered, 
  one should nonetheless never be out of line;
Even if a foe is met,
  one should somehow aim to co-exist in peace.
Should these troubles be resolved, 
The Six Perfections will eventually be realized."
石沉大海　了無音訊	"To Sink Without a Trace; 
To vanish completely."
"石灰吟
千錘百鍊出深山，
烈火焚燒莫等閒；
粉身碎骨都無怨，
留得清白在人間。"	"The Lime Chant
After endless hammering and refinement,
    ready it is to emerge from deep mountains;
Having gone through the furnace of raging fire,
    thus no longer among the ordinary.
Even with the body shattered and bones crushed,
    no resentments whatsoever are harbored;
All that is left behind in this world,
    are the pure simple colors of white."
石火電光　一閃即逝	"A Spark from Flint; 
A momentary phenomenon."
"石上一片雲，攬之未能起；
有時忽不見，影落空江裏。"	"There is a cloud on the rock, and it cannot be lifted,
Sometimes it just disappears, leaving its shadow on the river."
時機純熟　因緣成熟	"When the Timing is Right; 
When causes and conditions are ripe."
時空無量	Infinite Time and Space
時清道泰　太平盛世	"Peaceful Times; 
A prosperous world."
世界第一等佛教信仰	World’s Best: the Buddhist Faith
世界和平	World Peace
"世尊有密語，迦葉不覆藏。
一夜落花雨，滿城流水香。"	"The World-Honored One has secret words,
Which were not hidden by Mahakasyapa.
After an entire night’s rain of flowers,
The entire city flows with scented waters."
事忙心閑	Feel Free in the Mind Despite Being Busy
事事無礙　事理通達	"Mutual Unobstructedness Among Phenomena; 
Clear understanding and reason."
事與願違　希望落空	"When Things Go Against Your Will; 
Dashed hopes."
事在人為	Effort Is the Decisive Factor
詩情畫意　優美景色	"Poetic Sensitivity, Pictorial Scene; 
Beautiful landscapes."
拾人涕唾　毫無新意	"To Take Up Others' Thoughts; 
Unoriginal."
實事求是	Be Objective
實相妙理	The Wonderful Truth of Reality
施受同等　不起分別	"Giving and Receiving are Equal; 
Not discriminating."
識心達本　了悟自性	"Know the Mind, Penetrate the Roots; 
Realize one's self-nature."
"示法詩
身似菩提樹，心如明鏡台，
時時勤拂拭，勿使惹塵埃。"	"Expounding the Dharma
The Body is a bodhi tree,
The mind a bright mirror stand;
Diligently keep them clean,
To make sure no dust alights."
"示行素侍者
拋却身心見法王，
前程不必問行藏；
但能識得娘生面，
草木叢林盡放光。"	"To the Attendant
Relinquishing one’s body and mind to see the Dharma King,
Seek not answers of the future in one’s attitude and bearing;
To realize one’s intrinsic nature is all that is needed,
Then even grass, trees, and forests will shine."
示教利喜　佛陀悲願	"To Inspire, Teach, Benefit, and Make Joyful
Buddha's great vows to liberate all sentient beings."
獅子搏兔　亦用全力	"Lion Catching a Rabbit; 
Still using all its power."
"插秧偈
手把青秧插滿田，
低頭便見水中天，
身心清淨方為道，
退步原來是向前。"	"Rice Seedlings
With my hands, I plant a field full of rice seedlings,
As I lower my head, I discover a sky in the water;
To purify the Six Sensory Roots is truly the Way,
A step backward is actually a step foward."
手忙腳亂　舉止失措	"Running Around Like a Headless Chicken; 
Panic-stricken."
守口如瓶　嚴守機密	"Keep One's Lips Sealed; 
Treat secrets as strictly confidential. "
樹大招風　要人低調	"Large Trees are Toppled by the Wind; 
Keep a low profile."
舒卷自在　收放自如	"Stretching and Curling with Ease; 
Moving freely with perfect ease"
豎拂敲床　無言論道	"Raising the Fly-whisk, Knocking on the Dharma Throne; 
Teaching without words."
豎起脊梁　振作精神	"Stand Tall; 
Invigorate oneself."
豎窮三際　時間無限	"Across Past, Present, and Future; 
Unbound by time."
豎指擎拳　比手劃腳	"Hold Up a Finger, Make a Fist; 
Lively gestures."
書香傳家	Pass Down the Tradition of Reading in the Family
書香貴氣	The Fragrance and Nobility of Reading
書香花開	Fragrance of Books and Opening of Flowers
書香氣	Fragrance of Books
書香人家	A Family Filled With the Fragrance of Books
束裝就道　準備上路	"To Pack and Set Off; 
Ready to go."
水到渠成　因緣具足	"When Water Flows, a Channel is Formed; 
The causes and conditions are present."
水調歌頭東坡再生	Thinking of You: Dongpo returns
水澆鴨背　若無其事	"Pouring Water Over a Duck's Back; 
As if nothing happened."
水清月現	Moon is Reflected in Clear Water
水乳交融　和合無間	"Water and Milk Melded Together; 
To get along swimmingly."
水仙花成長新年開放	Waterlily: growing and blooming in the new year
水泄不通　阻塞障礙	"Not Even Water Can Leak Through; 
To block and obstruct."
水月金容	A Golden Appearance Like Moon and Water
水月人生	Life is Like the Moon in the Water
水月心情	A Mind Like the Moon In the Water
水漲船高　行情提升	"The Tide Rises, The Boat Floats; 
Heightening values."
水中花感懷美景不再	Flower in the Water: sad about the never-returning beautiful scenery
水中撈月　空費心思	"Fishing for the Moon; 
Futile efforts."
順水推舟　乘勢而為	"Push the Boat with the Current; 
Strike while the iron is hot."
四大皆空	The Four Elements are Empty
四大皆空　示現諸有	"The Four Elements Are Empty; 
Manifestations of all existence."
四大天王　護寺安僧	"The Four Heavenly Kings; 
Protectors of the temple and Sangha."
"四大由來造化功，
有聲全貴裏頭空；
莫嫌不語凡夫說，
只為宮商調不同。"	"Skilfully crafted from the Four Great Elements, 
Emitting sounds due to the emptiness within.
Do not fault them for not conversing with the masses,
Simply because royalty and merchants sing different tunes."
四恩總報	Four Ways of Repaying Kindness
四給	Four Givings
四光喻智　光智不二	"Four Similes of Lights For Wisdom; 
Light and wisdom are one."
四海一家	We Are Family
四季紅歡樂春夏秋冬	Song of Four Seasons: joy of the four seasons
四季皆春	Four Seasons of Spring
四季平安	Peace Be With All Four Seasons
四季生春	Four Seasons of Spring
四面八方　虛空宇宙	"In All Directions; 
The vast emptiness of the universe."
四聖六凡　聖凡一會	"Four Sages and Six Ordinary Beings; 
A gathering of the ordinary and sagely."
"四月八日示澄照大師
今朝浴佛事如何，
清淨心田也洗麽；
塵垢不知何處得，
古來明月照江波。"	"Instructions on Lunar April 8th by Master Cheng Zhao
How went the bathing of the Buddha this morning?
Has that pure heart of yours also been cleansed?
Unknowing of where the dust came,
For years, the moon shines on the river’s ripples."
思敏力行	Think Wisely and Act Steadfastly
思前想後	Careful Deliberation
思前想後　再三考慮	"Careful Deliberation; 
Repeated reconsideration."
思維	Thinking
思想起民謠恆春楓港	Thinking Back: ballads of Hengchun and Fenggang
死去活來　悲痛欲絕	"Agonizing Distress; 
Inconsolable sorrow."
松柏人生	A Life Like an Evergreen
松花江上抗日名歌	Along the Songhua River: resistance to the Japanese
"松間枕石眠，夢對白雲坐；
擬問雲起居，松風忽吹破。"	"Sleeping beneath pine trees, pillowing on rocks, 
Dreaming on sitting face-to-face with the clouds;
As I began asking about the clouds’ life,
Suddenly I am awakened by the piney winds."
松林的低語深情萬里	Whispering Pine: deep and profound love
頌古聯珠通集	Comprehensive Collection of the Chan School's Verses on Ancient Precedents that are a String of Jewels
送君千里終須一別	Farewell My Love One: parting must eventually be
送您一把泥土聊解鄉愁	Here Is a Handful of Home Soil: a taste of home
"送龐婆
剎剎西來意，塵塵古佛心；
眉毛為道侶，鼻孔做知音。"	"For Pang
The intention from the West reaches untold lands. 
In particles of dust is the mind of old Buddha found;
Eyebrows are one’s companions on the Path, 
The nose, my like-minded friend."
素面相呈　示人本相	"Without Makeup; 
Revealing one's original form."
宿世善根　累刼有修	"Virtuous Roots Planted in Past Lives; 
Kalpas of cultivation."
宿世因緣　前世今生	"Bound by Causes and Conditions; 
Affinity across past and present lifetimes."
宿世有緣　緣份極深	"Affinity Across Past Lives; 
Strong affinity."
蘇武牧羊忠勇愛國	Su Wu Herding Sheep: loyal and patriotic
蘇州河邊不會遺忘	By the Suzhou River: unforgettable
隨波逐流　不能自主	"Go with the Tide; 
Unable to decide on one's own."
隨方就圓　順應自如	"Be a Square, or a Circle; 
Adjust with ease."
隨高就低　謙和尊重	"Whether High or Low; 
Be humble and respectful."
隨機應變　靈活處理	"Play it by Ear; 
Adapt to changing circumstances."
隨他去	Let It Be
隨喜功德　給人歡喜	"Rejoice in the Merits of Others; 
Give others joy."
隨心自在	Carefree As You Wish
隨緣不變　真如自性	"To Follow Conditions While Remaining Unmoved; 
The perfection of our intrinsic nature."
隨緣生活	Live by Following the Conditions
所求如意	May Your Wishes be Fulfilled
太阿在握　掌握權柄	"Seizing Excalibur; 
All-powerful."
台北的天空鄉情難忘	The Taipei Sky: undying memories of home
泰然自若	Act With Perfect Composure
泰然自在	Remain Calm and At Ease
探竿影草　考驗程度	"Testing the Waters; 
Evaluating one's depth."
嘆十聲悲歌苦難哀愁	Ten Sighs: sad song about hardship and misery
曇花一現　時光短暫	"The Night-Blooming Cactus; 
Momentary."
談空說有　論及真理	"Speaking of Emptiness and Existence; 
Discourse on reality."
貪欲無厭　永不知足	"Endless Greed and Craving; 
Insatiable discontent."
桃花依舊笑春風百花羨慕	Miss Your Smile in Spring: the envy of flowers
剃除眉毛　不落思維	"Shave Off One's Eyebrows; 
To break free from thinking."
提放自如	Pick Up and Let Go in Perfect Ease
醍醐灌頂　有所體悟	"Anointing the Head with the Finest Cream; 
To be inspired and enlightened."
"題西林壁
橫看成嶺側成峰，
遠近高低各不同，
不識廬山真面目，
只緣身在此山中。"	"A Wall Inscription in Xilin Temple
A mass from across but a peak from the side,
Far, near, high, low, each is a view of sight;
Why fail to see the real face of Mount Lu?
Because right inside the Mountain of Lu is where you are at."
"題中嶽山
孤峰絕頂萬餘嶒，
策杖攀蘿漸漸登。
行到月邊天上寺，
白雲相伴兩三僧。"	"On Climbing Mount Song Near the Southern Capital
Toward the lone unsurpassed peak of all peaks,
Bit by bit, slowly I climb, staff in hand.
Coming upon the sky temple beside the moon,
Just a couple of monks, accompanied by the clouds."
填溝塞壑　無所不包	"Every Nook and Cranny; 
All-permeating."
天地禪心	The Chan Mind of Heaven and Earth
天鵝湖舞曲風靡全球	Swan Lake: world-renowned ballet and music
天翻地覆　巨大變化	"Sky and Earth Overturned; 
Immense change."
天花亂墜　花雨繽紛	"Over-Exaggeration; 
An extravagant adornment."
天寬水清	Open Sky and Clear Water
天龍八部　護法神祇	"The Eight Guardian Generals; 
Heavenly Dharma protectors."
天魔外道　邪門迷信	"Heretical Teachings and Unwholesome Ways; 
Erroneous and superstitious belief."
天女散花　美妙風姿	"Celestial Rain of Flowers; 
Wondrous grace."
天人合一	Unity of Heaven and Humanity
天聖廣燈錄	Extensive Lamp Record from the Tiansheng Era
天心雨華	The Mind of Heaven Showers Flowers
天心月明	The Mind is as Bright as the Moon
天旋地轉　頭昏眼花	"The Sky Spins, The Earth Turns; 
Vertigo inducing."
天涯歌女周璇寫照	The Wandering Songstress: Zhou Xuan’s story
天衣無縫　渾然天成	"Seamless Celestial Garment; 
The highest quality, as if heaven made."
鐵樹開花　罕見希有	"When the Iron Tree Blooms; 
An extremely rare occurrence."
聽海潮音美妙樂章	Listen to the Sea: heart-moving sounds of waves
童年夢想牛哥漫畫	Childhood: dreaming of Brother Ox’s cartoons
同床異夢　各懷心思	"Different Dreams in the Same Bed; 
Each to their own thoughts."
同登彼岸　都能得度	"Together to the Other Shore; 
All can be liberated."
同體大悲　將心比心	"Impartial Compassion; 
To put oneself in others' shoes."
同體共生　人我無別	"Oneness and Coexistence; 
No differences between self and others."
同體含光	All Encompassing Light
同心同德	Same Mind, Same Virtue
通天徹地　無所不能	"Omnipotent; 
Nothing is impossible."
通幽洞微　洞若觀火	"Subtle and Profound Understanding; 
Crystal clear."
頭上安頭　重複多餘	"Reinventing the Wheel; 
Redundant and unnecessary."
頭頭是道　有條不紊	"Clear and Logical; 
Orderly and systematically."
頭重腳輕　根基不穩	"Top-Heavy; 
Unstable foundation."
偷心不死　死灰復燃	"The Discriminative Mind Dies Hard; 
Dying embers that flare up again."
徒費無益　枉用工夫	"Wild Goose Chase; 
Vain and futile work."
吐絲自縛　自作自受	"Caught in One's Own Web; 
To suffer the consequences of one's actions."
屠所牛羊　大限臨頭	"Cattle and Sheep at the Slaughterhouse; 
At death's door."
團結就是力量復興家邦	Unity Is Strength: revitalizing my homeland
退一步海闊天空  讓三分何等自在	"A Step In Retreat Makes One's World Bigger
A Little Willingness to Comprise Make One's Mind Carefree"
脫離苦海　不再沉淪	"Escape from the Sea of Suffering; 
No longer in Samsara."
脫胎換骨　前後不同	"Reborn into a Different Body; 
Constantly changing."
拖泥帶水　毫不俐落	"Wading in Mud and Water; 
A sloppy job."
瓦礫生光　成就非凡	"To Make Even Dust Shine; 
Extraordinary attainment."
外婆的澎湖灣童年幻想	Grandma’s Penghu Bay: childhood dream
晚安曲祝福望君安祥	Good Night Song: best wishes, peace and serenity
晚霞美景記在心房	Sunset Glow: beautiful scene engraved in the heart
萬不失一　絕對把握	"In the Bag; 
Assurance of success."
萬法歸心	All Dharmas Come From the Mind
萬法心生	The Mind Produces All Dharmas
萬福莊嚴	Boundless Fortune and Solemnity
萬古千秋　時代悠久	"For All Eternity; 
A very long time."
萬家生佛　德澤廣被	"Buddha is in All Families; 
A blessing to everyone."
萬劫不復　難以翻身	"With No Hope of Reprieve; 
Hard to rise again."
萬籟俱寂　天地默然	"All is Still; 
Tranquility of Heaven and Earth."
萬里白雲　與道相契	"White Clouds in the Infinite Sky; 
One with the Way."
萬里晴空	Vast Clear Sky
萬里雲開	Dispersion of Ten Thousand Miles of Clouds
萬事成全	Support Every Good Accomplishment
萬事吉祥	Auspiciousness for All
萬事寬心	Remain Broadminded for Everything
"萬事無如退歩休，
本來無證亦無修；
明窗高掛菩提月，
淨蓮深栽濁世中。"	"To the peace brought by compromise nothing compares,
Since nothing there is to cultivate or attain;
Hanging high outside the clear window is the moon,
Blooming from a turbid world, the pure lotuses."
萬水千山	Crossing Rivers and Mountains
"萬水千山訪知音，
誰知步步未沾塵；
腳跟下事能回顧，
翻身不墮妄和真。"	"Over mountains, across rivers, I search for the knower of my heart,
Unaware that no dust ever tainted any of my steps;
One can reminisce every occasion in the footsteps,
Upon the turn of the body, never fall into false and true discrimination."
萬水千山總是情聽天由命	Love and Passion: in the hands of fate
萬緣自發	All Affinities Arise from One's Initiative
頑石點頭　物我一如	"Even Stones Would Assent; 
Subject and object are one."
忘不了唱者痴情所迷	Unforgettable: enchanted by passionate love
忘機	Forget All Motives
忘了我是誰友誼哀愁	Forget Who I Am: sorrows of lost friendship
枉費心力　白費工夫	"In Vain; 
Wasted effort."
往好處想　正面思考	"Look on the Bright Side; 
Think positively."
往事只能回味時光不再	Past Is Only for Reminiscence: today is no more
汪洋中的一條船開向希望	He Never Gives Up: towards hope
王昭君和番愛國女性	Wang Zhaojun: diplomatic marriage—a patriotic woman
未來不是夢夢想成真	My Future Is Not a Dream: dreams do come true
未了公案　尚待完成	"A Pending Gongan; 
Yet to be finished."
未足為道　不足一談	"Not Worth a Mention; 
Nothing much to talk about."
為善常樂	Doing Good Brings Constant Happiness
為善最好	Doing Good Is the Best
味同嚼蠟　毫無意義	"Tastes Like Chewing Wax; 
Completely lacking in flavor and meaning."
唯法所依	Rely On Nothing Other Than the Dharma
唯我獨尊　無人能比	"I Alone am the Honored One; 
Beyond comparison."
惟賢惟德	Only Capable and Virtuous
溫故知新	Review the Old to Learn the New
文字般若　經文聖典	"Words as Prajna; 
Sacred texts."
文字因緣　表情達意	"Words as Causes and Conditions; 
Conveying thoughts and meaning."
甕中捉鱉　垂手可得	"Catch a Turtle in a Jar; 
Easily obtained."
我的心不再流浪走進佛堂	My Heart Will Not Stray: enter the shrine
我國江河戀山川為伴	River Love: mountains and rivers as companions
我和我追逐的夢已經天亮	Chasing My Dream: already daybreak
我家在那裏常寂光裏	My Home Is There: in the light of eternal peace
我是浮雲一片輕歌慢唱	I’m a Floating Cloud: soft murmurs
我是一片雲自在飄揚	Cloud of Romance: freely in the wind
我是一隻小小鳥無依無靠	I’m a Little Bird: helpless and alone
我是中國人家國情懷	I Am a Chinese: patriotism
我心合十	Joining Palms With My Heart
我要為您歌唱內心感傷	I Want to Sing for You: sorrowful heart
我一見您就笑忘憂無惱	I Smile When I See You: forgetting all sorrows
我願給您人間情義	I Vow: sentiment and righteousness in the world
我在您左右不必憂傷	I’m by Your Side: no need to be sad
我在眾中	I Am Among the Multitude
我在眾中　眾中有我	"I am Among the Multitude; 
I am part of the community."
我怎能離開您藏在心裏	How Can I Leave You: deep in my heart
我只在乎您心甘情願	I Only Care About You: perfectly willing
"吾本來唐國，傳教救迷情。
一花開五葉，結果自然成。"	"Originally, I had come to the Tang Kingdom to deliver the lost;
All in the course of nature, one flower blooms into five petals."
無邊	Boundless
"無常
法性本無常，亦不墮諸數。
譬彼空中雲，當體即常住。
聖凡皆過客，去來無二路。
是生不是生，非新亦非故。
智眼明見人，此外何所慕。"	"Impermanence
Impermanence is fundamental Dharma nature, 
Unyielding to any sort of expectation.
Similar to that cloud in the sky,
Its substance is eternal.
Both the sage and ordinary are passersby, 
Coming and going never were two ways. 
What is born was never born, 
Nor has new ever been old. 
The eyes of wisdom clearly can see, 
Other than this yearning for nothing.【"
無常迅速　世事變化	"Impermanence Strikes Fast; 
Things are constantly changing."
"武昌逢石浪岷嶽二禪人還蜀省親因示
1) 我本行腳僧，忽逢行腳客。
2) 借問行腳事，相視無言說。
3) 匡廬一片雲，峨嵋千尺雪。
4) 箇是行腳心，去來水中月。
5) 因思母子情，念念不相隔。
6) 今歸承歡顏，恰似未曾別。
7) 奉旨不奉甘，問冷不問熱。
8) 劈破娘生面，乃見不生滅。
9) 方是行腳人，到家之時節。"	"For Chan Practitioners Shilang and Minyu Crossing Paths with Me in Wuchang on Their Way Home to Sichuan
As a wandering monk, 
I suddenly meet a traveler. 
Asking about the journeys by foot, 
We look at each other, speechless. 
A piece of cloud floating on Mount Lu, 
A thousand feet of snow on Mount Emei. 
The mind of one who wanders,
Coming and going like the moon in the water. 
Thinking of the bond between mother and son, 
In every thought we were never apart. 
Upon my return to please her heart, 
It seemed never had I been away. 
Offering food, but not of delicacy. 
Concerned about the cold, but not the heat. 
Let the intrinsic nature be revealed, 
Then see the non-arising and non-ceasing truth. 
For a wandering mind, 
To reach home now is it time."
悟道人生懺悔往昔	Realization: path and life, repent for past and present
悟道詩	On Enlightenment
"悟道詩
但要無心於萬物，
何妨萬物假圍繞。
鐵牛不怕獅子吼，
悟似木人看花鳥。
木人本體自無情，
花鳥逢人亦不驚。
心境如如只遮是，
何慮菩提道不成。"	"Verse on Enlightenment
If the phenomenal world never has crossed one’s mind, 
What does it matter if one is constantly 
     surrounded by its objects? 
An iron ox fears not a roaring lion;
    it is alike flowers and birds in the eyes of a wooden man. 
Intrinsically, the wooden man has an insentient nature, 
    while flowers and birds are never frightened by humans. 
Similarly, the mind is in such a state; 
    why worry about failure to attain enlightenment?"
"悟道詩
切忌從他見，條條與我疏；
我今獨自往，處處得逢渠；
渠今正是我，我今不是渠；
應須這麼會，方可契如如。"	"On Enlightenment
Do not seek outside,
Such is farther and farther from oneself.
Now I travel alone,
And everywhere I see waterways,
Now, the waterway is me,
Though I am not the waterway.
You should understand this,
And be in accordance with suchness."
"悟道詩
一擊忘所知，更不假修持；
從容揚古道，不墮悄然機；
處處無蹤跡，聲色外威儀；
諸方達道者，咸言上上機。"	"Verse on Enlightenment
One strike and I forgot all I knew,
No more will I rely on cultivation.
I have touched the Buddha’s teaching 
And will not fall into skillful explanations.
Nowhere is there found a trace,
Outside one’s speech and comportment.
Those who have attained the Way from every direction 
Each say they have the highest explanation."
悟佛知見	Realize the Knowledge and Views of the Buddha
悟後起修　知而後行	"Cultivation After Enlightenment; 
Practice after knowing."
悟心覺道	Enlightened Mind and Awakening Path
兀兀騰騰　自然圓成	"Hover and Soar; 
To achieve things instinctively."
霧的世界迷朦無奈	Fog: in a foggy world, misty and helpless
五燈會元	Compendium of Five Lamps
五峰集	Collected Writings of Hu Hong
五湖四海　所有空間	"All Over the World; 
Boundless space."
五體投地　跪拜頂禮	"Sincere Five-Pointed Prostration; 
To prostrate with one's knees and head on the ground."
五停心觀　對治五蓋	"Five Contemplations of Calming the Mind; 
To forestall the Five Hindrances."
五月的風流放清涼	The Breeze in May: cool and soothing
五蘊皆空　無我境界	"Emptiness of the Five Aggregates; 
State of selflessness."
五指為大	The Greatness of Five Fingers
無惡不作　因果難逃	"Do No Evil; 
The law of cause and effect is inescapable."
無分別心	A Mind Free of Discrimination
無風起浪　平白生事	"A Wave without Wind; 
Without rhyme or reason."
無過為美	The Beauty of Faultlessness
無盡藏	Boundless Treasure
無盡燈	Endless Light
無孔鐵錘　使不上力	"A Hammer without a Handle; 
Useless."
無門之門	The Gateless Gate
無明火起　心生苦惱	"Igniting the Fire of Ignorance; 
Defilements arising in the mind."
無明烈火　煩惱不堪	"Fiery Ignorance; 
Unbearable vexations."
無惱	Without Defilement
無窮無盡　沒有終極	"Boundless; 
Without limitations."
無求	No Desires
無求增福	Greater Fortune Comes With No Desire
無染	Untainted
無上菩提	Supreme Bodhi
無上正等正覺	Anuttara-samyak-sambodhi
無生法忍	Tolerance of Non-Arising Dharmas
無事為貴	Peace is Priceless
無私	Selflessness
無妄	Without Delusions
無我	No Self
無相布施　物我兩忘	"Formless Giving; 
Forgetting both object and self."
無心出岫	Only a Cloud Over the Peak
無心之心	A Mind of No-Mind
無有對待	There are No Special Treatments
無與倫比　難以為匹	"Incomparable; 
Difficult to match."
無欲則剛	The Strong Has No Desires
無怨	No Resentment
無緣大慈　不計親疏	"Unconditional Compassion; 
Foe and kin alike."
無緣無故　沒頭沒尾	"Without Cause, Without Reason; 
No beginning, no end."
無怨無悔	No Regret or Resentment
無緣一面　沒有再見	"No Chance of Meeting Again; 
No reunion."
無遮大會　普同供養	"Great Equal Assembly; 
Universal offering."
無著	Unattached
無住而住	Abiding in Non-Abidance
無住生心	Non-Abiding Mind
西北雨流行台灣氣象	Summer Rain: trend of Taiwanese weather
西方淨土　極樂世界	"Western Pure Land; 
The Land of Ultimate Bliss."
西方淨土極樂世界	Western Pure Land: World of Ultimate Bliss
西螺七崁歌台灣地名	Se Le Cid Kiam: a town in Taiwan
細嚼慢嚥　仔細體會	"Chew Slowly; 
Savor the experience."
細水長流　泉源不斷	"Little by Little, Without Let-Up; 
Endless stream of water."
喜樂天地	Joy in Heaven and Earth
喜慶人間	Joyous Celebration of Humanity
喜慶人生	Joyous Celebration of Life
喜心平等	A Heart of Joy and Equality
喜在心頭	A Delightful Heart
希望在前	Hope Is Ahead
希望之美	The Beauty of Hope
洗心滌慮　立志重來	"To Wipe the Slate Clean; 
To start anew."
蝦兵蟹將　無名士卒	"Shrimp Soldiers and Crab Generals; 
Nameless troops."
狹路相逢　冤家路窄	"Meeting on a Narrow Path; 
An inevitable clash between foes."
仙露明珠　晶瑩美觀	"Divine Nectar and Shining Pearl; 
Sparkling beautiful."
掀起您的蓋頭來看到本相	Lift Your Veil: seeing her actual face
現身說法　自我作證	"Speaking From Experience; 
To speak of one's self-realizations."
現世現報　因果不爽	"Present Karmic Retributions; 
Causes and effects at work."
現證法樂　了悟真理	"Joy of the Dharma Realized; 
Enlightenment to the Truth."
想當然耳	Everything As It Should Be
想開了	I Get It Now
想入非非　不能實現	"Flight of Fancy; 
Cannot be actualized."
相好圓滿	A Perfect Appearance
相好莊嚴　三十二相	"Auspicious Appearance; 
The thirty-two characteristics of a buddha."
香花供養　誠心誠意	"Offering of Incense and Flowers; 
Earnestly and sincerely."
香火不絕　供養盛況	"Unending Stream of Pilgrims; 
A grand occasion for offerings."
香火因緣　道情法愛	"Affinity Like Incense and Fire; 
Friendship for the path, love for the truth."
香象截流　悟道精深	"The Fragrant Elephant that Severs the Stream; 
Profound understanding of the Way."
香嚴上樹　言語道斷	"Master Xiangyan on ""Climbing a Tree""; 
Severing the way of language and words."
鄉間小路牛羊相伴	Country Road: goats and cows are my company
向前有路 光明在望	Keep Going, the Future is Bright
象牙之塔　不夠宏觀	"In an Ivory Tower; 
Lacking a broad perspective."
享有就好　擁有一切	"It is Enough to Enjoy and Appreciate; 
To have everything."
相知知心	Understand and Know Each Other's Heart
小白菜冤案冤沉海底	Little Cabbage: injustice buried in deep sea
小草成長風雨助緣	Little Grass: growing in wind and rain
小城故事溫馨感人	Story of a Small Town: heart-warming
小丑人生您樂我苦	Clown: taking on suffering for your happiness
笑面夜叉　臉善心惡	"A Smiling Yaksa; 
A malevolent heart veiled behind a friendly face."
笑擁江山夢人生匆匆	A King in My Dreams: life is transient
瀟灑走一回內心有愧	No Regrets: a regretful heart
逍遙自在　無拘無束	"Carefree and Easygoing; 
To be unrestrained and lighthearted."
消災延壽　長命富貴	"Eradicate Calamities and Prolong Life; 
Longevity and wealth."
脅不沾席　晝夜不息	"The Torso Never Touching the Bed; 
Never resting, day or night."
邪魔外道　異端邪說	"Demons and Heretics; 
Unorthodox and harmful teachings."
心安理得	A Clear Conscience and Peaceful Mind
心安性定	A Peaceful Mind and Unfaltering Nature
心包三千	The Mind Encompasses the Three Thousand Realms
心包太虛　量大福大	"The Mind Embraces the Vast Space; 
Great magnanimity and great merits."
心病難醫　非藥能治	"Anxieties Are Hard to Cure; 
Incurable by medicine."
心慈	A Compassionate Mind
心慈性巧	A Kind Heart and Agile Nature
心大口小	Broad Mind, Small Mouth
心到佛知　不必多說	"Buddha Knows Your Heart; 
Say no more."
心燈已亮	The Lamp of the Mind Has Lit Up
心地開明	An Open Mind
心地開通	An Open Mind
心地秋收	An Autumn Harvest of the Mind's Field
心地生光	Brightness Arises from the Mind
心甘情願　發自肺腑	"Perfectly Willing; 
From the bottom of one's heart."
心好	A Good Heart
心花怒放　歡天喜地	"Bursting with Joy; 
In high spirits."
心華無住	The Non-Abiding Mind-Flower
心懷道本	Be Mindful of the Basis of the Path
心淨法喜	A Pure Mind With Dharma Joy
心淨國土淨	When the Mind is Pure, the Land is Pure
心淨滿月	Pure Mind, Full Moon
心淨土淨	The Land is Pure as the Mind is Pure
心境一如	Unity Between the Mind and the World
心開	Open Mind
心口生香	Fragrant Speech and Thoughts
心寬有量	A Broad Mind Is One of Strength
心靈寶藏	Spiritual Treasure
心領神會　不須言說	"Tacit Understanding; 
No need for words."
心靈世界	The Spiritual World
心明養事	A Clear Mind Nurtures Success
心明養志	A Clear Mind Nurtures Aspirations
心能轉境	The Mind Can Change the Circumstance
心平世界	The World of a Magnanimous Mind
心容天地	Embrace Heaven and Earth With the Mind
心如大海	A Mind as Great as the Ocean
"心如大海無邊際，
廣植淨蓮養身心；
自有一双無事手，
為做世間慈悲人。"	"The mind is as boundless as the ocean;
Abundantly plant pure lotuses to cultivate the body and mind.
Naturally a pair of hands free from worldly matters,
Will serve as a person of compassion for the world."
心如海洋	A Mind Like an Ocean
心如滿月	The Mind Is Complete Like the Full Moon
心如木石　不受誘惑	"A Heart of Wood and Stone; 
Not lured by temptation."
心生好念	Let Good Thoughts Arise From the Mind
心生歡喜	Joy Arises From the Heart
心生萬法　總在心源	"The Mind Gives Rise to All Phenomena; 
All things originate from the mind."
心隨境轉　易受誘惑	"The Mind Changes with the Circumstances; 
Easily tempted and swayed."
心頭活水	A Free-Flowing Mind
心外無法	There is No Dharma Beyond the Mind
心無得失	A Mind Free From Gains and Losses
心無掛礙	An Untroubled Mind
心無罣礙　自由自在	"An Untroubled Mind; 
Liberated and carefree."
心無所求	A Mind Free of Desires
心想事成	May All Wishes Come True
心香養性	Cultivate Your Nature with a Fragrant Mind
心心念念　殷切盼望	"Each and Every Thought; 
Ardent yearning."
心心相印　人我無間	"Heart-to-Heart Connection; 
No distance between self and others."
心行處滅　動念即乖	"Ceasing All Mental Activities; 
Any thought arising is not in accord."
心行相應	Corresponding Mind and Actions
心眼開悟	An Enlightened Mind
心眼有悟	An Enlightened Mind
心有法界	The Mind Embodies the Dharma Realm
心有聖賢	Have Sages in the Mind
心有五戒	Observe the Five Precepts
"心遠身閑眼界清，
瀟然回首萬緣輕；
更將滿耳是非語，
換作松風溪水聲。"	"With a faraway heart, leisurely body, and open eyes
Nonchalantly I turn around, dwindling all affinities,
I shall even replace a earful of disputes
With the whispers and murmurs of piney winds and creeks."
心猿意馬　思緒散亂	"The Mind is Like a Wild Monkey and Galloping Horse; 
Unrestrained thoughts."
心月千江	The Mind Reflects the Moon in a Thousand Rivers
心正人正	An Upright Mind Means an Upright Character
心植淨蓮	A Pure Lotus Grows from the Mind
心中道根	The Dharma is Rooted in the Mind
心中法界	The Dharma Realm Within the Mind
心中活水	A Free-Flowing Mind
"心中寬廣山川小，
眼內澄清日月明；
耳邊天籟人間寂，
腳下飛沙不染塵。"	"Small Mountains and Rivers in a Broad Mind
A broad mind perceives small mountains and rivers, 
Clear eyes reflect a bright sun and moon,
Harmonious ears hear a quiet world,
Swift feet travel free of dust."
信義和平	Righteousness and Peace
信解行證　學佛次第	"Faith, Understanding, Practice, and Realization; 
Stages in learning the Dharma."
信口胡說　不負責任	"Talking Through One's Hat; 
Irresponsible."
信受奉行　依法實踐	"Faithfully Receive the Dharma; 
Actualize according to the Dharma."
信手拈來　俯拾皆是	"To Have in One's Hands Effortlessly; 
Readily available."
信心門裏面無限寶藏	Gate of Faith: with boundless treasure
"信心銘
至道無難，唯嫌揀擇，
但莫憎愛，洞然明白。"	"Faith in Mind
To reach the Way is not difficult, 
One needs only have no preferences, 
Just do not hate or love, 
And you will fully understand."
薪盡火滅　所作完成	"Wood Burnt, Fire Extinguished; 
All things accomplished."
欣生惡死　膽小怕事	"Fear of Death; 
Timid and weak."
欣欣向榮	Thriving with Prosperity
行慈悲心	Realize a Compassionate Mind
行佛	Practice the Buddha's Way
行腳托鉢　次第有序	"To Go on Alms-round; 
In the proper order."
行三好 救台灣	Practice the Three Acts of Goodness to Save Taiwan
幸福	Happiness
性光日照	The Light of Nature Shines Like the Sun
性空緣起	The Nature of Emptiness and Dependent Origination
星光耀眼美麗天空	Stars: dazzling in the beautiful sky
星星知我心萬家團圓	Star Knows My Heart: family reunions
星雲大師誕辰紀念日暨供僧法會	Fo Guang Shan Founding Master—Venerable Master Hsing Yun’s Birthday & Sangha Day Offering
星雲大師數位人文研究發展中心	Venerable Master Hsing Yun Digital Humanities Research and Development Center
"醒世詩
世事紛紛如閃電，
輪迴滾滾似雲飛；
今日不知明日事，
那有工夫論是非。"	"Awakening the World
Worldly matters come and go like lightning.
The wheel of rebirth rolls forward like drifting clouds.
We cannot predict today what will happen tomorrow,
Where can we find the times to gossip and criticize?"
形影不離　關係密切	"Inseparable as Form and Shadow; 
A close relationship."
形影相追　無處不在	"Following Like a Shadow; 
To be everywhere."
行正心安	Righteous Actions Will Bring Peace to the Mind
行住坐臥　四種威儀	"Walking, Standing, Sitting, and Lying Down; 
The Four Comportments."
胸懷法界	Embrace the Dharma Realm in the Mind
胸無點墨　沒有文化	"Unlettered; 
Uncultured."
修成正果　道行圓滿	"Attain the Righteous Fruit; 
Perfection of one's practice."
修剪荒蕪	Tending Life's Garden
修身養性	Cultivate the Body and Nourish One's Nature
修心養量	Cultivate the Mind and Foster Magnanimity
修心養性	Cultivate the Mind and Nurture One's Nature
秀外慧中	External Beauty and Inner Intelligence
續佛慧命　傳承正法	"To Continue the Wisdom of the Buddha; 
To inherit and perpetuate righteous Dharma."
續古尊宿語要	Supplementary Recorded Sayings of the Ancient Worthies
虛空釘橛　無從下手	"Nailing a Peg in Thin Air; 
Not knowing where to begin."
虛生浪死　空度時光	"Living and Dying in Vain; 
A waste of time."
懸駝就石　沒有效率	"Put the Cart Before the Horse; 
Inefficient."
懸崖撒手　放下一切	"Throw off the Cliff; 
Let go of everything."
學廣言低	Learn Broadly and Speak Modestly
學習活用	Skillfully Apply Your Knowledge
學養	Knowledge and Virtue
學有則明	Learning Helps One Improve
雪上加霜　禍不單行	"When it Rains, It Pours; 
Misfortunes never come singly."
雪中送炭　濟人所需	"Sending Coal in Snowy Weather; 
Giving timely assistance."
循環往復　來回不斷	"Cycling Back and Forth; 
Coming and going repeatedly."
尋常茶飯　來處不易	"Everyday Tea and Rice; 
Does not come without effort."
尋行數墨　字斟句酌	"Reading Line by Line, Word for Word; 
Pondering over every word."
"尋隱者不遇
松下問童子，言師採藥去。
只在此山中，雲深不知處。"	"Seeking the Unfound Hermit
Beneath the pine tree, I inquired of the boy,
“Master has gone to find herbs,” said he;
A place inside this mountain for sure,
Somewhere deep in the clouds, perhaps."
壓良為賤　點金成鐵	"Forcing Good to Turn Bad; 
Transforming gold into iron."
鴉雀無聲　非常寂靜	"Crows and Sparrows Fall Silent; 
Utterly quiet."
鴨聽雷鳴　未能領悟	"A Duck Listening to Thunder; 
Inability to understand."
亞細亞的孤兒給人嘆息	The Orphans of Asia: sad stories
啞子得夢　無從傾訴	"A Mute Dreams; 
No one to tell."
掩鼻偷香　自欺欺人	"Pinching One's Nose to Steal Incense; 
Deceiving self and others."
掩耳盜鈴　自欺欺人	"Covering One's Ears to Steal a Bell; 
Deceiving self and others."
雁兒在林梢雲霧飄渺	Wild Goose in the Forest: misty woods
雁過長空　不著痕跡	"Like Geese Crossing the Sky; 
To leave no trace."
雁塔題名　金榜及第	"Top of the Leaderboard; 
With high marks."
雁行魚貫　依序前進	"Geese Fly in Formation; 
To go forward in sequence."
眼光落地　長眠不起	"Eyes Closed Forever; 
Rest in peace."
眼橫鼻直　當然如此	"Eyes are Eyes, and Nose is Nose; 
Just the way things are."
眼空四海　藐視一切	"Blinded by Arrogance; 
To look down upon everything."
眼內有塵三界小  心頭無事一床寬	"Eyes With Dust See the Three Realms As Small
A Mind Without Trouble Sleeps on a Broad Bed"
眼中著屑　遮蔽真相	"Dust in One's Eyes; 
Obstructed from the Truth."
煙花三月揚州美景	Misty Flowers in March: beautiful Yangzhou
煙味難聞趕快戒掉	Smoke: foul odor, quit it soon
沿門托鉢　廣設福田	"Alms Procession Door-to-Door; 
Broad opportunities for good deeds."
"岩上桃花開，花從何處來；
靈雲才一見，回首舞三台。"	"Peach blossoms on clifftop,
From where did the flowers come?
Lingyun, only at first glance,
Recalls his command of Santai."
嚴土熟生　成就眾生	"Pure Land with Accomplished Beings; 
Benefiting sentient beings."
言行一致	Speak and Act With Consistency
言音深遠	Far-reaching Words and Sound
言語道斷　超出語言	"Severing the Way of Language and Discourse; 
Beyond words."
羊腸鳥道　曲折山路	"A Narrow, Winding Path; 
Twists and turns of a mountain trail."
揚眉瞬目　舉眉轉眼	"Raise of an Eyebrow, Wink of an Eye; 
Hidden meaning."
養心	Nourish the Mind
養心人	Nourisher of the Mind
陽光語言	Sunshine Language
陽焰翻波　不切實際	"Illusory Waves Rolling; 
Unreal."
陽焰空花　子虛烏有	"Illusory Flowers in the Sky; 
Non-existent."
"仰止唯佛陀，完成在人格，
人成即佛成，是名真現實。"	"Who we shall look up to is 
    none other than the Buddha, 
The goal that we shall pursue is 
    none other than the perfection of our character;
Upon perfection of our human character
    buddhahood is thereby attained,
Thus it is known as the true reality."
搖唇鼓舌　搬弄是非	"Wagging Tongues, Loose Lips; 
Stir up enmity."
搖籃曲童謠兒歌世界	A Lullaby: well-known nursery rhyme
搖頭擺腦　自我陶醉	"Bobbing to One's Own Tune; 
Self-infatuated."
搖頭擺尾　自鳴得意	"Strutting with Head Held High; 
Thinking highly of oneself."
咬定牙關　堅持到底	"Gritting One's Teeth; 
To persevere to the end."
藥石之言　苦口勸告	"Good Advice is Bitter Medicine; 
To give unpleasant but needed advice."
杳無消息　失去音訊	"No News Whatsoever; 
To lose contact."
杳無踪跡　不知去向	"Without a Trace; 
Nowhere to be found."
要走正路	Follow the Path of Righteousness
野薑花的回憶往事如烟	Memories of the Ginger Lily: the past is gone
夜來香芬芳夜色茫茫	Fragrance of the Night: permeating through the night
夜上海生活紙醉金迷	Shanghai Nights: extravagance
葉落歸根　當然如是	"Falling Leaves Return to Their Roots; 
As nature is."
葉落知秋　觀察敏銳	"A Falling Leaf Tells the Arrival of Autumn; 
Keen observation."
業障現前　面對因果	"Manifestation of Karmic Hindrances; 
To confront cause and effect."
一般見識不用計較	One derogatory mind: no need to bother with it.
一瓣心香　虔誠祝願	"A Fragrant Heart; 
Sincere wish."
一瓣心香真誠供養	One fragrant heart: sincere offering.
一棒打殺　正中要害	"Hit with One Blow; 
Hit the nail on the head.
"
一杯咖啡激發靈感	One cup of coffee: your source of inspiration.
一杯醉酒後果難料	One cup of drunkenness: unimaginable consequence.
一本初衷不忘初心	One original intention: never forget where you come from.
一本經典哲理聖言	One classical book: enlightening teachings.
一本萬利福德因緣	One investment with big profit: your blessings and luck.
一筆成章文思泉湧	One writing attempt succeeded with inspiration.
一筆勾銷　免除恩怨	"Write Off at One Stroke; 
Let go of all resentment."
一筆一畫清楚分明	One simple stroke: drawing a clear line.
一臂之力助人為樂	One helping hand: the pleasure of assisting people.
一兵一卒抗戰到底	One soldier and one private: fight till the last breath.
一撥便轉　豁然醒悟	"Awakening Upon a Pointer; 
Sudden realization."
一波三折　好事多磨	"Many Twists and Turns; 
The road to happiness is strewn with setbacks."
一波三折苦盡甘來	One round of twists and turns: sweet after sweat.
一步起動行走大千	One beginning step: reach out to the entire world.
一不是單二不是雙	One is not an odd number: nor is two an even number.
一步踏出夢想成真	One step closer to a dream come true.
一步一印萬里路程	One footprint: connecting endless miles.
一部字典無言老師	One dictionary: your silent teacher.
一草一木皆具生機	One grass and one tree: all are forms of life.
一場比賽看出風度	One game: shows your sportsmanship.
一場大雪看出貧富	One snowy storm: shows the poverty gap.
一場會戰屍骨如山	One battlefield: rivers of blood.
一場講演十年苦功	One lecture: ten years of hard work.
一場講座影響不同	One lecture: tremendous influence.
一場音樂歌聲難忘	One concert: unforgettable tunes.
一場遊戲一場夢依靠自己	A Game, A Dream: rely on oneself
一場災難淒慘悲傷	One disaster: sad and miserable.
一長一短互相配合	One long and one short: cooperation.
一唱一和默契良好	One chorus: tacit understanding.
一超直入　頓超法門	"Straight to the Heart; 
Instant realization of the Dharma."
一超直入進住佛心	One transcendence: directly into Buddha’s heart.
一塵不染	Untainted
一塵不染清淨莊嚴	One spotless space: pure and majestic.
一塵不染　心地清淨	"Spotlessly Clean; 
A pure mind."
一成不變　故步自封	"Set in One's Ways; 
Resistant to change."
一成不變嫌過執著	One invariable character: a little too stubborn.
一池淨水清涼舒暢	One pond of pure water brings soothing coolness.
一池蓮花芬香撲鼻	One pond of lotuses: permeating fragrance.
一籌莫展無可奈何	One at wit’s end: to have no way out.
一觸即發劍拔弩張	One tense situation: swords unsheathed and bows drawn.
一齣昆曲百戲之母	One kun opera performance: the mother of all operas.
一錘便成　言下即悟	"At the Pound of a Hammer; 
Sudden enlightenment upon hearing."
一春普育大地生機	One spring nurtures all lives on Earth.
一次熬夜三天難補	One midnight oil burned: it takes three days to recover.
一次過堂五觀功德	One meal in the Dining Hall requires the Five Contemplations.
一次謊言信用不再	One lie said: no more credibility.
一次回眸風情萬種	One backward glance: amorous and charming.
一次接觸不願分離	One embrace: unwilling to separate.
一次接送禮儀接待	One time pick-up: etiquette of reception.
一次驚嚇慌亂不安	One shock: agitated and uneasy.
一次經驗終身受用	One experience: lifetime benefits.
一次叩拜終生信仰	One prostration laid: a lifetime’s faith.
一次口角後果不堪	One quarrel: unbearable outcomes.
一次失言覆水難收	One inappropriate comment: spilled water.
一次嫌隙心生隔閡	One feeling of animosity: no more trust.
一次約會終生有緣	One date: a lifetime’s affinity.
一村一莊相互來往	One village and one town: mutual exchange.
一錯再錯無藥可救	One repeating mistake: incurable.
一大步	One Big Step
一代紅顏文姬清照	One beauty of her time: Wenji and Qingzhao.
一代昏君誤國誤民	One fatuous and self-indulgent ruler: failing country and people.
一代名將盡忠報國	One general of his time: loyal and patriotic.
一代女皇而今何在	The Empress of the Dynasty: she is no more
一代時教　佛陀法語	"Teachings by the Buddha in His Lifetime; 
Dharma words from the Buddha."
一簞一食安貧樂道	One scoop of food: find joy in a frugal Way.
一彈指頃　轉瞬之間	"A Snap of the Finger; 
In a split second."
一道河流帶動經濟	One river: an economic passage.
一刀兩斷不再來往	One clean break: severed affinity.
一刀兩斷　劃清界限	"Make a Clean Break; 
Set clear boundaries."
一刀三禮恭敬有方	One cut, three bows: utmost respect.
一得一失　各有一半	"Win Some, Lose Some; 
Each is half and half."
一地黃金路不拾遺	One piece of gold: don’t take what’s not yours.
一地落花世事無常	One ground of fallen flowers: the impermanence of the world.
一滴汗水無限苦功	One drop of sweat: painstaking hard work.
一滴香水滿室芬芳	One drop of perfume: a whole room fragrant.
一點靈光照耀天地	One flash of inspiration: illuminate the world.
一點靈犀心意相通	One meeting of minds: to be connected by heart.
一點水墨龍鳳呈祥	One drop of water ink: a start of auspicious signs.
一點一滴皆成妙諦	One bit and one drop: all are wondrous teachings.
一段往事記憶猶新	One past event: still fresh in memory.
一對耳朵不聽是非	One pair of ears: listen not to gossip.
一堆垃圾資源回收	One pile of garbage: recycling material.
一多不二	One is Many, Not Two
一多不異　沒有不同	"One is Many, Many is One; 
There is no difference."
一朵玫瑰象徵愛情	One rose: a symbol of love.
一二三四	One, Two, Three, Four
一髮牽動影響全局	One strip of hair: a part that may affect the whole body.
一髮千鈞情況危急	One critical situation: in imminent peril.
一反常態必不正常	One unusual act: other than normal.
一帆風順快樂回家	One smooth sailing: to get home happily.
一番心血不能白費	One painstaking effort: must not go to waste.
一份報紙知悉世界	One newspaper: a window to the world.
一分耕耘一分收穫	One bit of effort: one bit of gain.
一佛出世萬佛護持	One buddha appears: all buddhas will support and protect.
一佛出世　希有難得	"A Buddha Appears in the World; 
Rare and difficult to come by."
一佛淨土十方佛國	One Buddha Pure Land: endless buddha lands.
一夫當關萬夫莫敵	One man of courage: makes a majority.
一夫一妻家庭美滿	One husband and one wife: a happy family.
一副眼鏡看清前方	One pair of glasses: helps you see clearly.
一幅山水美不勝收	One landscape painting: sheer beauty.
一幅油畫蒙納麗莎	One piece of oil painting: Mona Lisa.
一個鼻孔同聲出氣	One nose through which all breathe: to sing the same tune.
一個創意多年苦思	One innovation: years of hard work.
一個故事感人至深	One story: extremely touching.
一個家園快樂天地	One family: a paradise.
一個馬桶博士學位	One toilet seat: a doctoral degree earned.
一個細菌蔓延傳染	One single bacteria: highly contagious.
一個忠臣為國捨命	One loyal minister: sacrifice for his country.
一根浮木創意無限	One driftwood: an art piece.
一根汗毛上天入地	One strand of hair: into heaven and down to earth.
一根香煙氣味難聞	One cigarette: unbearable odor.
一股腦兒全力以赴	One complete effort: give it your best.
一顧傾城再顧傾國	One beauty: she can overrun cities and ruin states.
一鼓作氣一氣呵成	One vigorous effort: accomplish something in one go.
一國明君知人善用	One eminent ruler: knows and employs the right people.
一國一家人之本份	One country, one family: a basis of human beings.
一鍋素肴健康養生	One pot of vegetarian delicacy: healthy and good.
一海之隔文化一統	One ocean apart: connected by one culture.
一行清淚洗去憂傷	One row of tears: wash away sorrows.
一毫端上世界在此	One strand of white hair: a world on its tip.
一黑一白是非分明	One side and the other: telling right from wrong.
一哄而散沒有成果	One dispersal in confusion: fruitless result.
一呼百諾大家擁護	One call answered by hundreds: public support.
一壺好茶談禪論道	One pot of good tea: a chat on Chan and the Way.
一湖景色心曠神怡	One scenic lake: relaxing and soothing.
一花五葉　禪門宗派	"A Five-Petaled Flower; 
The blossoming and development of Chan."
一花五葉五宗七派	One flower, five petals: Chan Schools.
一花一草皆是真如	One flower and one grass.
一揮而就才思敏捷	One swift action: agile thinking.
一即一切	One is All
一即一切一切即一	One is all: all is one.
一即一切　圓融無礙	"One is All; 
Interpenetration without obstruction."
一技在身終生受用	One professional skill: a lifetime use.
一技之長學以致用	One professional skill: apply what has been learnt.
一機在手功用無窮	One gadget in hand: endless possibilities.
一家老小共創家業	One family of young and old: time together.
一家團結幸福平安	One family together for happiness and peace.
一家一國忠孝仁愛	One family, one country: loyalty, duty, benevolence and love.
一家之主承擔重任	One head of the family: responsibilities.
一間旅店接待四方	One hotel: a place of stay to many.
一間溫室奇花異草	One greenhouse: home for exotic plants.
一剪梅飄香雪花相映	A Spray of Plum Blossoms: snow and flowers in meeting
一箭雙雕　一舉兩得	"To Kill Two Birds with One Stone; 
Achieve two aims at once."
一箭之地　距離不遠	"Within an Arrow's Length; 
A short distance."
一見如故說話同心	One intimate first meeting: soulmates.
一角袈裟揚起道風	One hem of the kasaya: a spiritual style.
一腳走出行遍全球	One footstep out: reach into the entire world.
一介不取為人清廉	One single penny untaken: honest and upright.
一介貧僧天地為家	One humble monk: the whole world is his home.
一進一退前後有序	One advance and one retreat: in orderly fashion.
一句成語流傳千古	One single phrase: ageless inspiration.
一句善言天地皆知	One word of kindness: heaven and earth will know.
一句閒話會惹事端	One mindless talk: a cause of trouble.
一句幽默打破僵局	One sense of humor: relief from an awkward situation.
一句讚歎皆大歡喜	One sentence of praise achieves a “win-win” situation.
一舉一動了如指掌	One movement and action: to know things like one’s own palm.
一炬照耀光明燦爛	One torch shines with glorious bright light.
一蹶不振需要省思	One setback: self-reflection is essential.
一開一關進出禮貌	One opening and closing: a manner of entering.
一顆明珠塵勞封鎖	One shiny pearl: long sealed by mundane trouble.
一刻千金	Each Moment is as Precious as Gold
一孔之見眼光狹愛	One open hole: narrowed views.
一口品嚐美味飄香	One mouthful of delicacy: delicious smells.
一口水井供人利用	One water well: providing for people.
一口唾液不能亂吐	One spit of saliva: never in the wrong place.
一口外語必有能量	One second language: endless potentials.
一哭一笑人生經歷	One tear and one laugh: the experiences of life.
一塊良田春種秋收	One fertile field: spring cultivation and autumn harvest.
一塊銀元保住性命	One piece of silver: a lifesaver.
一簣之功　最後努力	"Homestretch; 
The final effort."
一覽無遺盡收眼底	One glance that takes in all: to see everything.
一來一往交流溝通	One interaction: exchange and communication.
一老一少長幼有序	One elderly and one young: respect for seniority.
一雷覺醒大地群迷	One thunder awakens the confused minds of the entire land.
一粒米中大如須彌	One grain of rice: as big as Mt. Sumeru.
一粒鼠屎壞一鍋粥	One mouse dropping: an entire pot of food ruined.
一理通達萬事明白	One principle thoroughly understood: so is everything else.
一粒種子成長無限	One single seed: endless vitality.
一臉茫然不知所以	One confused face: totally clueless.
一了百當　一切妥當	"Finish All in One Go; 
Everything is ready."
一了百了　了結諸事	"Once and For All; 
Finally, all is settled."
一了千明　全盤了解	"One Insight Illuminates a Thousand; 
Comprehend the whole.   "
一流學府教育英才	One best school: education for elites.
一路連接八方通行	One road links to all passages.
一爐清香上供十方	One fragrant incense burner: an offering to the Ten Directions.
一縷輕煙化為虛無	One wisp of smoke: to turn into nothing.
一輪明月心情不同	One round moon: varied sentiments.
一落千丈　急速下降	"Drop Ten Thousand Feet in One Fall; 
Fall rapidly."
一馬奔騰南北東西	One horse gallops into all directions.
一馬當先領導前進	One horse in the lead: leading the pack.
一脈相傳後人發揚	One continuous lineage: honor the tradition.
一毛不拔施捨困難	One stingy mind: giving becomes difficult.
一門深入可探源流	One teaching mastered: straight to the source.
一門深入　心無旁騖	"Mastering a Teaching; 
A mind of singular focus."
一門學派造福人羣	One particular teaching: benefiting people.
一夢成真喜事到來	One dream come true: fortune ensues.
一面城牆見證歷史	One part of a wall: a historical witness.
一面之詞需要兼聽	One-sided statements must be heard by both.
一面之交萍水相逢	One crossing of paths: to meet by chance.
一面之緣　點頭之交	"Crossing Paths Once; 
Nodding terms."
一鳴驚人表現優異	One single brilliant feat: outstanding.
一名美嬰可成皇后	One beautiful baby: a future queen.
一抹微笑帶來歡喜	One smile: brings joy.
一目十行眼光銳利	One glance of everything: sharp eyes.
一模一樣學習很像	One and the same: exact resemblance.
一南一北各分東西	One in the South, one in the North: going our separate ways.
一男一女同為平等	One man and one woman: equality.
一念不生	Not a Single Thought That Arises
一念呈祥改變歷史	One moment of auspice: a change in history.
"一年春盡又一春，
野草山花幾度新；
天曉不因鐘鼓動，
月明非為夜行人。"	"One spring ends, another begins,
Wild grass and mountain flowers always anew;
Dawn rises even without the bell and drum,
Moonlight never was for travellers at night."
一念慈悲沒有敵人	One moment of compassion: there are no foes.
一念三千心包太虛	One thought is big enough to contain all three thousand realms.
一念三千　胸懷法界	"The Three Thousand-fold World System is within One Moment of Thought; 
Embrace the Dharma realm."
一念萬年　時空無間	"Ten Thousand Years in One Moment of Thought; 
Time and space are not separate."
"一念忘時便道空，
不知空與色相同；
須知空色無分別，
如此圓融始大通。"	"When a thought is forgotten, the Way also becomes empty,
Not knowing emptiness and form are always the same;
One must know that emptiness is no different from form,
This harmonization then leads to thorough penetration."
"一念心清淨，處處蓮花開；
一花一世界，一葉一如來。"	"In a moment of pure thought, lotuses bloom everywhere;
Each flower, a world of its own; and each leaf, a Tathagata."
一念之差嫌過衝動	One moment of thought: an act of impulse.
一念之差　相距千里	"A Momentary Slip; 
A lifetime of consequences."
一年四季豐衣足食	One year, four seasons: bountiful life.
一牛吼地　距離相近	"Where One Can Hear a Cow Bellow; 
In close proximity."
一諾千金永不退票	One promise that will be kept: no returns.
一派胡言無法信任	One complete nonsense cannot be trusted.
一拍即合兩人同心	One immediate click: of the same mind.
一盤散沙無法凝聚	One sheet of loose sand: lacking solidarity.
一屁過江八風公案	One fart blows you across river: a gongan about the Eight Winds.
一匹汗馬為國立功	One contribution: honoring one’s country.
一片誠心所求如願	One sincere heart: all wishes fulfilled.
一片丹心天地可鑒	One leaf of red heart: Heaven and Earth are your witnesses.
一片汪洋海天同色	One boundless ocean: where water touches the sky.
一片竹海象徵君子	One bamboo forest: a symbol of integrity.
一貧如洗窮困潦倒	One as poor as a church mouse: poverty and distress.
一瓶一鉢　少欲知足	"One Bottle, One Bowl; 
Contentment with few desires."
一曝十寒　有始無終	"One Day's Sun, Ten Day's Frost; 
A start, no finish."
一起工作集體創作	One team working together: concerted effort.
一期生命老病死生	One period of life: old age, sickness, death, and rebirth.
一期一會　因緣難得	"Once Chance in a Lifetime; 
Causes and conditions are hard to come by."
一起一落自然現象	One rise and one fall: course of nature.
一期與會茶禪一味	One meeting: one taste of tea and Chan.
一氣之下判斷會錯	One instant of anger: unclear judgment.
一腔熱血可以成事	One fervent heart: everything is made possible.
一竅順暢七竅皆通	One aperture in the head cleared: as are all seven.
一切皆如也	Everything is as Such
一切男女皆我親人	One world of men and women: all are my family.
一切現成	Everything is Present
一切現成　本自具足	"Everything is Present; 
All phenomena are inherently perfect."
一切有情皆能成佛	One realm of sentient beings: all will become buddhas.
一切眾生　生命平等	"All Sentient Beings; 
All life is equal."
一切種智	All-Inclusive Wisdom
一親一疏　關係不同	"Closer to the Truth, or Further; 
The difference is relative."
一擒一縱　收放自如	"Capture and Release; 
Receive and let go with ease."
一球在手出神入化	One ball in hand: where magic happens.
一丘之貉沒有不同	One lair of jackals: all the same.
一曲陽關惜別送行	One song at the Yangguan Pass: bidding goodbye.
一曲遊子吟道盡心酸	Song of the Wanderer: the days of sadness and heartache
一犬吠聲眾犬相應	One dog’s bark: followed by many.
一泉活水解除飢渴	One flowing spring can quench thirsts.
一權在握就把令行	One with power in hand: issuing orders.
一群大眾有我一份	One crowd of people: I am a part.
一羣候鳥懂得適應	One flock of migrating birds: adaptation.
一人成道普濟羣生	One individual’s enlightenment: universal liberation of all.
一人出家全家得度	One renunciant: the entire family delivered.
一人傳十十人無限	One person to ten: infinite multiplication.
一人行佛萬眾得益	One practitioner of Buddha’s way: benefits for all.
一人殉教萬人悲哀	One martyr: ten thousand sad hearts.
一人一命一顆真心	One human life: one true heart.
一日不見如隔三秋	One day apart: feels like three autumns had passed.
一日三省必有進步	One day, three reflections: improvement guaranteed.
一日一夜六時吉祥	One morning and one night: auspicious all day through.
一日朝暮作息正常	One day and night of regular lifestyle.
一日之計從新開始	One day’s plan: start anew.
一入清流讓人讚歎	One clear stream: admirable.
一掃而空乾淨俐落	One clean sweep: neat and swift.
一沙一石大千世界	One grain of sand or one rock: entire worlds.
一山一水都是佛性	One mountain and one river: all have the buddha-nature.
一身是膽毫不畏懼	One brave soul: fearless.
一身武藝遐邇聞名	One martial art master: widely renowned.
一聲棒喝參破疑情	One shout and strike: breaking through doubts.
一聲不響故弄玄虛	One without a single sound: being mysterious.
一聲吉祥彼此互祝	One auspicious greeting is a mutual blessing.
一聲鬧鐘夢中驚醒	One sounding alarm: rude awakening.
一聲問候噓寒問暖	One greeting of care: showing concern.
一生好命具足善緣	One lifetime of blessings: to have favorable conditions.
一生萬法	One Gives Rise to Many
一生一世盡心盡力	One whole lifetime: full devotion.
一生正直為人坦蕩	One upright and honest mind: a clear conscience.
一時錯誤立刻改正	One mistake must be corrected immediately.
一時毀譽過眼雲烟	One moment of fame or shame: all are transient.
一時千載機會難逢	One moment in a thousand years: a rare opportunity.
一時辛勤家園整潔	One moment of diligence keeps one tidy and clean.
一時一刻分秒必爭	One minute and one second: time is priceless.
一時之選能力傑出	One in a million: outstanding excellence.
一石二鳥非常幸運	One stone that hits two birds: extremely lucky.
一失人身萬劫不復	Once this human body is lost: beyond redemption.
一失一得內有宗要	One loss and one gain: a message within each.
一視同仁平等對待	One who treats all alike: equality.
一事無成　希望渺茫	"Having Accomplished Nothing; 
Slim hope."
一師一道　不忘初衷	"One Teacher, One Path; 
To follow with firm resolve and aspiration."
一師一道全始全終	One pair of clean hands: honest and incorrupt.
一手遮天　蒙蔽世人	"Covering the Sky with One Hand; 
To conceal the truth from people."
一手遮天欺上瞞下	One hand that blocks the sky: deceitful in all ways.
"一樹春風有兩般，
南枝向暖北枝寒；
現前一段西來意，
一片西飛一片東。"	"Upon one tree are two springs,
Southern Warmth and Northern Cold;
Then comes the heart of the West,
One side Westward, one Eastward."
一樹花果種者受益	One tree’s flowers and fruits: the farmer’s gain.
一樹桃花百千種子	One tree of plum blossoms: thousands of seeds.
一雙翅膀翱翔天空	One pair of wings: lets you soar in the sky.
一雙慧眼善觀天下	One pair of wise eyes: see the world skillfully.
一雙芒鞋雲遊參學	One pair of straw shoes: travel and learn.
一雙手腳表示萬能	One pair of hands and feet: omnipotent.
一睡好眠精神百倍	One night’s good sleep: completely refreshed.
一水貫通五湖四海	One water flows through all rivers and seas.
一水四見　業力不同	"The Same Water is Perceived in Four Ways; 
Differing karmic retributions."
一絲不掛　諸見脫落	"Not Attached to a Single Thread; 
Free from all delusive views."
一艘船隻名利乘者	One ship: a carrier of fame and gain.
一歲九遷有作有為	One year of nine promotions: promising.
一蹋糊塗難以收拾	One big mess: unredeemable.
一台好戲感人深遠	One great performance: truly touching and inspiring.
一天人生三省吾身	One day’s life: self-reflect thrice.
一天一地無限廣闊	One sky and one land: boundless.
一條日光大道奔馳不妙	The Sunshine Road: stroll along it slowly
一條生命呼吸之間	One life: in one single breath.
一條小溪涓涓不斷	One tiny creek: trickling endlessly.
一通電話相互知曉	One phone call: connecting two ends.
一頭白髮歲月寫照	One head covered in silver hair: a sign of age.
一頭霧水　百思不解	"Perplexed; 
Confused even after pondering a hundred times."
一頭霧水搞不清楚	One bewilderment: utterly confused.
一團和氣相處融洽	One group on good terms: harmonious coexistence.
一碗飯食來處不易	One bowl of food is hard to come by.
一網打盡　全軍覆沒	"To Catch Everything in One Net; 
Total destruction of an army."
一望無際天地遼闊	One stretch to the horizon: a boundless world.
一往一來　交往不斷	"Back and Forth; 
Mutual and continuous exchange."
一往直前毫不猶豫	One direction straight ahead: march forward courageously.
一往直前　所向披靡	"Advance Courageously; 
Eliminate all obstacles completely."
一葦渡江達摩東來	One reed carried Bodhidharma Eastward across the river.
一葦渡江　中印交流	"Crossing the River on a Reed; 
An exchange between China and India."
一位難求必有可觀	One full house: a must-see performance.
一位沙彌未來法王	One novice monk: a future Dharma king.
一文不名仍須努力	One name worth not even a penny: keep striving.
一問一答談玄說妙	One question and one answer: a discussion of wondrous mystery.
一臥不起病情嚴重	One bedridden illness: a serious matter.
一物成長地水火風	One matter grows out of Earth, Water, Fire, and Wind.
一無所獲繼續努力	One futile effort: keep trying.
一五一十交代清楚	One in full detail: to explain everything.
一顯身手能量高超	One demonstration of skillfulness: extreme ability.
一項發明造福人類	One invention: benefiting humanity.
一廂情願不顧他人	One’s own wishful thinking: no consideration for others.
一廂情願　徒勞無功	"Wishful Thinking; 
Work to no avail."
一笑真誠千金難買	One sincere smile: cannot be bought with gold.
一笑置之　不以為意	"Dismiss With a Laugh; 
To take things lightly and not be overly concerned."
一笑置之不值一談	One dismissing laugh: say no more.
一些老套人皆不喜	One old usual trick: unwelcomed.
一瀉千里洪水氾濫	One deluge of flood water: a true disaster.
一心不亂　沒有雜念	"Be of One Mind; 
Without distractive thoughts."
一心稱名佛在我心	One single-minded chanting: Buddha is in my heart.
一心頂禮萬佛為尊	One sincere homage: all buddhas will respect you.
一心二門	One Mind and Two Paths
一心法界	The Dharma Realm is in One Mind
一心放下煩惱塵垢	One-minded focus on letting go of defilement.
一心廣含十方虛空	One all-embracing mind: the vast emptiness.
一心皈命	Singlemindedly Take Refuge
一心護教法輪常轉	One devotion to faith: eternal turn of the Dharma Wheel.
一心回向法界芬芳	One dedication of sincerity: a beautiful dharma realm.
一心念佛往生淨土	One-minded chanting of Buddha’s name: rebirth in Pure Land.
一心萬法	One Mind, Myriad Phenomena
一心繫念佛國淨土	One single-minded chanting: to Buddha’s Pure Land.
一新一舊各有用途	One new and one old: each with a purpose.
一心一意全力以赴	One wholehearted dedication: give everything you have got.
一心一意　心無二用	"Wholeheartedly; 
With one-pointedness of mind."
一心找碴蛋內挑骨	One bone in an egg: to nitpick.
一休禪師聰敏機智	One mentally agile monk: Master Ikkyu.
一學就會天資聰穎	One instantly mastered skill: a gifted talent.
一言半句　言詞簡短	"Just a Word or Two; 
Concise speech."
一言不發思考再三	One who is clam-like: in deep deliberation.
一言既出駟馬難追	One promise, once made, cannot be taken back.
一言九鼎信守承諾	One word that carries enormous weight: keeping one’s promise.
一言決斷不再疑慮	One final call puts an end to all doubts.
一言一語皆成妙道	One expression: a wondrous teaching of its own.
一眼看透人間萬事	One penetrating eye: to see everything.
一葉扁舟優悠歲月	One small boat: passing the days in leisure and happiness.
一葉知秋世事無常	One leaf tells autumn time, and the impermanent world.
一以貫之	Be Consistent
一以貫之做事牢靠	One prevailing principle: dependable.
一翳在眼不見真相	One covered eye: blinded from the truth.
一音演說眾生得解	One voice that speaks: different beings are liberated.
一音讚佛萬千功德	One voice in praise of Buddha: infinite merits.
一應俱全應有盡有	One complete set: everything that is needed.
一擁而入欠缺禮讓	One crowd rushing in: lack of propriety.
一語成讖說話靈驗	One comment that hits the mark: efficacious words.
一語道斷去除兩邊	One word that silences all: all extremes eliminated.
一語道破容易傷人	One hit on the bull’s eye: causing instant harm.
一語開示萬事包容	One word of teaching on embracing everything.
一語雙關幽默風趣	One pun of words: humorous and interesting.
一語心寒話不投機	One bitter comment: not seeing eye to eye.
一雨滋潤山川草木	One rain nourishes a mountain’s rivers, grass, and trees.
一元復始萬象更新	One fresh start of the year: the start of a cycle.
一圓一缺自然現象	One perfection and one defect: natural phenomena.
一月普照萬國九洲	One moon shines on all kingdoms and continents.
一月十五元宵燈節	One and fifteenth: the lantern festival.
一再叛逆人皆唾棄	One rebellious mind: despised by all.
一則八卦害人害己	One paparazzi report: harmful to all.
一增一減不多不少	One increase and one decrease: neither more nor less.
一盞路燈照亮歸人	One street lamp: illuminate the way home.
一展身手表現能力	One demonstration of talent: show your skills.
一盞天燈諸葛求援	One sky lantern: Kongming’s call of despair.
一張信紙傳達心意	One letter paper: the heart’s messenger.
一張一弛不緊不鬆	One stretch and one contraction: neither tense nor loose.
一張照片記錄人生	One photo: a record of life.
一張嘴巴不說妄語	One mouth: no lies.
一朝風月萬里晴空	One moment of moon in the wind: a cloudless sky.
一朝一日不要空過	One day’s time: do not let it pass in vain.
一真法界五乘佛法	One world of reality: the Five Vehicles.
一針縫紉萬里情懷	One needle that sews endless sentiments.
一枕南柯不切實際	One night’s dream: unrealistic.
一陣風雨萬物生機	One storm: endless vigor.
一陣清風光陰迅速	One swift clear wind: time flies.
一知半解　略知皮毛	"Partial Understanding; 
Merely scratching the surface."
一知半解學道不精	One half-knowledge: a master of none.
一紙公文無法回頭	One official document: the point of no return.
一隻手錶能知晨昏	One watch: tells the time of the day.
一隻蚊子疾病媒介	One mosquito: a carrier of disease.
一支手機拉近彼此	One cell phone: bringing people closer.
一指指月指月不同	One finger that points to the moon: two different matters.
一種鳥類名佛法僧	One type of bird: names of Buddha, Dharma, Sangha.
一種運動身心健康	One type of sport: staying fit and healthy.
一柱擎天中流砥柱	One central pillar: the foundation of society.
一株文蘭聞名世界	One orchid flower: world-renowned.
一磚一瓦屋基穩固	One brick and one tile: a firm foundation.
一樁公案多人悟道	One gongan: a cause for people’s enlightenment.
一桌麻將家破人亡	One round of mahjong: cause for a broken family.
一桌宴席解決困難	One banquet can help resolve problems.
一走了之不負責任	One who just leaves: irresponsible.
一尊雕像千錘百鍊	One sculpture: endless chiseling and hammering.
一尊佛像在我心中	One Buddha statue: within my heart.
一座橋樑兩岸溝通	One bridge: Cross-Strait communication.
一座水壩發電灌溉	One dam: powers and nourishes many.
一座鹽礦地底樂園	One salt mine: an underground paradise.
以慈為心	Let Compassion Fill the Mind
以德為本	Regard Morality as the Foundation
以毒攻毒　用法奇特	"To Cure Ills with Poison; 
Peculiar methods."
以法所依	Follow the Dharma
以法為侶	Dharma as Companion
以法為師	Regard the Dharma as the Teacher
以法為依	Reliance on the Dharma
以和為貴	Peace is Priceless
以戒為師　遵守規則	"Regard Precepts as the Teacher; 
Respect and comply with the rules."
以空為樂	Happiness is Found in Emptiness
以空為有	Regard Emptiness as Existence
以勤為富	Diligence is Wealth
以人為本	Focus on Humans
以忍為力	Endurance is Your Strength
以手加額　讚歎尊重	"Joining Palms to the Forehead; 
To praise with great respect."
以退為進	To Retreat Means To Advance
以無為有	Owning Everything by Having Nothing
以心傳心　心領神會	"Heart-to-Heart Transmission; 
A tacit encounter."
以眾為我	Regard the Multitude as Myself
異口同聲　意見一致	"To Speak with One Voice; 
In consensus."
伊人在水一方給我失望	The Lover is on One Side of the Water: broken heart
義光照耀	Illuminating Light of Righteousness
倚門傍戶　沒有主見	"Wishy-washy; 
Lacking in one's opinion."
衣鉢相傳　傳承信物	"Passing Down the Robe and Bowl; 
Tokens of Dharma transmission."
依了義	Rely on the Ultimate Truth
依草附木　攀緣外境	"Clinging to Grass and Trees; 
Attaching to external phenomena."
依正莊嚴　國泰民安	"Circumstantial and Direct Adornment; 
A peaceful and prosperous country."
移星換斗　扭轉乾坤	"To Shift Constellations; 
Ability to move Heaven and Earth."
因風吹火　順勢而為	"Stoking Fire with the Wind; 
Availing of the circumstances."
因該果海	The Cause Leads to Its Corresponding Effects
因果報應　所作不虛	"Karmic Retribution; 
All actions are not without a trace."
印壞文成　死生相續	"The Words Remain Though the Seal is Broken; 
Continuity of life and death."
引火燒身　自惹禍殃	"Playing with Fire; 
Asking for trouble."
銀山鐵壁　堅固難穿	"Silver Mountain and Iron Wall; 
Difficult to penetrate."
音聲佛事　唱頌超度	"To Teach the Dharma through Sound; 
To liberate through song and chant."
隱形的翅膀飛過絕望	Invisible Wings: overcoming despair
迎春花開放大地光茫	Welcome Spring Flower: blooming and radiating
應病與藥　契合需要	"Treat an Illness with the Right Medicine; 
In accordance with one's needs."
應世無畏	Face the World Fearlessly
應無所住	In Accordance with Non-Abiding
應無所住　無所不住	"To Abide Nowhere; 
Nowhere non-abiding."
鸚鵡學舌　不知其義	"Like a Talking Parrot; 
Repeating without understanding."
"蠅子投窗
空門不肯出，投窗也太痴；
千年鑽故紙，何日出頭時。"	"Housefly Banging Against the Window
Unwilling to leave through the empty door, 
Banging against the window is too ignorant.
For a thousand years, studying these ancient pages, 
When will you achieve the Way?"
"蠅子透窗
為愛尋光紙上鑽，
不能透處幾多般；
忽然撞著來時路，
始覺半生被眼瞞。"	"Verse on a Housefly Entering the Window
For love I seek the light by pouring over books;
I was unable to leave that place—how difficult.
Suddenly, I arrive on the road I came from 
And begin to awaken to the past my eyes had cheated from me."
永不退票　信用昭著	"Never Make Any Returns; 
Significant credibility."
"詠梅
叢林秋已晚，萬木盡凋傷。
獨有寒梅樹，飛來雪裏香。
雪色春已到，寒香夜更清。
一聲幽鳥語，忽使夢魂騖。"	"Plum Glory
Late autumn in the forest, 
All trees have withered.
Only plum trees stand braving the cold,
Whose fragrance wafts through drifting snow.
Spring arrives with the scenery of snow,
At night the fragrance of winter more pure.
A serene bird song,
Swiftly awakens my soul from the dream."
勇猛精進　刻苦學習	"Courageously Diligent; 
Assiduous."
"詠石僧
雲作袈裟石作僧，
岩前獨立幾經春。
有人若問西來意，
無言相對總是真。"	"Clouds as the Robe, and Stones the Monk
Clouds as the robe, and stones the monk,
Across many springs quietly standing by the rock;
Shall anyone ask about the West mind,
Silence is usually the most genuine reply of all."
有道	Have a Path
有口皆碑　眾所稱讚	"Praised as a Household Name; 
Commended by all."
有口無心　容易出錯	"Off the Top of One's Head; 
Prone to mistakes."
有情世間　娑婆世界	"Sentient World; 
Saha World."
有情眾生　凡夫俗子	"Sentient Beings; 
Ordinary people."
有求必應　如願以償	"Every Plea Met; 
Every wish granted."
有容乃大	Tolerance Makes Greatness
有為	Promising
有無相生	Arising of Form and Formless Characteristics
有義	Righteousness
遊山玩水　尋師訪道	"Crossing Mountains and Streams; 
Seeking teachers and the Way."
遊戲三昧　無縛境界	"Lion's Play Samadhi; 
Not bound by anything."
又是細雨總要分離	Drizzling Again: eventual parting
漁光曲一歌祖孫相依	Song of the Fishermen: family of interdependence
于江月現	The Moon's Reflection in a Thousand Rivers
與人為善　熱心服務	"Kind Intentions for Others; 
Serve others with enthusiasm."
與賊過梯　為虎作倀	"Giving a Ladder to a Thief; 
Helping a tiger pounce on its prey."
預搔待癢　時機不對	"Scratching Before the Itch; 
Premature."
御選語錄	Sayings from the Imperial Writings
語焉不詳　論述模糊	"Inexplicit Words; 
Vague statements."
語言妙香	Good Words are Like the Fragrance of Sweet Perfume
雨中即景風吹花草	Scenery in the Rain: grass and flowers in the wind
緣別揮手一切皆休	Affinity: waving goodbye, all comes to an end
緣起性空　真空妙有	"Dependent Origination and the Nature of Emptiness; 
From true emptiness comes wondrous existence."
"遠觀山有色，近聽水無聲；
春去花猶在，人來鳥不驚。"	"When afar, a vista of mountains,
When up close, rivers are silent;
When spring goes, flowers stay,
When with people, birds remain calm."
遠離塵垢　除去世俗	"Free From Dust and Defilement; 
Leave the mundane world."
猿猴取月　空自妄想	"Like a Monkey Fishing for the Moon; 
Empty and vain attempts."
冤家債主　不勝其煩	"Enemies and Foes; 
Endless troubles."
冤冤相報　沒完沒了	"An Eye for an Eye, a Tooth for a Tooth; 
Without end."
願將佛手雙垂下  摸得人心一樣平	"May the Buddha's Hands Reach Down
To Smooth Out the Hearts of People as Equals"
原鄉人故事情意深長	My Native Land: deep and meaningful stories
圓孔方木　不能契合	"Square Peg in a Round Hole; 
Not in agreement."
圓滿	Perfection
元妙真常	Mysterious and Wondrous True Eternity
怨親平等　一視同仁	"Treat Friend and Foe Equally; 
Benevolence towards all."
怨憎會苦　冤家對頭	"Resentment of Undesired Meetings; 
When foes cross paths."
月白風清	Bright Moon, Clear Wind
月光小夜曲明暗回想	Moonlight Serenade: nostalgic night
月琴彈唱我心感傷	Moon Zither: played and sung with sentiments
月映千江	The Moon's Reflection in a Thousand Rivers
月正當空	The Moon Is High Above In the Sky
悦心集	Yue Xin Ji (Essays That Entertain the Heart)
雲淡風清	Like Wind that Clears the Clouds
雲湖覺海	Lake of Clouds and Ocean of Awakening
雲湖鐘聲紫砂茶禪	Yun Lake: bell tolls, clay teapots, and tea Chan
雲開見日	The Sun Is Seen Through Dispersed Clouds
雲開見月	The Cloud Disperses and the Moon Appears
雲門薪火文化傳承	Cloud Gate: continuing the heritage of dance culture
雲山月明	Cloud and Mountain, Bright as the Moon
雲水法界	Cloud and Water in the Dharma Realm
雲水人生	A Life Like Cloud and Water
雲水三千	Cloud and Water
雲水自在	At Ease Like Cloud and Water
雲水自在  祥和歡喜	May You Be Free as Cloud and Water, Auspicious and Joyful
再別康橋我會再來	Saying Goodbye to Cambridge Again: see you
再生父母　救命恩人	"Like a Second Parent; 
For saving one's life."
在家出家　超塵脫俗	"Householder, Monastic Life; 
Transcending the mundane world."
在劫難逃　因果注定	"No Escape; 
Cause and effect are inevitable."
在那遙遠的地方牧羊風光	In That Faraway Place: days of the shepherd
在水一方逆流而上	On the Other Side of the Water: against the stream
在銀色月光下徘徊妄想	Under the Silver Moonlight: lingering delusion
攢花簇錦　五彩繽紛	"Bundling Flowers into a Bouquet; 
Flamboyant and colorful."
"讚師偈
心懷度眾慈悲願 
身似法海不繫舟 
問師平生何所求 
平安幸福照五洲"	"Praise to Our Venerable Master
A mind with the compassionate vow to deliver sentient beings,
A body like a boat on the Dharma ocean, unbound.
Should you ask what the Venerable Master has achieved in this lifetime?
Peace and happiness shine upon the five continents."
鑿壁偷光　刻苦勤學	"Piercing the Wall to Steal Light; 
Diligent study despite adversities."
賊過張弓　錯失良機	"Shoot After the Thief Has Gone; 
Missed opportunity."
賊去關門　為時已晚	"Locking the Door After the Thief Has Left; 
Too late."
"贈東林總長老
溪聲盡是廣長舌，
山色無非清凈身，
夜來八萬四千偈，
他日如何舉似人。"	"Presented to Elder Zong of Donglin Monastery
The babbling creeks are His broad, long tongue;
The scenic mountains are nothing but His pure body.
Nightfall brings eighty-four thousand gathas,
In days ahead, how to present them to others?"
"贈藥山高僧惟儼
練得身形似鶴形，
千株松下兩函經；
我來問道無餘說，
雲在青天水在瓶。"	"For Yaoshan Eminent Monk Weiyan
One’s body shaped alike a crane through training,
Two coffers of scriptures, under a thousand pine trees lay.
As you inquire into the Way, not much do I have to say,
Clouds in the blue sky and water in the jar."
增增日上	Be on the Up-and-Up
眨上眉毛　機鋒暗示	"Lifting One's Eyebrows; 
An obvious suggestion."
齋戒沐浴　身心清淨	"To Bathe, Observe the Precepts and Vegetarianism; 
Purifying body and mind."
摘葉尋枝　深知前後	"Plucking Leaves, Seeking for Branches; 
To know something root and branch."
斬釘截鐵　行事果斷	"Iron Nails Cut in One Slash; 
To act decisively."
斬頭求活　荒謬愚蠢	"Seeking Life Through Decapitation; 
Absurd stupidity."
丈六金身　相好莊嚴	"Towering Golden Body; 
Auspicious appearance."
張三李四　姑且稱之	"John Doe, Jane Smith; 
To refer to tentatively."
掌上明珠　極為珍貴	"A Pearl in One's Palms; 
Extremely valuable treasure."
朝參暮禮　精進修行	"Prostrating Day and Night; 
Cultivating diligently."
朝參暮請　學道請益	"Requesting the Dharma Day and Night; 
Asking for instruction and learning the Way."
"朝看花開滿樹紅，
暮看花落樹還空；
若將花比人間事，
花與人間事一同。"	"In the morning, one sees a tree full of red flower blossoms;
In the evening, one finds fallen flowers, and a tree once again bare.
Shall these flowers be compared to worldly affairs,
What then becomes obvious is that all are but one and the same."
朝山禮拜與佛接心	Pilgrimage: heart-to-heart connection with the Buddha
朝山禮佛　虔誠恭敬	"Pilgrimage to the Buddha; 
Pious and sincere."
照顧當下	Be Mindful of the Present Moment
照顧腳下	Be Mindful of One's Footsteps
照顧腳下　制心一處	"Mind Your Steps; 
Single-minded concentration."
照見五蘊皆空	Realize that the Five Skandhas are All Empty
照心之鏡	The Mirror of Reflecting the Mind
"招友人宿
銀地無塵金菊開，
紫梨紅棗墮莓苔；
一泓秋水一輪月，
今晚故人來不來。"	"Making a Friend Stay for the Night
Golden camomiles on silvery dustless land, 
Purple pears and red dates fall into a green field;
As the moon is mirrored in an autumn pond,
I wonder if my old friend will visit me tonight."
針鋒相對　絲毫不讓	"Measure for Measure; 
No compromise."
針芥相投　罕遇難逢	"A Match Made in Heaven; 
Hard to find."
真空不空	True Emptiness is Not Actually Empty
真空妙有　空有圓融	"From True Emptiness Comes Wondrous Existence; 
Emptiness and existence are interpenetrative."
真如自性　表示真我	"True Thusness and Intrinsic Nature; 
One's true nature."
真善美	Truth, Virtue, and Beauty
真善美一歌世界名曲	Truth, Virtue, and Beauty: The Sound of Music
真實不虛　絕無虛假	"Truth is Truth; 
Absolutely without fabrication."
真相大白　洗刷沉冤	"The Whole Truth is Revealed; 
Justice is served."
真心性海	Ocean of True Mind and Nature
珍惜來臨的一年明年更好	Cherish What You Have: year after year, life will get better
珍惜生命	Cherish Life
珍重再見情義不改	Goodbye and Take Care: staying loyal
正大光明	Be Just and Honorable
正法淨心	Right Dharma Purifies the Mind
正法眼藏	Treasure of the True Dharma Eye
正法眼藏　真理心要	"Treasure of the True Dharma Eye; 
The core of all truths."
正見	Right View
正覺	Samyak-Sambodhi
正覺人生	A Life of Righteous Awakening
正命吉祥	Right Livelihood Brings Auspiciousness
正念善用	Make Good Use of Right Thoughts
正念為用	Use Right Thoughts
正派做人	Maintain a Righteous Character
正思惟	Right View
正心誠意	A Righteous Mind with Sincere Intentions
正心正人	An Upright Mind and Upright Person
正行	Right Action
正行無畏	Right Action Makes One Fearless
正知	Right Understanding
正知正見	Right Understanding and Right Views
至誠至真	Utmost Sincerity and Truthfulness
至理名言　絕美法語	"Remarkable Sayings; 
Exquisite Dharma words."
至真至善	The Zenith of Truthfulness and Virtue
知錯美德	The Virtue of Admitting One's Faults
知道	Knowing
知恩報恩　有情有義	"Repay Every Kindness Bestowed; 
Sentiment and righteousness. "
知恩為富	Gratitude is Wealth
知愧	Understand Shame
知命不惑	Clearly Know Your Obligations
知天知命	Know the Ways of Heaven and One's Life
知心知命	Know One's Mind and Life
知愚	Acknowledge Your Ignorance
知止知足	Know When to Stop, When to be Content
知足	Contentment
知足常樂	Contentment BringsEternal Happiness
知足富貴	Contentment Is a Wealth
知足生活別無他求	Contentment: living without asking for more
知足為福	Contentment is a Fortune
知足為貴	Contentment is Precious
擲地有聲　鏗鏘有力	"Making a Loud Statement; 
Resounding and forceful."
指點迷津　引人正路	"To Point Out a Way; 
Guide one to the right path."
指東劃西　不著邊際	"Neither Here nor There; 
Strayed from the point."
指鹿為馬　歪曲事實	"To Call a Deer a Horse; 
Bending the truth."
指桑罵槐　拐彎抹角	"Beat Around the Bush; 
To skirt around the corners."
智慧慈悲	Wisdom and Compassion
智慧法水	The Stream of Dharma Wisdom
智慧明燈	Light of Wisdom
智目行足　行解並重	"Eyes of Wisdom and Steps of Conduct; 
Emphasis on both theory and practice."
智月常圓	The Moon of Wisdom is Always Full
執迷不悟　不肯認錯	"Holding onto Delusions; 
Refusal to admit mistakes."
直下承擔	Immediate Acceptance of Responsibilities
直下承當　勇於面對	"Immediate Acceptance of Responsibilities; 
Confront situations courageously."
直心道場	A Straightforward Mind is the Place for Awakening
志如高山	Aspirations as High as the Great Mountains
志心信禮	Conviction, Faith and Respect
志心信禮　虔誠恭敬	"Conviction, Faith, and Respect; 
With devotion and reverence."
志在千里	Aspirations As Far As Thousands of Miles
志在天下	A Will as Great as the Entire World
制心一處　無念安心	"Focus the Mind; 
Abide in non-thought."
中道	Middle Way
種瓜得瓜　因果必然	"Reaping What One Sows; 
Causes and effects are inevitable."
忠厚仁慈	Honesty, Kindness, Benevolence, and Compassion
忠孝仁愛	Loyalty, Filial Devotion, Benevolence
眾望所歸　名實相符	"Command Public Respect and Support; 
To live up to one's reputation."
眾緣和合　因緣成就	"Synergy of Conditions; 
Causes and conditions coming together."
眾中有我	I Am Among the Multitude
"終日尋春不見春，
芒鞋踏破嶺頭雲；
歸來偶把梅花嗅，
春在枝頭已十分。"	"The whole day spent looking for spring but not seeing spring;
Straw sandals worn out on cloud-covered peaks.
Return to casually sniff the plum blossoms;
Spring is already fully on the branch tips."
終生學習	A Lifetime of Learning
鍾山春石城龍蟠虎踞	Spring in Mount Zhong: Shicheng, where tigers crouch and dragons coil
重整旗鼓　東山再起	"Plan a Comeback; 
To rise again."
重重無盡　華藏世界	"Endlessly Overlapping; 
The Lotus Store (Avatamsaka) World."
主動向前	Be Proactive in Moving Forward
諸惡莫作	Cease All Unwholesome Deeds
諸佛為侶	Buddhas as Friends
諸根具足	Complete In All Sense Faculties
諸上善人　良師益友	"Utmost Virtuous People; 
Noble teachers and friends."
竹報平安　幸福象徵	"Reported Safe and Sound; 
Sign of happiness."
竹密不妨流水過  山高豈礙白雲飛	No Matter How Dense, Bamboos Never Stop Water From Seeping Through; No Matter How High,Mountains Never Obstruct Clouds from Flying Over
祝您幸福無懼汗珠	Wish You Happiness: tears and pain matter not
祝您一路順風別離憂愁	Wish You a Pleasant Journey: sorrow of parting
逐氣尋香　執迷妄想	"Seeking Fragrance Instead of Substance; 
Grasping delusive thoughts."
朱文公全集	Complete Works of Zhu Wengong
抓泥鰍行為傷害生命	Catching Mudfish: harming life
轉	Turn
轉女成男　一切平等	"Turning a Woman into a Man; 
Everyone is equal."
轉識成智　諸行圓滿	"Transforming Knowledge into Wisdom; 
To perfect one's cultivation."
裝聾作啞　故意不知	"Play Dumb; 
To act ignorant."
裝模作樣　矯揉做作	"To Put on an Act; 
An affected manner."
莊嚴	Dignity
莊嚴寶像　攝受群生	"Majestic Buddha Statue; 
Inspiring all."
莊嚴本性	Dignified Original Nature
莊嚴具足	Complete With Dignity
追來追去你在何方	Chasing: here and there, where are you?
追夢人情景變幻無常	Dream Chaser: constant changes of impermanence
自家寶藏	The Treasure Within Oneself
自覺覺他	Enlighten Oneself and Others
自覺人	A Self-Awakened Person
自覺行佛	Self-awareness and Practice the Buddha's Way
自利利他　菩薩行為	"Benefiting Self and Others; 
Practice of a bodhisattva."
自欺欺人　掩耳盜鈴	"Deceiving Self and Others; 
Covering one's ears to steal a bell."
自強不息	Continuously Strive to Improve
自然而然　順勢發展	"In a Natural Manner; 
Take its course."
自然之美	Natural Beauty
自身難保　焉能助人	"Unable to Fend for Oneself; 
How can one even help others?"
自食其果　作法自斃	"Reap One's Own Harvest; 
To suffer the consequences of one's own actions."
自我革新　不斷改進	"Self-Innovation; 
Continuous improvement."
自心信樂	Belief and Joy in One's Heart
自性自覺	Self-nature, Self-awakening
自由自在	Be Liberated and Carefree
自由自在　無牽無掛	"Liberated and Carefree; 
Without worries."
自在為樂	Happiness Can Be Found in Carefreeness
自作自受　業力隨身	"Suffer the Consequences of One's Actions; 
Karmic retributions will follow."
走出自己	Make Your Own Path
走四方風光地老天荒	Walk in Four Directions: glory till the end of time
祖堂集	Annals of the Ancestral Hall
鑽故紙堆　脫離現實	"Boring through Heaps of Old Papers; 
Detached from reality."
鑽水求酥　痴心妄想	"Churning Water, Seeking Butter; 
Wishful thinking."
最上三寶	Supreme Triple Gem
罪業深重　惡貫滿盈	"Grave Offenses; 
Full of unwholesomeness."
左穿右穴　了了分明	"To Know Something Inside and Out; 
Thorough understanding."
坐斷乾坤　超越時空	"Sitting Meditation, Severing Heaven and Earth; 
Beyond time and space."
坐斷十方　泯除分別	"Sitting Meditation, Severing the Ten Directions; 
Extinguishing all discrimination."
坐井觀天　眼界狹小	"Viewing the Sky from the Bottom of a Well; 
Narrow perspective and vision."
坐久成勞　方法不對	"Meditation Fatigue; 
Wrong method."
"坐破蒲團不用功，何時及第悟真空；
真是一番齊著力，桃花三月看飛紅。"	"With no real effort, even wearing out the sitting mat,
There will be no realization of the heart’s true emptiness.
After great effort is applied,
Life will be like the flying colors of the peach blossom in March."
做己貴人　自立自強	"The One Who Helps You Succeed is Yourself; 
Be self-reliant, be strong."
做自己的貴人	The One Who Helps You Succeed is Yourself
作繭自縛　自招苦果	"Tangled in One's Own Net; 
To cause one's troubles."
作如是觀　抱持看法	"One Shall Contemplate as Such; 
To uphold one's view."
作獅子吼　善於說法	"Lion's Roar; 
Eloquent in teaching the Dharma."
作死馬醫　好歹一試	"Treating a Dead Horse; 
Better than not trying."
作賊心虛　內心有愧	"Uneasiness in a Thief's Mind; 
A guilty conscience."
愛與和平祈福音樂會	Love and Peace Prayer Concert
安心悟道	attain awakening
安住身心	1. settle your body and mind; 2. Settle the Body and Mind in Peace
八宗兼弘	promotes all of the Eight Schools of Buddhism
把握當下	seize the present moment
"百川入海，同一鹹味
四姓出家，同為釋氏"	"All waters that flow into the ocean become of the same salinity.
All those of the four classes who enter the Sangha shall share the same name of Sakya."
百劫修相好，三祇修福慧	"It takes a hundred kalpas to perfect the marks of excellence and notable attributes of a Buddha, and three asamkhya kalpas to perfect
one’s virtues and wisdom."
百萬人興學紀念館落成感恩法會	Million-Member Fundraising Campaign Prayer Service of Gratitude
報身	reward body
本具	intrinsically possess
"般若為導，五度為伴
若無般若，五度如盲"	"Prajna is the guide which the other five perfections follow; 
Without it, the other five perfections are blind."
"不拜佛，不妄行一步
不看經，不隨便點燈"	Not taking a step unless it is to venerate the Buddha, and not lighting a lamp unless it is to read the sutras.
不斷大悲種	not severing the seeds of great compassion
不落因果	not subjected to karma
不昧因果	not ignorant to karma
不念舊惡	never hold an old grudge
不怕無明起，只怕覺照遲	Fear not the rise of ignorance, but the lack of awareness.
"不破參，不閉關
不開悟，不住山"	"No realization, no retreat.
No enlightenment, no seclusion."
不問蒼生問鬼神	seeking help from ghosts and spirits rather than people
不要而有	having by not wanting
不著相	detachment from form
不能不信因果	must not live without the belief in cause and effect
不侵犯他人	do not intrude on others
"1) 不染心相觸
2) 不盜人四錢
3) 不斷畜生命
4) 不小妄語
5) 不飲酒
6) 不非時食"	"1) Refrain from coming into contact with the opposite sex with a defiled mind.
2) Refrain from stealing four coins.
3) Refrain from killing animals.
4) Refrain from telling small lies.
5) Refrain from consuming intoxicants.
6) Refrain from eating at inappropriate times."
"不生不滅
不垢不淨
不增不減"	"neither arising nor ceasing, 
neither defiled nor pure, 
neither increasing nor decreasing"
不依規矩，不能成方圓	Without a compass and square, perfect squares and circles could not be formed.
不依國法，則佛法難立	Without adherence to the laws of the state, it is difficult for the Dharma to stand.
菜姑	Caigu
慚恥之服，無上莊嚴	Being clothed with a sense of shame is the foremost adornment.
禪淨共修獻燈祈福法會	Chan and Pure Land Prayer Service
禪修法會	Meditation Retreats
長路相貫──茶馬古道上的人文歷史	Long Roads Together: The Human History of the Ancient Tea Horse Road
常慚愧僧	oft-repenting monk
"常行柔和忍辱法
安住慈悲喜捨中"	"Find joy in gentleness and patience;
Abide in kindness, compassion, joy, and equanimity."
常住大眾	monastery
常住三寶	the Abiding Triple Gem
超度法會	Memorial Dharma Service
初發心菩薩	initial aspiration bodhisattvas
"處處皆自在安樂
時時都歡喜吉祥"	In all places, may you be peaceful and at ease; At all times, may you enjoy happiness and auspiciousness!
穿越時空 ‧ 法寶再現	Timeless Dharma Treasures Reappearing
傳臨濟正宗第四十八世佛光山開山祖師星雲大師圓寂讚頌典禮	Memorial Service of Venerable Master Hsing Yun, the 48th Generation of the Linji School and Founding Master of Fo Guang Shan
吹打焰口調	wind-and-percussion melody of the Yogacara Flaming Mouth Dharma Service
春祭法會	Spring Memorial Dharma Service
此岸彼岸──星雲大師全集讀後	This Shore and the Other Shore—Book Review of the Complete Works of Venerable Master Hsing Yun
"此方真教體，清淨在音聞
欲取三摩提，實以聞中入"	"The essence of this true teaching is purely conveyed in voice and hearing. 
Anyone wishing to attain samadhi shall do so by truly hearing that voice."
"此方真教體，清淨在音聞
欲取三摩提，實以聞中入"	The essence of the true teachings here is purity in hearing; all those who wish to attain samadhi will surely find that hearing is the way to enter.
叢林有什麼？	“What’s in Tsung-Lin?”
打不還手，罵不還口	not to retaliate when one is physically or verbally abused
打得念頭死，許汝法身活	Only by beating your thoughts to death will your Dharma body be allowed to live.
"大馬好—
為國家祈願祝禱及音樂會"	Marvelous Malaysia Music Concert—Blessing for the Nation
大樹下的課堂	Under the Big Tree program
"但願眾生得離苦，
也為自己求安樂"	wishing that all beings be relieved from suffering while searching for peace and happiness for oneself
"當願眾生得離苦，
不為自己求安樂"	wishing that all beings be relieved from suffering without searching for peace and happiness for oneself
登雲路商店街	High Cloud Street Shops
"地獄不空，誓不成佛
眾生度盡，方證菩提"	"I shall not attain buddhahood until all hells are emptied; 
I shall not realize the bodhi vow until all sentient beings are liberated."
奠基	Foundation Laying Ceremony
定業	determined karma
對治百法	100 Remedies (see 百法對治百病)
頓漸一如	both sudden and gradual practices are the same
多聞薰習	deepened impression through accumulated hearing
"咄咄汝好睡，螺螄蚌蛤類
一睡一千年，不聞佛名字"	You sleep deeply, like snails and clams in their shells, sleeping a thousand years without hearing the Buddha’s name.
惡盡曰功　善滿稱德	"Eradicating all evil is called merit; 
Accumulating all goodness is called virtue."
惡口	harsh speech
耳根圓通	Interpenetration of ear faculty
耳不聽，眼不看，心不知	What the ears don’t hear and the eyes don’t see, the mind doesn’t know.
二板一鐘	twice on the board and once on the bell
二槌木魚	Signal to Start Short Walking Meditation
二合堂	Two Merge Classroom
"法本一宗，人有南北
法即一種，見有遲疾"	"The Dharma is inherently one school. It is people who distinguish as northerners or southerners.
There is one Dharma, but it might be a slow or quick process to realize it."
法不孤起　仗境方生	Dharmas do not arise independently, they are conditioned.
法幢不容傾倒，慧燈不可熄滅	The banner of Dharma cannot be toppled. The lamp of wisdom must never be extinguished.
法界一心	The Dharma Realm Is Embodied Within the Mind
法乳	the milk of Dharma
法王座下龍象	eminent and virtuous ones under the seat of the Dharma King
法無頓漸，人有利鈍，故名頓漸	"The Dharma is neither sudden nor gradual.
It is thus named because people have sharp or dull aptitudes."
方便教化	skillful teachings
"風來疏竹，風過而竹不留聲
雁渡寒潭，雁去而潭不留影"	"When the wind blows through scattered bamboos, as soon as it passes, the sound also leaves;
When a goose flies over a winter pond, as soon as it passes, its reflection too flies away."
佛寶讚	Buddha Gem Anthem
佛誕節暨多元文化嘉年華會	Buddha’s Day and Multicultural Festival
佛弟子	Buddhists
佛典故事	videos on Buddhist stories
佛佛道同，光光無礙	Each and every buddha walks on the same path with their radiance unobstructed by one another.
佛光山北美人間學院	FGS North America Humanistic Buddhism Courses
佛光山答謝代表團	Fo Guang Shan Appreciation Delegation
佛光山梵唄讚頌團	Fo Guang Shan Buddhist Choir
佛光山光明大學宿霧藝術學院	Fo Guang Shan Guang Ming Institute of Performing Arts Cebu
佛光山開山57周年全球同步抄經修持	Celebrating the 57th Year of Fo Guang Shan Global Sutra Transcription Event
佛光山開山祖師星雲大師出家紀念日信徒香會	Fo Guang Shan Founding Master—Venerable Master Hsing Yun’s Renunciation Day & Devotees’ Gathering
佛光山開山祖師星雲大師誕辰紀念日供僧法會	Fo Guang Shan Founding Master—Venerable Master Hsing Yun’s Birthday & Sangha Day Offering
佛光山開山祖師星雲大師舍利及法像供奉典禮	"Consecration and Inauguration Service of the Relic and Memorial Statue of
Venerable Master Hsing Yun—Founding Master of Fo Guang Shan"
佛光山開山祖師星雲大師圓寂紀念日	Fo Guang Shan Founding Master—Venerable Master Hsing Yun Memorial Day
佛光山馬來西亞東禪佛教學院	Fo Guang Shan Malaysia Dong Zen Institute of Buddhist Studies
佛光山全體宗委	Fo Guang Shan Board of Directors
佛光山社輔布教師	Fo Guang Shan Community Counselor
佛光山徒眾手冊	Fo Guang Shan Disciples Handbook
佛光世界	A World of Buddha’s Light
佛光書局	Fo Guang Bookstore
佛光體系青年大會師	Fo Guang Shan Youth Summit
佛教海線絲綢之路—新媒體藝術特展	Buddhist Maritime Silk Road—New Media Art Exhibition
佛如良醫	the Buddha as a good doctor
佛事	1. Buddhist endeavor; 2. Buddhist services
佛是人成	Buddhahood is attained by human beings.
"佛說一切法，為治一切心
若無一切心，何用一切法"	"All teachings expounded by the Buddha serve the purpose of remedying all minds;
Without the existence of all minds, such teachings serve no purpose at all."
佛陀的本懷	Buddha’s original intents
佛陀傳—悉達多太子	Siddhartha: The Musical
"佛以一音演說法
眾生隨類各得解"	"The Buddha taught with one voice;
 Sentient beings understood according to their own perspectives."
"1) 佛在世時我沉淪
2) 佛滅度後我出生
3) 懺悔此生多業障
4) 不見如來金色身"	"1) When the Buddha was in the world, I was lost,
2) After the Buddha entered nirvana, I was then born; 
3) I repent for all my many karmic obstacles, 
4) That have prevented me from seeing the Tathagata’s golden body."
佛制	established by the Buddha
福報	merit
福德善緣	meritorious, virtuous, and wholesome conditions
福地福人居	Places of good fortune are taken by people of great merit.
福田僧	monastics as fields of merit
富有恆沙界，貴為人天師	Possessing Richness as Much as Sands in the Ganges Rivers, a Teacher of Humans and Heavenly Beings.
復蔬線上公益路跑	VEGRUN
復興中華文化，佛教不可缺席，尤其在全世界重視中華文化的現今	In the revival of Chinese culture, Buddhism cannot be absent, especially now when the whole world is placing significant importance on Chinese culture.
甘露歌	“Song of the Dharma Nectar”
高僧大德	eminent masters
高雄市榮譽市民證書	Honorary Citizen of Kaohsiung City Certificate
割肉餵鷹，捨身飼虎	sacrificing body and flesh to feed eagles and tigers
「耕耘心田」雲端講座	“Cultivating the Mind’s Field” cloud lectures
共生與共榮	Coexistence and Coprosperity
共識與開放	Consensus and Openness
供佛齋天法會	Offering to the Triple Gem and Celestial Protectors Dharma Service
供僧法會	1. Sangha Offering Ceremony; 2. Ullambana Festival
鼓山調	Gushan melody
關閉六根賊	To seclude the thieving Six Sense Organs
關房	retreat room
觀世音菩薩聖誕紀念日	Avalokitesvara’s Birthday
觀音法會	Avalokitesvara Bodhisattva Dharma Service
觀音靈感歌	“Amazing Guanyin”
光光無礙	Lights Are Mutually Unobstructed
廣結人緣	broadly form good affinities
"國際書展—
永遠從關懷出發不間斷"	Fo Guang Shan Buddha Museum International Book Fair: Never Stop Caring
果從因生，事待理成，有依空立	Effects arise from causes, phenomena emerge from underlying principles, and existence emerges from emptiness.
過午不食	fasting after noon
好的開始，是成功的一半	Well begun is half done.
好苗子人才扶植計畫	The Seeds of Hope talent fostering project
好苗子幸福學堂	Seeds of Hope Schools
和南聖眾	Respecting the Sacred Assembly
和氣致祥	harmony leads to auspiciousness
和顏悅色	peaceful and pleasant countenance
"橫看成嶺側成峰，遠近高低各不同
不識廬山真面目，只緣身在此山中"	"A range from across but a peak from the side,
Far, near, high and low, each a view by sight;
One fails to see Mount Lu’s real face,
All only because right inside Lu he is placed.
"
厚德載福	Virtues Carry Merits
護持正法	protect and uphold the righteous Dharma
花開四季　耕耘心田	Cultivate a Heart that Blooms in All Seasons
化緣	1. asking for donation; 2. lit. bringing forth conditions; 3. building affinities
慧燈可以破諸闇	the light of wisdom can expel all darkness
活菩薩	living bodhisattva
禍兮福所倚，福兮禍所伏	Good fortune follows upon disaster, and disaster lurks within good fortune.
"稽首天中天，毫光照大千
八風吹不動，端坐紫金蓮"	"I bow to the heaven above all heavens, whose aura shines on the great universe; 
Sitting upright on the purple-golden lotus, I remain unmoved by the Eight Winds."
機車環島跟著星雲大師去尋根	Motorcycle Marathon Around the Island in Venerable Master Hsing Yun’s Footsteps
吉祥臥	auspicious recline
"袈裟下失卻人身
地獄門前僧道多"	"Many have lost their humanity under the guise of monastic robes;
Crowds of monastics are often found at the gates of hell."
"見其生，不忍見其死
聞其聲，不忍食其肉
是以君子遠庖廚也"	"Seeing it alive, one cannot bear to witness its death;
Hearing its cry, one cannot bear to eat its flesh.
Therefore, the virtuous keep their distance from the kitchen."
"建寺安僧傳道五洲  猶似蓮花不著水
雲遊世界結緣十方  亦如日月住虛空"	"To establish temples and Sangha, and propagate the way on all Five Continents like the lotus that never touches the water;
To travel the world and broadly establish good affinities like the sun and moon that abide in emptiness."
解脫法門	the teaching of liberation
戒定真香讚	True Fragrance of Precept and Samadhi Anthem
戒臘	Ordination Year
戒條	precept
"戒為無上菩提本，
長養一切諸善根"	Precepts are the foundation of supreme Bodhi and nurture all wholesome roots.
"金剛非堅，願力最堅
虛空非大，心王最大"	"That which is unbreakable is not a diamond but a vow;
That which is boundless is not the void but one’s mind."
"金角落，銀角落，
不及自己一個窮角落"	Whether a house is made of silver or gold, it is still not as good as one’s humble abode.
禁遏妄想心	to restrain the deluding mind
"精進勤於耕耘心田，
四季常栽智慧之花"	Practice diligently for the blooming of wisdom all year round.
淨財	Pure Wealth
淨化三業	purify the three types of karma
糾察師	disciplinarian
救苦救難	1. alleviate living beings from suffering and adversity; 2. relieve people from distress and suffering
"看山是山，看水是水
看山不是山，看水不是水
看山還是山，看水還是水"	"A mountain is a mountain, water is water.
A mountain is no longer a mountain, and water is no longer water.
Mountain is still a mountain, and water is still water."
空有一如	Emptiness and Existence Are One
"孔雀雖有色嚴身，不如鴻鵠能高飛
白衣雖有富貴力，不如出家功德深"	"A peacock may be well adorned with splendid feathers, but still incomparable to a wild goose that can fly long distances. 
A lay person may possess the power of wealth and fortune, but their merit is not as superior as that of one living a monastic life. "
口念彌陀心散亂，喊破喉嚨也徒然	With a scattered mind, you could be screaming Amitabha Buddha’s name at the top of your lungs until you are hoarse, you would still achieve nothing.
苦修	practice of austerities
老菩薩	senior bodhisattvas
離苦得樂	"free from suffering and obtain happiness; transcend suffering and attain happiness; 
escape from suffering, and attain joy"
理上有頓悟，事上要漸修	Awakening is sudden, but practice is gradual.
良藥苦口　忠言逆耳	"Good medicine tastes bitter;
Honest advice is unpleasant to the ears."
梁皇法會	Emperor Liang Repentance Dharma Service
兩舌	divisive speech
了生脫死	transcend birth and death
六度萬行	all practices of the Six Paramitas
"廬山煙雨浙江潮，未到千般恨不消
及至到來無一物，廬山煙雨浙江潮"	"Misty rains of Mount Lu, and tides in Zhejiang, unless really there, a thousand resentments will linger;
Having finally arrived, everything seemed purposeless, still the misty rains of Mount Lu, still the tides in Zhejiang."
律師	Vinaya Master
綠色公益基金會	iPure Green Foundation
論師	Sastra Master
落成法會	Dharma Service for Inauguration
"沒有心開意解，不可閉關
沒有開悟入道，不可住山"	"Without an untangled mind, do not enter into a retreat;
Without an awakened mind, do not live secluded in the mountains."
「迷悟之間」系列	videos on Between Ignorance and Enlightenment
密護根門	guarding the sense organs
"面上無瞋是供養，口裡無瞋出妙香
心中無瞋無價寶，不斷不滅是真常"	"A face without anger is a type of offering;
Speech without anger gives wonderful fragrances;
A heart without anger is like a priceless gem;
The eternal Truth is beyond worldly discrimination."
末法時代，白衣上座	It is the Age of Declining Dharma when lay Buddhists teach.
莫忘初心	do not forget one’s initial vows
"莫嫌佛門茶飯淡
僧情不比俗情濃"	"Complain not of a temple’s bland tea and food;
The sentiment of a monastic is far less strong than that of a worldly person."
納骨塔	columbarium
納骨堂	Columbarium Hall
男菩薩	gentleman bodhisattvas
南美講堂	“South America Lecture Courses”
南天雲課堂	“Nan Tien Cloud Classes”
難調難伏	hard to subdue
難忍能忍，難行能行	tolerate the intolerable and do the undoable
內號	internal name
內外一如	the concepts of inside and outside become as one
"能大能小，能屈能伸
能有能無，能高能低"	"the ability to be both great and insignificant, to know when to yield and when not to; 
to have and not have, to be superior and inferior."
你跑步，我捐糧	You Run, I Give
念而不念，不念而念	recite without the thought of reciting, to not recite yet still be reciting.
念佛法會	Amitabha Dharma Service
"念佛一聲，罪滅河沙
禮佛一拜，福增無量"	"With a single recitation of Buddha’s name, transgressions as numerous as the sands in a river are extinguished;
With a single prostration to the Buddha, immeasurable blessings increase."
念念分明	Perfectly Clear With Every Thought
念僧	contemplating/mindful/chanting the Sangha
涅槃三昧	the Samadhi of Nirvana
女菩薩	lady bodhisattvas
攀緣	clinging to
跑香	walking meditation
翩翩舞廣袖，似鳥海東來	The wide, dancing sleeves move as gracefully as birds flying eastwards from the sea.
平常不做虧心事，夜半敲門心不驚	A clear conscience is a soft pillow.
菩薩低眉　金剛怒目	Bodhisattvas have compassionate brows while vajras hold a terrifying gaze.
"菩薩清涼月，常遊畢竟空
眾生心垢淨，菩提月現前"	"The Bodhisattva is like a clear cool moon, constantly coursing through the ultimate emptiness; 
Once the minds of sentient beings are purified, the bodhi moon shall manifest."
菩薩心，青年力	Bodhisattva Heart, and Youthful Strength
"菩提本無樹，明鏡亦非台
本來無一物，何處惹塵埃"	"Essentially, bodhi is not a tree.
The bright mirror is also not standing;
Inherently, there is no thing,
Where can it attract dust?"
普羅大眾	people in general
綺語	flattering speech
千佛法會	Thousand Buddhas Dharma Service
千僧萬眾祝佛誕，一心十願報母恩	A thousand monastics and ten-thousand devotees Bathing the Buddha Festival coming together to celebrate the Buddha’s Birthday, wholeheartedly vowing to repay the kindness of our mothers.
青年朋友菩薩	young/youth/youthful bodhisattvas
"青青翠竹皆是妙諦
鬱鬱黃花無非般若"	"Lush green bamboo are wondrous truths;
The luxuriant yellow flower is nothing but prajna."
清淨身口意	to purify the body, speech, and mind
清淨無為	Purity and Non-Doing
情與無情，同圓種智	Whether sentient or non-sentient, all will attain the Buddha’s wisdom.
請上堂	Host the Myriad of Beings in the Upper Halls
請下堂	Host the Myriad of Beings in the Lower Halls
慶祝佛誕法會	Buddha’s Birthday Celebrations
秋祭法會	Autumn Memorial Dharma Service
求佛不如行佛	practice the Buddha’s way over seeking the Buddha’s blessings
全球線上佛學會考	Global Online Buddhist Examination
全聽	listen attentively
"人非聖賢，孰能無過
知錯必改，善莫大焉"	"To err is human; 
To correct a mistake is the greatest good."
人飢己飢　人溺己溺	"When others are hungry, I am hungry;
When others are drowning, I am drowning."
"人間池塘—
張大千、文人與荷花藝術大展"	The Earthly Pond: Artwork of Lotus by Chang Dai-chien and Other Artists
人間佛教思想十堂課	The Ten Lectures on Humanistic Buddhism
"人間佛教四個宗要
1. 家國為尊
2. 生活合理
3. 人事因緣
4. 心意和樂"	"The Core Ideas of Humanistic Buddhism:
1. Honor your family and nation;
2. Lead an appropriate lifestyle;
3. Establish right conditions for life and for people;
4. Maintain a harmonious and joyful mind."
人間佛教徒眾短期研究班	Short-Term Monastic Study Program
"人天路上，作福為先
生死海中，念佛第一"	"Cultivating merits come first on the path of the human and heavenly realms;
Chanting the Buddha’s name is the priority in the sea of birth and death."
人我一如	1. Unity Between Self and Others; 2. Self and Others Are One
人我一體	no difference between the self and others
人有利鈍，法無頓漸	People have sharp or dull aptitudes but the Dharma is neither sudden nor gradual.
人中獅子	A Lion Among Humans
仁慈應世　福滿人間	"Face the World with Benevolence and Kindness;
Fill the World with Good Fortune"
仁政仁心	Benevolent Government, Benevolent Mind 
忍苦容易忍氣難	Easy it is to endure suffering but harder to tolerate being wronged.
忍辱柔和	Tolerance and Gentleness
"忍一口氣，風平浪靜
退一步想，海闊天空"	"A moment of patience leads to calm and peace; 
A step in retreat opens up a bigger world."
"日可令冷，月可令熱
佛說四諦，不可令異"	"The moon may turn hot and the sun may grow cold; 
But the Four Noble Truths will never change."
日日觀音	Always a Guanyin
榮的由他榮，枯的由他枯	"Let the one that is flourishing flourish;
Let the one that is withering wither."
肉邊菜	the vegetables in meat dishes
"入道要門，發心為首
修行急務，立願居先
願立則眾生可度，
心發則佛道堪成"	"The most supreme amongst the essential elements to entering the Way is the making of vows; 
the making of vows is foremost in the extensive and important task of cultivation.
Once vows are made, sentient beings can be ferried to the other shore; 
once there is initiative, buddhahood will be reached."
"入世重於出世
生活重於生死
利他重於自利
普濟重於獨修"	"To prioritize this-­worldly issues over other­-worldly transcendence.
To prioritize real life over birth and death.
To prioritize the greater good over the lesser good.
To prioritize universal deliverance over individual liberation."
若不成正覺，誓不起此座	I will not rise from this seat until I become awakened.
若見諸相非相，即見如來	If you see that all forms are not forms, then you see the Tathagata.
若要佛法興，除非僧讚僧	For Buddhism to flourish, monastics must mutually praise one another.
"若以諍止諍，畢竟不得止
唯忍能止諍，是法真尊上"	"Fighting disputes with disputes is a never-ending cycle.
Ending disputes with patience is the true display of Dharma."
若有一人未度，切莫自己逃了	Do not shirk duty if there is even a single person left unliberated.
三寶讚	Triple Gem Anthems
三稱念	Three Mindful Recitations
三個臭皮匠，勝過一個諸葛亮	Two heads are better than one.
三好家庭	Three Acts of Goodness Family
三好四給人間佛教文化節	Ninth Annual 3G4G Festival of Cultural Sharing
三淨肉	eating meat that fulfills the three pure conditions
三千大千世界	trichiliocosm
三人行必有我師	If three people are walking together, one of them must be good enough to be my teacher.
色不迷人，人自迷	There is nothing desirable in form, but people still lose themselves to desire.
色身交給常住，性命付給龍天	Entrust one’s life to the Dharma and devote one’s physical body to the monastery.
僧才	monastic talents
僧戒	monastic precepts
僧伽月	Sangha month
僧如大地，能長養一切善法功德	"The sangha is like the great earth. 
It nurtures all wholesome merit and virtue."
僧如看護	the sangha are like nurses
僧信共有	shared by both monastics and laity
僧信平等、男女平等	equality between monastics and laity and equality between genders
僧眾作品聯展	Joint Exhibition of Monastic Artworks
僧自恣日	Pravarana Day
山川異域　日月同天	"1. Though Mountains and Rivers Are of Foreign Lands; 
The Sun and Moon Are All Beneath the Same Sky.
2. across the mountains, streams, and foreign lands, the sun and moon, all beneath the one sky"
山水人生	1. The Landscape of Life; 2. A Life of Mountain and Water
善巧方便	Skillful and Expedient Means
善聽	listen skillfully
善業惡報	karmic rewards and retributions
"善有善報，惡有惡報
不是不報，時辰未到"	"Wholesome actions lead to wholesome retribution, unwholesome actions lead to unwholesome retribution;
Say not that there are not retributions, it is only matter of time."
善知識	1. virtuous companion; 2. Virtuous Company
上求佛道，下化眾生	striving upwards for buddhahood, but also turning back to liberate sentient beings
燒年香	offering New Year incense
捨我其誰	Who Else But Me
"誰道群生性命微，一般骨肉一般皮 
勸君莫打三春鳥，子在巢中望母歸"	"Who is to speak of the insignificance of animal life; They are just the same flesh and bones.
You are urged not to shoot the spring birds, For the nesting babies await their mother’s return."
身苦心不苦	the body may experience suffering, our mind does not have to
"身是菩提樹，心如明鏡台
時時勤拂拭，莫使惹塵埃"	"The body is a bodhi tree, the mind is like a bright standing mirror;
Diligently clean it at all times, so it does not attract dust.
"
神明聯誼會學術會議	When Buddha Meets the Gods Event Academic Conference
生從何來，死到何處去	Where does life begin, and where will one go after death?
生佛一如	Oneness of Buddhas and Sentient Beings
生公說法，頑石點頭	When Master Daosheng expounds the Dharma, even stones would nod.
生活即是修行	daily life itself is cultivation
十方共有	belonging to the world
十方供養	offerings from the Ten Directions
"十方來，十方去，共成十方事
萬人施，萬人捨，同結萬人緣"	"From the ten directions they come, 
To the ten directions they go, 
By efforts of the ten directions, 
Affairs concerning the world are thus achieved.
From tens of thousands, the giving;
By tens of thousands, the contribution;
With the effort of tens of thousands, 
Universal connections are thus established. "
十年寒窗苦讀	It takes ten years of  perseverance to achieve academic success.
十年磨一劍	It takes ten years to polish a sword.
"十五上燈，十八落燈
十九算帳，二十動身"	"Lanterns are lit on the 15th day of the Lunar New Year and extinguished on the 18th. 
Scores are settled on the 19th and journeys begin on the 20th."
石中之火，不打不發	Fire within a stone can only be sparked when hit.
識自本心，見自本性	understands the intrinsic mind and realizes the intrinsic nature
世間無常，國土危脆	This world is impermanent and nations are dangerous and fragile.
世界一家	One World, One Family
世界最多佛像與神像同時聚集的全球多元宗教聯誼會	Global Multireligious Reunion Attended by the Greatest Number of Deities in the World
事相	phenomenon
蔬食A計畫	Vege Plan A
"數點浮萍容不得
如何肚裡好撐船"	If one cannot tolerate even bits of duckweed, how can one be expected to hold a ship within the mind?
水懺法會	Samadhi Water Repentance Service
水陸法會	Water and Land Dharma Service
水陸無遮大會	Water and Land Dharma Service
絲路光華—敦煌石窟藝術特展	Silk Road Splendor: Dunhuang Cave Art Exhibition
四大不調	the Four Elements are unbalanced
四大堂口	Four Main Halls
"四化的理念
1. 僧信平等化
2. 佛法人間化
3. 生活書香化
4. 寺院本土化"	"Four Trends:
1. Equality between monastic and lay Buddhists;
2. Humanization of Buddhist Teachings;
3. Reading for Life;
4. Localization of Buddhist Monasteries"
四念處	Four Stages of Mindfulness
四維八德	Four Moral Standards and Eight Virtues
"四正勤
1. 未生惡令不生
2. 已生惡令斷除
3. 未生善令生起
4. 已生善令增長"	"Four Right Efforts:
1. To prevent unwholesome states that have not yet arisen;
2. To end unwholesome states that have already arisen;
3. To develop wholesome states that have not yet arisen;
4. To strengthen wholesome states that have already arisen."
寺院就是學校，住持就是校長	a monastery is a school and its abbot, the principal.
寺院是人生的加油站	A temple is life’s gas station.
宿因	Past Causes
隨犯隨制	each violation brings about a new rule
隨喜功德	the merit of rejoicing
隨緣合眾	going with conditions and being in harmony with others
塔院	columbarium pagoda
台灣情　中國夢	Taiwan Heart, China Dream
泰華佛典翻譯中心	Thai-Chinese Buddhist Texts Translation Center
"泰山不辭土壤
大海不拒細流"	"Mount Taishan is the highest because it does not reject even the smallest heaps of soil;
The sea is deep because it does not block out any narrow streams."
天龍八部	the Eight Groups of Heavenly Beings
天上天下，唯佛最尊	The Buddha is the uniquely honored one in the world.
"天下唯心，法界悠然
盡未來際，佛在心裡"	"The world is but a creation of the mind, so is the Dharma realm. 
Even into the infinite future, the Buddha will always be in my heart."
天有天道，地有地道，人有人道	Heaven, Earth, and Humanity each has its laws.
條條大路通長安	All roads lead to Rome.
鐵打常住流水僧	The monastery always stays, yet the monastics come and go.
突吉羅	duskrta
退居老和尚	Retired Most Venerable Elder
退心	give up
萬般帶不去，唯有業隨身	"Upon death, there is nothing you can bring with you; 
Only karma follows wherever one goes."
萬佛法會	Ten-Thousand-Buddhas Dharma Service
萬佛沙彌戒	Ten-thousand Buddha Sramanera Precepts
萬貫家財，不及一技隨身	Millions in wealth cannot compare to a skill acquired.
"往昔所造諸惡業
皆由無始貪瞋痴
從身語意之所生
一切我今皆懺悔"	"All unwholesome karmas created in the past,
Are created by greed, anger, and ignorance,
Arising from physical, verbal, and mental deeds,
Now, for all of them, I shall repent."
未成佛道，先結人緣	"Before attaining Buddhahood, 
one must first develop good affinities."
未來與希望—雲講堂	Future and Hope: Cloud Lecture Hall
"為新型肺炎疫情
向觀世音菩薩祈願文"	“A Prayer to Avalokitesvara Bodhisattva for Safety from the Coronavirus Outbreak”
問政不干治	to care about political affairs without interference
我不如老農，不如老圃	I cannot compare to the old farmer or the old gardener.
"我不入地獄，誰入地獄
地獄不空，誓不成佛"	"If I do not enter hell to liberate the beings there, who will? 
I shall not attain Buddhahood until hell is empty."
我不是「呷教」的和尚	I Am Not a Monk “Sponging Off” Buddhism
我是佛光山	I am Fo Guang Shan.
"我一輩子只做一件事，
就是把出家人做好"	Throughout my entire life, I have only focused on doing one thing, that is, to play the role of a monastic well.
無量光華	Infinite Light
無明為父、貪愛為母	Ignorance as one’s father, and greed as one’s mother.
無我	1. selfless; 2. No Self
無緣大慈，同體大悲	Cultivate unconditional loving-kindness and universal compassion.
無住而住	1. abiding in non-abiding; 2. Abiding in Non-Abidance
"五常
1. 仁
2. 義
3. 禮
4. 智
5. 信"	"Five Constant Virtues:
1. Humaneness;
2. Righteousness;
3. Propriety;
4. Wisdom;
5. Integrity"
五大施	Five Mahadanas/Five Great Offerings
五福臨門	May the Five Blessings arrive at this home.
"五和
1. 自心和悅
2. 家庭和順
3. 人我和敬
4. 社會和諧
5. 世界和平"	"Five Harmonies:
1. Individual harmony achieved through joy;
2. Family harmony achieved through deference;
3. Interpersonal harmony achieved through respect;
4. Social harmony achieved through cooperation;
5. World harmony achieved through peace"
五趣流轉，六道輪迴	transmigration within the Five Destinies and cyclic existence within the Six Realms
五堂功課	Five Sessions of Daily Practices
"溪聲盡是廣長舌
山色無非清淨身
夜來八萬四千偈
他日如何舉似人"	"The babbling creeks are the broad, long tongue; The scenic mountains are nothing but the pure body.
Nightfall brings eighty-four thousand gathas; In the days ahead, how to present them to others?
"
先天下之憂而憂，後天下之樂而樂	Regard as one’s top concern the state’s affairs, and place as one’s last goal one’s own enjoyments.
消災法會	Dharma Service for Eradicating Calamities
消災增福慧	eradicate misfortunes and increase merit and wisdom
小菩薩	little bodhisattvas
小疑小悟，大疑大悟，不疑不悟	"Small questions lead to small awakenings;
Major questions lead to major awakenings;
While no questions lead to no awakening."
孝道月	Meritorious Month
邪信	wrong faith
心的造作	the workings of the mind
"1) 心地無非自性戒
2) 心地無痴自性慧
3) 心地無亂自性定
4) 不增不減自金剛
5) 身去身來本三昧"	"1) When the mind is without wrong, this is the discipline of intrinsic nature. 
2) When the mind is without ignorance, this is the wisdom of intrinsic nature. 
3) When the mind is without distraction, this is the meditative concentration of intrinsic nature. 
4) Not increasing and not decreasing, the self is a vajra. 
5) The coming and going of this body is inherently samadhi."
心佛不二	The Mind and Buddha Are No Different
心、佛與眾生，是三無差別	The mind, the Buddha, and all sentient beings are all one and the same.
心淨國土淨	When the Mind Is Pure, the Land Is Pure
心量無限	the mind is infinitely magnanimous
"心平何勞持戒
行直何用參禪"	"With an even mind, why bother upholding precepts?
With an upright practice, why meditate?"
心如虛空	Mind Is Like the Vast Emptiness
心生歡喜	Joy Arises from the Heart
"心生，則種種法生
心滅，則種種法滅"	"When the mind arises, all phenomena arise.
When the mind ceases, all phenomena cease."
心外求道	seek beyond the mind for the truth
"心性本淨，本來是佛
識心見性，即可頓悟成佛"	"The mind is inherently pure and intrinsically a buddha.
By knowing the mind and seeing the intrinsic nature, one will awaken suddenly and become a buddha."
心有大千	Embrace the World with Your Heart
心中有佛	Be Mindful of the Buddha
"心中有佛將心念
念得心空及第歸"	"The mind has the Buddha so recite Buddha with the mind;
Recite until the mind is empty and thus true attainment gained."
新寶橋	“new” Treasure Bridge
新春法會	Lunar New Year Dharma Service
新戒菩薩	new preceptee bodhisattvas
"新四化的想法
1. 會務制度化
2. 信仰專一化
3. 活動藝文化
4. 運用現代化"	"Four New Trends:
1. Systemization of the Association’s Affairs;
2. Unification of Beliefs;
3. Art and Literature for Activities;
4. Modernization of Application"
信受奉行	believe in, accept, and uphold the Dharma
信為道源功德母，長養一切諸善根	Faith is the mother of all merits which nurtures all roots of virtue.
"星雲大師紀念學術論壇—
佛教海線絲綢之路暨
佛陀紀念館十周年新書發布會"	Venerable Master Hsing Yun Memorial Academic Conference—Buddhist Maritime Silk Road and Fo Guang Shan Buddha Museum 10th Anniversary Book Launch Conference
"星雲大師人間佛教
理論實踐研究學術研討會"	Academic Conference on the Theory and Practice of Venerable Master Hsing Yun’s Humanistic Buddhism
星雲大師影音弘法	“Venerable Master Hsing Yun’s Audiovisual Dharma Teachings”
星雲大師雲端隨身聽	“Master Hsing Yun’s Audio Book”
星雲說喻中英對照版	Bodhi Light Tales
星雲文化教育公益基金會	Master Hsing Yun Public Education Trust Fund
行道天下　福滿人間	Every Journey in this World Is a Path to Happiness
行腳雲遊	learning through travel
"修福不修慧，大象披瓔珞
修慧不修福，羅漢應供薄"	"To cultivate merit without developing wisdom is like an elephant wearing a jewel necklace.
To develop wisdom without cultivating merit is like an arhat who rarely receives offerings."
修行要修心	Practicing the Dharma requires cultivating the mind.
"修行則勤勞暫時，安樂永劫
懈怠則偷安一世，受苦多生"	"Temporary is the arduousness of spiritual cultivation, prevalent is the arosen diligence, and forever the tranquility.
Laziness may win a lifetime of ease, only to be followed by many lifetimes of suffering."
延生普佛	Longevity Dharma Service
"眼睛沒有心，就視而不見
耳朵沒有心，就聽而不聞"	Without the mind, one sees with a blind eye and hears with a deaf ear.
要學佛道，先結人緣	Before one learns the Buddha’s Way, one must first form affinities with others.
藥師法會	Medicine Buddha Dharma Service
依止大和尚	Refuge Master
一步登天	instant accomplishment
一個不算少，萬億個不算多	One is not necessarily less, and neither is a billion many.
"一個人寧可以什麼都沒有，
但是不能沒有慈悲"	One can be without anything, but never without kindness and compassion.
一就是多，多就是一	One is many, many are one.
一念不生	1. Not a Single Thought Arising; 2. Not a Single Thought That Arises
"一念生淨信者，如來悉知悉見
是諸眾生得如是無量福德"	For a person who has one thought of pure belief, the Tathagata fully knows and fully sees that those sentient beings will attain such limitless merit.
一切眾生皆有佛性，皆得成佛	all sentient beings have the buddha-nature, and can all attain buddhahood
"一寺九門天下少，
兩廊十殿世間稀"	A temple with nine gateways and ten halls is a rarity in the world.
一悟明大千	the great illumination of the universe
一醉解千愁	the state of drunkenness to escape reality
以出世的思想做入世的事業	engage in worldly pursuits with a detached perspective
以法為家	to take the Dharma as one’s home
以和為貴	Peace is priceless.
以人為本、以眾為我	to put others before oneself and treat others as oneself
以師志為己志，師心為己心	regarding our teacher’s aspirations and mindset as our own
以無情對有情，以無理對有理	treat what is sentimental by being unfeeling, and deal with what is reasonable by being unreasonable
一筆字書法展	One-Stroke Calligraphy Exhibition
一闡提也能成佛	even icchantikas can attain buddhahood
一等教育專業獎章	First-Class Professional Education Medal
一江春水向東流	A river of spring water flowing east.
一時	one time
一頭霧水	Misty-Minded
義工護照	volunteer passport
義工菩薩	volunteer bodhisattvas
因果不二	cause and effect are non-dual
因緣和合	dependent on causes and conditions
因中有果，果中有因	Every cause will yield an effect, and every effect will give rise to a new cause.
應身	manifest body
友善校園獎—卓越學校	Friendly Campus Award for Outstanding Schools
有容乃大	Tolerance Makes Greatness
有捨才能得	To give is to gain
有形歸無形、有為歸無為	All forms can be seen as formless, and all conditioned phenomena as unconditioned.
"1) 有衣有食為何因？
前世茶飯施貧人
2) 無食無穿為何因？
前世未施半分文
3) 穿綢穿緞為何因？
前世施衣濟僧人
4) 相貌端嚴為何因？
前世採花供佛前"	"1) Why is that one has clothes and food? It results fromoffering tea and rice to the poor in the past. 
2) Why is that one does not have clothes and food? It results from not even offering half a coin in the past.
3) Why is that one can wear silk and satin? It results from offering robes to monastics in the past. 
4) Why is that one has dignified features? It results from offering flowers to the buddhas in the past."
愚者也有一得	even a fool can provide one good advice
雨花精舍	Yuhua Vihara
與佛同行	Walk With the Buddha
與佛同行—發現佛陀的故鄉	Walking with the Buddha: Discovering the Natal Landscape of the Buddha Exhibition
"欲知前世因，今生受者是
欲知來世果，今生做者是"	"Present life experiences are the results of deeds in the past life.
Present life deeds will be the cause of future life experiences."
"鬱鬱黃花無非般若
青青翠竹皆是法身"	"Luxuriant yellow flowers are nothing but prajna.
Lush green bamboos are the wondrous Truth."
冤親	foes and kin
緣結十方	Develop Connections with All
"願斷一切惡
願修一切善
誓度一切眾"	"I vow to eradicate all unwholesomeness,
I vow to practice all wholesomeness,
I vow to liberate all beings."
雲端浴佛	Fo Guang Shan Virtual Bathing of the Buddha
雲水僧	itinerant monastic
雲水自在　祥和歡喜	May You Be Free as Cloud and Water, Auspicious and Joyful
"在家懶惰，失於俗利
出家懈怠，喪於法寶"	"If laypeople are lazy, they lose the benefits of the mundane world.
If monastics are indolent, they lose the Dharma Gem."
在家信眾	lay devotees
早安佛光	“Good Morning Fo Guang”
"責人之心責己
恕己之心恕人"	"Reproach yourself the way you reproach others;
Forgive others the way you forgive yourself"
齋姑	zhaigu
齋會	vegetarian meal assembly
朝朝共佛起，夜夜伴佛眠	Wake up with the Buddha every morning, and fall asleep with the Buddha every evening.
真空生妙有	wondrous existence arises from true emptiness
正思、善思、淨思、細思	reflect correctly, skillfully, purely, and comprehensively
正行	right action
"知足之人，雖臥地上，猶如天堂
不知足者，雖處天堂，亦如地獄"	"A contented person, though they may sleep on the floor, would still feel like they were in heaven. 
A discontented person, though in heaven, would still feel like they were in hell."
直下承擔	1. shoulder the responsibility; 2. Immediate Acceptance of Responsibilities
直指人心，見性成佛	directly point to one’s mind, and see one’s nature to attain buddhahood
止住	abide
智慧權巧	skillful wisdom
中華傳統宗教總會幹部成長營	Chunghua Federation of Traditional Religious Associations Leadership Training Seminar
"中華團結
萬家生佛
社會和諧
人民安樂"	Unity of the Chinese people, let there be Buddha in every family, social harmony, and happiness for the people.
"終日尋春不見春
芒鞋踏破嶺頭雲
歸來偶把梅花嗅
春在枝頭已十分"	"1. Spending all day looking for spring without seeing spring;
Wearing out the straw sandals on these cloudy peaks.
Upon return, I casually sniff the plum blossoms;
Only to realize that Spring is already fully on the branch tips.;
2. The whole day spent looking for spring but not seeing spring;
Straw sandals worn out on cloud-covered peaks.
Return to casually sniff the plum blossoms;
Spring is already fully on the branch tips."
種善因得善果、種惡因得惡果	wholesome causes reap wholesome effects, while unwholesome causes reap unwholesome effects
"種一收十
種十收百"	"Plant one and harvest ten;
Plant ten and harvest a hundred"
眾人不請，友而安之	be a friend who offers support without being expected
眾緣和合	conditions will come together; harmonious coexistence; harmony and unity
"諸惡莫作
眾善奉行
自淨其意
是諸佛教"	"Do nothing that is unwholesome.
Do all that is wholesome.
Purify the mind.
This is the teaching of all buddhas."
"轉惡為善、轉迷為悟、
轉妄為真、轉識成智。"	Transform a mind of unwholesomeness to wholesomeness, ignorance to enlightenment, delusion to the truth, and consciousness into wisdom.
自度度他，自利利人	simultaneously liberate and benefit self and others
自覺、覺他、覺行圓滿	the awakening of self, the awakening of others, and the awakening of perfected conduct
自覺行佛	Self-Awareness and Practice the Buddha’s Way
自行三寶	Intrinsic Triple Gem
自性三寶	Intrinsic Triple Gem
"宗教融和—
世界神明聯誼會論文集"	Religious Syncretism: Collection of Papers on When Buddha Meets the Gods Event
"走出去，就有希望
走出去，就有未來"	Hope and a bright future come with willingness to reach out.
最初三寶	the Original Triple Gem
尊證師	Witnessing Masters
"昨日之我，已非今日之我
今日之我，亦非明日之我"	"I am not who I was yesterday.
I am not who I will be tomorrow."
"坐破蒲團不用功
何時及第悟心空"	"Try meditating absent-mindedly and wear out the sitting mat;
See if emptiness and enlightenment are ever within reach."
作息	routines
一心	single-mindedly
一心一意	single-mindedness
一心不亂	state of undisturbed single-mindedness
一心不二	single-mindedly
一念三千	The Three Thousand Realms are Within One Moment of Thought
一念之間	A Moment of Thought
一水四見	The Same Water Is Perceived in Four Ways
一滴水	A Drop of Water
三學增上	The Threefold Training Helps One Advance
上善若水	The Highest Form of Benevolence Is Gentle Like Water
不二法門	The Dharma Gate of Non-Duality
不忘初心	Never Forget One’s Initial Aspirations
不請之友	Be an Uninvited Helper
九品蓮	Nine Stages of Lotus Incarnation
人和	Interpersonal Harmony
人生如畫	Life Is Like a Painting
人貴知心	A Friend Who Knows You is Most Valuable
人間淨土	Pure Land on Earth
仁山智水	Benevolent as a Mountain, Wise as Water
仁者無敵	The Benevolent Has No Enemy
以戒為師	Regard Precepts as the Teacher
佛光法水	Buddha’s Light and Dharma Stream
佛國淨土	Buddha's Light Pureland
佛心	Buddha’s Mind
佛法為家	Home Is Where the Dharma Is
佛道	the Buddha Way
信解行證	Faith, Understanding, Practice, and Attainment
光明在望	Hope Is Within Reach
光明藏	The Treasure of Light
光照大千	Light Shines on the Universe
六時吉祥	The Six Periods of Auspiciousness
六根互用	Cooperation Between the Six Sense Organs
功果圓滿	Perfect Fruit of One’s Efforts
勤能補拙	A Lack of Talent Can Be Made Up by Hard Work
千山萬水	Over Mountains and Across Rivers
合掌人生	A Life of Joined Palms
吉祥	auspicious blessings
和而不流	Peaceful Coexistence Without Going with the Flow
問訊	half bow
善巧	Skillful
善惡	Wholesome and Unwholesome
善根	Wholesome Roots
喜捨	joyful giving
回頭是岸	Turn Around to Salvation
地水火風	Earth, Water, Fire and Wind
增上緣	Positive Conditions
大巧若拙	The Wise Appears Slow-Witted
大慈大悲	Great Loving Kindness and Great Compassion
大機大用	The Greater the Capability the Greater the Achievement
天地人	heaven, earth, and humans
天地人和	Harmony between People and Nature
天地人心	A Mind Like Earth and Heaven
天地無私	Selflessness Like Heaven and Earth
天堂路	road to heaven
天心月圓	The Heart of Heaven Is as Round as the Full Moon
如意安康	Fulfilled Wishes, Safety, and Health
妙吉祥	Wondrous Auspiciousness
妙心	A Wondrous Mind
妙心吉祥	A Wondrous Mind Brings Auspiciousness
學愚	Learn to Conceal Your Wisdom
守正守道	Abide by What Is Right, and Abide by the Way
安心	Settle One's Mind
安心立命	Settle One's Mind and Establish One's Role
安忍	Patience
安然	Peacefulness
宗風	FGS Philosophy
寂靜	tranquility
廣結善緣	broadly develop good affinities
彈指	Click of the Finger
往好處想	Think Positively
從善如流	Forge Ahead in Doing What Is Right
心如明鏡	A Mind Clear as a Mirror
心如淨蓮	A Mind Pure as a Lotus
心如秋月	The Mind is Like the Autumn Moon
心心相印	heart-to-heart connection
心海慈航	A Ferry of Compassion in the Mind's Ocean
心無罣礙	An Untroubled Mind
心燈亮了	Light of the Mind Is Illuminating
心生萬法	all dharmas arise from the mind
心開意解	All Queries Resolved and Knots Untangled
心香	A Fragrant Mind
悟無生忍	Awaken to Non-Arising Tolerance
悟道	to awaken to the truth
惜緣	Cherish Affinities
愚拙	Wisdom Disguised as Slow-Wittedness
慈眼視眾生	Regard Sentient Beings with Compassion
慚愧	humility
應化	manifestation in response
應無所住而生其心	to give rise to a mind that does not abide in anything
我是佛	I am a buddha
戒定真香	The True Fragrance of Precept and Samadhi
托缽	Alms-Begging
收放自如	Maintain Control of Every Step Forward and Backward at Perfect Ease
放眼天下	Set One’s Eyes on the World
施無畏	The Giver of Fearlessness
明心見性	to realize the mind and see one's true nature
明鏡台	Bright Mirror Stand
景德傳燈錄	Jingde Records of the Transmission of the Lamp
智仁勇	Wisdom, Benevolence and Courage
智慧海	sea of wisdom
有佛法就有辦法	Where there is dharma, there is a way
本來面目	original face
本立道生	The Path Is Found once the Basis Is Established
柔軟心	A Soft and Gentle Heart
業力	karmic effect
止觀	calming and contemplating
正命	right livelihood
永不退票	Never go back on our promises
求人不如求己	it is better to help yourself than to seek help from others
河沙妙德	Wonderful Virtues as Numerous as the Sands in the River
法依止	rely on the Dharma
法同舍	Dharma abode
法忍	patience attained through Dharma
法水流心	The Dharma Stream Flows into the Heart
法水長流	Dharma Water Continuously Flows
法爾如是	Dharma as It Is
法華	Dharma Flower
法雨生春	Dharma Rain Brings Spring
法音宣流	Voice of the Dharma Spreads
洞然明白	revealed in perfect clarity
活出希望	Live with Hope
海納百川	The Ocean Accepts All Waters
淨念	Pure Thoughts
清涼自在	Remain Calm and at Perfect Ease
無住	non-abiding
無心	No-Mind
無念	No Thought
無畏	fearless
無諍	No Disputes
無量壽	infinite life
無門	Gateless
無門關	The Gateless Gate
燒頭香	to burn the first incense
爐香讚	Praise of the Incense Censer
玄關	entrance
琉璃世界	Pure Land of Crystal Radiance
生活美學	The Aesthetics of Life
發心	Resolve
皆大歡喜	A Win-Win for All
真如性海	True Thusness, Ocean of Nature
真如海	Ocean of True Thusness
真實義	true meaning
真空妙有	True Emptiness and Wondrous Existence
知行合一	Unity of Understanding and Practice
知足常樂 能忍自安	Contentment Brings Constant Happiness; Patience Naturally Brings Peace
祥和歡喜	Harmony and Joy
福德因緣	meritorious causes and conditions
福滿人間	A World Filled with Good Fortune
福田	field of merit
禪心	Chan mind
禪心佛道	The Chan Mind, the Buddha Way
空有不二	Non-Duality of Emptiness and Existence
立志	Aspire
精舍	vihara
經律論	sutra, vinaya, and abhidharma
緇素	monastic and laity
緣	Condition
總持	to hold to the good, total retention
習氣	habitual tendency
自在	carefree
自在人生	A Carefree Life
自覺	self-awareness
與人為善	Be Kind to Others
與時俱進	Keep up with the Times
萬家生佛	Buddha Is in All Families
萬德莊嚴	Boundless Virtues and Solemnity
薰習	influence
行雲流水	Be Like Floating Clouds and Flowing Water
觀心自在	Remain Carefree by Observing the Mind
身心自在	Be Carefree in Body and Mind
造口業	to commit verbal karma
道在心中	The Path Is in the Mind
道由心生	The Path Is Found Within the Mind
遷單	to expel
醍醐	clarified butter
量大福大	The Greater the Mind the Greater the Fortune
金光明心	Mind of Golden Light
金玉滿堂	A House Full of Gold and Jade
開光	inauguration
開悟	to awaken
降伏	to subdue
隨喜	to rejoice [in the welfare of others]
雲水	cloud and water
靈感	inspiration
靜心	Tranquil Mind
靜慮	Quiet Contemplation
頭陀	austerities
養德	Foster Virtue
饒益有情	to benefit sentient beings
饒舌	Superfluous Talk
首座	chief
香水海	Ocean of Fragrant Water
香積廚	Kitchen of Fragrance
龍象	dragon and elephant
菩提心	bodhi mind
雲水天下	Travel Like the Clouds and Water
安身立命	settle down and get on with one's pursuit
