阿鼻地獄　極端痛苦	"Avici Hell; 
Extreme sufferings."
阿彌陀佛	Amitabha Buddha
阿彌陀佛　萬德洪名	"Amitabha Buddha; 
Name of boundless merit."
阿僧祇刼　不可計數	"Asamkya Kalpa; 
Immeasurable."
愛見煩惱　飛蛾投火	"Clinging and Vexation; 
Like a moth in the fire."
愛拼才會贏努力成功	Strive in Order to Win: strive hard to succeed
愛中你我同心緣夢	Love: you and I, heart-to-heart affinities
矮子看戲　人云亦云	"Blocked View of the Stage; 
To blindly cheer along with others"
安份守道	Abide By the Path and Fulfill One's Duty
安家樂業　恬淡知足	"Settled at Home, Satisfied at Work; 
Content with a simple life."
安靜在沸騰動靜一樣	Silent but Loud: movement and stillness are the same
安樂富足	Peace, Joy, Wealth, and Abundance
安寧	Tranquility
安平	Safety and Peace
安然	Peaceful
安然一如	Peace in its True Form
安忍	Patience
安善自得	At Perfect Ease With Being Good
安身立命	Settle Oneself and Establish One's Duties
安身立命　寄託心要	"Settle Oneself and Establish One's Duties; 
To trust the core teachings."
安心	Settle One's Mind
安心立命	Settle One's Mind and Establish One's Role
安心自在	A Peaceful Mind Brings Perfect Ease
安於無諍	Settle With No Disputes
安住身心	Settle the Body and Mind in Peace
安住身心　不為境轉	"Settle the Body and Mind in Peace; 
Undisturbed by one's surroundings."
八不中道　緣起法義	"Eight Negations of the Middle Way; 
Doctrine of Dependent Origination."
八大金剛　佛門護法	"Eight Great Vajras; 
Dharma protectors."
八方成全	Help Others Be Accomplished in Every Aspect
八風不動　不隨境轉	"Unmoved by the Eight Winds; 
To be unswayed by external conditions."
八功德水　殊勝潔淨	"Waters with Eight Attributes; 
Excellent and pure."
八面玲瓏　處世圓滿	"Beautiful from All Sides; 
Handled to the satisfaction of all."
八萬四千　為數眾多	"Eighty-Four Thousand; 
Of boundless and immeasurable extent."
八字打開　沒有秘密	"As if a Fortune Foretold; 
All secrets revealed."
拔刀相助　道德勇氣	"Stand Up for Others; 
With morality and courage."
把定封疆　斷絕對待	"To Establish Borders
Severing all relations."
把定世界　超越對立	"Seeing Through the World; 
Transcending opposites."
把斷咽喉　截斷知見	"Cut-Throat Determination; 
To sever all perceptions and views."
把火燒天　異想錯誤	"Setting the Sky on Fire; 
Erroneous thinking."
拔舌地獄　口業太重	"Tongue-Tearing Hell; 
Serious offenders of verbal karma."
把思念託付小雨自然纏綿	Entrust My Thoughts to the Rain: embracing nature
把素持齋　健康飲食	"To Uphold Vegetarianism; 
A healthy diet."
百尺竿頭　更進一步	"Reaching Higher than the Top of the Bamboo; 
To go above and beyond."
百醜千拙　窮形畢露	"Make a Fool of Oneself; 
To expose one's ungainliness."
百福吉祥	A Hundred Fortunes and Auspiciousness
百福莊嚴	With Abundant Merits and Solemnity
白毫之賜　珍寶相贈	"Blessings from the White-Curled One; 
Precious gifts."
百界千如　聖凡一體	"One Hundred Realms and One Thousand Thusness; 
Sages and ordinary beings are one."
白衣拜相　出人頭地	"From Rags to Riches; 
Head and shoulders above the rest."
白衣蒼狗　世事無常	"Fickle Weather; 
Impermanence of all."
白玉無瑕　沒有缺點	"White and Flawless Jade; 
Impeccable."
"白雲堆裏古家風，
萬里霜天月色同；
林下水邊人罕到，
方知吾道樂無窮。"	"Within Mounds of White Snow, the Old School Tradition
Within mounds of white snow, the old tradition,
Across an endless frosty sky, a moon just as pale;
Within forests, along rivers, scarcely visited sites,
Only then is the inifinite joy of the Way attained."
白雲萬里　心外求法	"White Clouds Across Ten Thousand Miles; 
Seeking the Dharma outside of the mind."
半偈捨身　為法忘軀	"To Sacrifice One's Life for Half a Gatha; 
To forget oneself for the sake of the Dharma."
半斤八兩　不相上下	"Six of One, Half Dozen of the Other; 
About the same."
半路出家　中年入道	"Midlife Renunciation; 
To enter the Way later in life."
半夢半醒之間似真似假	Between Wake and Dream: true yet false
半青半黃　尚未成熟	"Half Green and Half Yellow; 
Not ripe yet."
半信半疑　真假難辨	"Between Belief and Doubt; 
Hard to distinguish the real from the false."
薄地凡夫　人間眾生	"Ordinary Beings from Infertile Land; 
Sentient beings in this world."
包青天審案公平正義	Justice Bao: judge of fairness and justice
寶山空回　鎩羽而歸	"Return from Treasure Mountain Empty-Handed; 
Failure and disappointment."
寶相莊嚴　相好圓滿	"Precious, Adorned Appearance; 
Perfect and wonderful form."
報應不爽　不滅因果	"Karmic Retributions at Work; 
Cause and effect do not disappear."
抱贓叫屈　惡人告狀	"Claim Innocence While Holding Stolen Property; 
A culprit's accusation."
背塵合覺　捨迷歸真	"Leaving Defilement, Blending with Enlightenment; 
Abandoning delusions and returning to Truth."
背覺合塵　不思解脫	"Leaving Enlightenment, Blending with Defilement; 
Not thinking of liberation."
被遺忘的時光經常夢想	Forgotten Times: always dreaming
悲智雙運	Practice Compassion and Wisdom Simultaneously
悲智願行	Compassion, Wisdom, Vow, and Practice
悲智願行　名山菩薩	"Compassion, Wisdom, Vow, and Practice; 
The Four Great Bodhisattvas."
本地風光	Brilliance of the Original State
本地風光　一切照舊	"Local Scenery; 
All as usual."
本來面目	Original Face
本來面目　真如自性	"Original Face; 
Our true intrinsic nature."
本立道生	The Path is Found Once the Basis is Established
本命元辰　自我本性	"Born With It; 
The true intrinsic self."
本然清淨	Naturally Pure
"本無一事可思求，
平地風波信筆收；
從地倒時從地起，
十方世界任優游。"	"Originally with not a single thing to seek,
Letters arrive for disputes over a flat land;
Get back on your feet from where you fall,
The world would then be yours to roam."
本自圓成	Inherently Complete
筆底春風　文彩優美	"The Spring Breeze Inspires the Writing Brush; 
Displaying literary elegance."
閉關自守　多有不便	"Closed-Door Policy; 
Many restrictions."
閉門造車　出門合轍	"To Build a Cart Behind Closed Doors; 
All according to plan."
鼻孔朝天　心高氣傲	"Turn Up One's Nose; 
Proud and arrogant."
避溺投火　抱薪救火	"To Avoid Drowning by Leaping into the Fire; 
To go from bad to worse."
辯才無礙　能言善道	"Supreme Eloquence; 
Articulate and persuasive."
標新立異　見解獨特	"Unconventional; 
Unique in one's understanding."
別具隻眼　觀察入微	"Astute Perspective; 
Down to the last detail."
冰消瓦解　一切空無	"Dissolve Like Ice; 
Utter emptiness."
般若心經名家演唱	Heart Sutra: sung by masters
般若性海	Prajna Wisdom and Ocean of Nature
撥草瞻風　明察秋毫	"To Observe Wind Through the Movement of Grass; 
Awareness of the finest details."
撥無因果　否定報應	"To Deny Cause and Effect; 
To negate karmic retribution."
撥雲見日　重見光明	"Clear the Clouds to See the Sky; 
To see the light again."
撥著便轉　受到啟發	"Struck with Insight; 
Sudden inspiration."
缽盂安柄　多此一舉	"Put a Handle on a Bowl; 
To do more than is required."
步步蓮花　漸入佳境	"Lotuses Appearing at Each Step; 
Gradual improvement."
不動如山	Be As Steady As the Mountains
不動心也	The Unmoving Mind
不二法門	The Dharma Gate of Non-Duality
不二法門　萬法一如	"The Gate of Non-Duality; 
All dharmas are the same."
不垢不淨　不生分別	"Neither Pure nor Impure; 
Not differentiating."
不即不離　行事中道	"Neither Close nor Far; 
Practice the Middle Path.
"
"不結善緣結惡緣，
苦貪名利受熱煎；
豈知住世金銀寶，
借汝閒看幾十年。"	"Making unwholesome affinity instead of wholesome ones,
One shall suffer from greed for wealth and fame;
Know of all worldly fortunes as such:
They are none other than decades of transient views."
"不經一番寒徹骨，
怎得梅花撲鼻香；
直饒熱得人流汗，
荷池蓮蕊也芬芳。"	"Only After the Chilling Cold
Without the trials of cruel and harsh winter,
How can plum blossoms turn tangy with fragrance?
In the heat that makes one perspire,
Water lilies and lotus buds will also grow with fragrance."
不拘小節　大處著眼	"Do Not Bother About Mere Trifles; 
Focus on the big picture."
不可理喻　無法對話	"Impervious to Reason; 
Unreasonable and difficult to talk to."
不可收拾　難以挽回	"Out of Hand; 
Beyond repair."
不可思議　妙不可言	"Inconceivable; 
Ineffable and indescribable."
不可限量　無有止盡	"Limitless and Boundless; 
Formidable and immeasurable."
不可言宣　以心印心	"Ineffable and Indescribable Teachings; 
Only through a heart-to-heart connection."
不歷階梯　直指人心	"Without Going Through the Steps; 
Directly pointing to one's mind."
不立文字　以心傳心	"Not Predicated on Words; 
A heart-to-heart transmission."
不了情之歌為情困擾	Love Without End: the song of love entanglement
不落因果　否定業報	"Not Falling into Cause and Effect; 
Denying karmic retributions."
不昧因果　輪迴循環	"Not Ignoring Cause and Effect; 
The cycle of rebirth."
不念舊惡　消愁解恨	"Do Not Hold Any Grudges; 
Eliminate worry and dispel hatred."
不請之友	An Uninvited Helper
不請之友　自動發心	"An Unprompted Friend; 
A wholehearted initiative. "
不生不滅　不落兩邊	"Neither Arising nor Ceasing; 
Not falling to either extreme."
不生不死　超越對待	"Neither Birth nor Death; 
Transcending duality."
不識抬舉　誤失良機	"Turning a Blind Eye to Favors; 
To miss a golden opportunity."
不受福德　功行不夠	"Unworthy of Merit; 
Insufficient cultivation."
不受信施　德行不夠	"Unworthy of Offering; 
Insufficient virtue."
不死不活　行屍走肉	"Neither Dead nor Alive; 
Like a walking corpse."
不退菩薩　信願堅定	"Non-Retrogressing Bodhisattva; 
Unwavering faith and vow."
不退心	A Mind of No Regression
不忘初心	Never Forget One's Initial Aspirations
不忘初心　華嚴經句	"Never Forget One’s Initial Aspirations; 
Quote from the Avatamsaka Sutra."
不惜眉毛　不惜代價	"At the Price of One's Eyebrows; 
At all costs."
不用心機	Do Not Be Scheming
不增不減　一多不二	"Neither Increasing nor Decreasing; 
Non-duality of one and many."
不知不覺　猶如木石	"Heedless and Unaware; 
Like wood and stone."
不知好歹　自以為是	"Unable to Differentiate Good and Bad; 
To believe in one's infallibility."
不著空有	Remain Unattached to Either Emptiness or Form
補拙	Sincere and Honest
採檳榔一曲周璇成名	Picking Betel Nuts: what brought Zhou Xuan to fame
採茶歌少女歌聲嘹亮	Tea Picking Song: resonant voices of young ladies
參禪三偈	Three Chan Poems
殘羹剩飯　陳腔濫調	"Serving Leftovers; 
Stale speech."
殘缺也是美半月繁星	The Beauty of Imperfection: half-moon and twinkling stars
慚愧	Shamefulness
慚愧為美	Shame is a Virtue
慚愧之美	The Beauty in a Sense of Shame
滄海一聲笑勝敗今宵	A Sound of Laughter in the Vast Sea: tonight is the night
藏頭露尾　舉止畏縮	"Burying Head in the Sand; 
Cowardly and avoidant."
草木生光	Light Emits from the Grass and Trees
草衣木食　生活清苦	"Ragged Clothes and Coarse Food; 
A frugal life."
草原之夜歌聲依然	Nights of the Prairie: lingering voices
茶禪	Tea Chan
茶禪一味　人間佛法	"Chan and Tea are of One Taste; 
Dharma in the human world."
釵頭鳳愛情悲哀結案	The Phoneix Hairpin: a love tragedy
懺悔改過勇者進步	Song of Repentance: change and advance courageously
禪	Chan
禪門諸祖師偈頌	Chanmen Zhu Zhushi Jisong (Verses of the Chan Patriarchs)
禪心	Chan Mind
禪心佛道	The Chan Mind, the Buddha's Way
禪心有悟	A Chan Mind Is A Mind of Enlightenment
禪心正覺	Chan Mind and Right Awakening
禪絮沾泥　內心染塵	"Meditative Thoughts Dipped in Mud; 
Tainted by unwholesome thoughts."
禪悅自在	Carefreeness Found in the Joy of Chan
常保安康	Always Maintain Good Health
常樂我淨	Eternity, Bliss, Self, and Purity
常住真心　安定永恆	"True Mind that Always Abides; 
Everlasting peace and stability."
長城謠牆下哀怨不已	Ballad of the Great Wall: grief-stricken at the wall’s foot
長生庫	The Treasury of Longevity
長亭送別離愁萬千	Farewell Song: the sorrows of separation
長齋綉佛　持戒嚴謹	"Devout Practitioner; 
Strictly upholding the precepts."
超塵脫俗　離世無染	"Transcending Defilements, Free From the Mundane; 
Leaving the worldly untainted."
超凡入聖　斷惑證真	"Transcending the Ordinary, Into the Supramundane; 
Eliminating defilements, realizing the Truth."
超然物外　任性逍遙	"Transcend the Material World; 
Follow one's nature freely."
超然自得　淡泊曠達	"Unattached and Carefree; 
Simplicity and acceptance."
超世凡俗　出塵不染	"Transcend the Mundane and Worldly; 
Rise from defilements untainted."
徹骨徹髓　完完全全	"Bred in the Bone; 
Completely."
徹頭徹尾　自始至終	"From Start to Finish; 
From beginning to end."
塵盡光生　自然明朗	"When Dusts are Cleared, Light will Shine; 
Naturally bright."
"塵勞迥脫事非常，
緊把繩頭做一場。
不經一番寒徹骨，
怎得梅花撲鼻香。"	"Separation from worldly passions is an extraordinary task,
Grab the head of rope and tie it with all your might;
If not for the bone-biting winter cold,
How can the plum blossom and its fragrance assail the nostrils?"
塵緣人間花開花落	Love Destiny: blooming and wilting flowers
沉默是金始終相信	Silence is Golden: I still believe
晨曦空氣運動最好	Morning: morning air, best time for exercise
晨鐘暮鼓　發人深省	"Morning Bells and Evening Drums; 
Thought-provoking."
秤錘落井　下落難尋	"Weights Dropped into a Well; 
Difficult to reclaim."
成恩心	Heart of Gratitude
成佛作祖　到達目標	"Attain Buddhahood and Become a Patriarch; 
To reach the goal. "
成功嶺山頭成功在望	Off to Success: success is within reach
成家立業　後繼有人	"Get Married, Start a Career; 
Pass on the torch."
成人之美	Assist Others in Fulfilling Their Goals
成住壞空　世界循環	"Formation, Existence, Decay, and Disappearance; 
The way of the world."
澄淨光明	Clarity, Purity, and Brightness
城裏的月光把夢照亮	Moonlight in the City: illuminating the dream
撐門拄戶　維持家計	"The Pillar of the Family; 
Supporting the household."
撐天拄地　任運乾坤	"Heaven Above and Earth Below; 
Follow the course of the universe effortlessly."
誠訥篤實	The Wonderful Truth of Reality
誠信	Sincerity and Honesty
稱譏毀譽　他人評論	"Praise, Ridicule, Defamation, Honor; 
Other people's comments."
稱心滿意　一切具足	"Be Pleased and Satisfied; 
Fully replete."
稱心如意	In Accord With One's Wishes
稱讚如來　口說好話	"Praising the Tathagata; 
Speaking good words."
承虛接響　捨本逐末	"Accepting the Hollow, Entertaining the Echo; 
Neglecting the roots, pursuing the branches."
吃虧是福	Being Disadvantaged is in Fact a Blessing
赤手空拳　單打獨鬥	"Barehanded; 
Fighting a battle alone."
痴人說夢　胡言亂語	"Sleep Talking Fool; 
Nonsensical speech."
痴心妄想　不能實現	"Carried Away by Wishful Thinking; 
Cannot be actualized."
抽釘拔楔　徹底解決	"Pulling Nails and Wedges; 
To resolve completely."
臭肉來蠅　禍事自招	"Like Flies to Rotten Meat; 
We bring mishaps to ourselves."
愁眉苦臉　心事重重	"To Wear a Worried Look; 
To have a lot on one's mind."
愁雲慘霧　生活淒涼	"In Distress and Desperation; 
A desolate life."
出塵上士	Out of the Dust Comes a Sage
出佛身血　五逆重罪	"Shedding the Blood of a Buddha; 
One of the Five Great Violations."
出類拔萃	Be Outstanding
出生入死　赴湯蹈火	"Willing to Risk Life and Limb; 
To go through boiling water and tread on fire."
出息入息　靜坐禪觀	"Inhaling and Exhaling; 
In meditative contemplation."
處世平和	Keep Harmonious Thoughts For the World
處世無畏  和平共存	May All Beings Live Without Fear and Coexist in Peace
觸目無滯　所見無障	"Unobstructed Vision; 
See through everything."
觸途成滯　遇事不通	"No Way Out; 
Fail to make any progress."
除妄歸真　返本還源	"Eliminating Delusions, Returning to the Truth; 
Back to the origin."
船歌響起江海飄蕩	Boat Song: boats slapping against rivers and oceans
傳奇山中王菲留情	Legend: love from Faye Wong
傳臨濟正宗第四十八世佛光山開山祖師星雲大師圓寂讚頌典禮	Memorial Service of Venerable Master Hsing Yun 48th Generation of the Linji School — Founding Master of Fo Guang Shan
傳臨濟正宗第四十八世佛光山開山祖師星雲大師圓寂荼毘大典	Cremation Ceremony of Ven. Master Hsing Yun 48th generation of the Linji School — Founding Master of Fo Guang Shan
床上安床　重複模仿	"Hat on Top of Another Hat; 
Duplication."
"垂垂白髮下青山，
七載歸來換舊顏；
人却少年松已老，
是非從此落人間。"	"Leaving the mountain with hairs turned grey, 
Returning after seven years with a changed old face; 
Though youthful in age, the pine tree is already old,
Henceforth, right and wrong will linger in this world."
吹大法螺　說法度眾	"Sounding the Great Dharma Conch; 
Teaching the Dharma to liberate people."
炊沙成飯　愚痴妄想	"Cooking Sand to Get Rice; 
Ignorance and delusion."
"垂訓詩
行藏虛實自家知，
禍福因由更問誰；
善惡到頭終有報，
只爭來早與來遲。
閑中檢點平生事，
靜坐思量日所為。
常把一心行正道，
天地自然不相虧。"	"Superior Instruction
Only you would know the genuineness of your conducts,
Who else decides the causes of fortune and misfortune?
Karmic retributions, good or bad, are only eventual,
Sooner or later? It is only a matter of difference.
During spare times, reflect on your life’s doings,
Meditate and contemplate on your daily conduct.
Constantly set your mind on what is righteous,
Naturally, heaven and earth will never betray you."
春風化雨	Spring Breeze and Rain
春風吻上我的臉百花盛開	Spring Breeze Kiss My Face: flowers blooming
春寒料峭　寒氣透骨	"Spring Chill in the Air; 
Chilled to the bone."
春花秋月	Spring Flowers and Autumn Moon
春天柳絮飄揚空中	Spring: catkins in the air
"春有百花秋有月，
夏有涼風冬有雪；
若無閒事掛心頭，
便是人間好時節。"	"Spring has its blossoms and autumn its moon, 
Summer has its breezes and winter its snow; 
If one has nothing to be concerned about, 
Then any time is a good time in life."
慈悲	Compassion
慈悲福德	The Merit of Compassion
慈悲平等	Compassion is Equal
慈悲如華	Compassion Like a Flower
慈悲十方	Compassion for the Ten Directions
慈悲為本	Compassion as Principle
慈悲為懷　救苦救難	"Have a Compassionate Heart; 
Alleviating suffering."
慈悲為心	Keep Compassion in Mind
慈悲為用	Compassion Is the Way
慈悲喜捨	Loving Kindness, Compassion, Joy, and Equanimity
慈悲心香	A Fragrant and Compassionate Mind
慈悲智勇	Loving Kindness, Compassion, Wisdom, and Courage
慈航普渡　都有緣份	"The Ferry of Compassion Liberates All; 
All in affinity."
慈忍為力	Compassion and Tolerance are Strength
慈善傳家	Compassion as Family Tradition
慈孝	Compassion and Filial Piety
慈心活水	A Compassionate Mind is Like Flowing Water
慈心無量	Boundless Compassion
慈眼視眾生	Regard Sentient Being With Compassion
詞窮理盡　無話可說	"Out of Words and Reasons; 
Nothing to say."
從容生活	Live Calmly and Composed
從善如流	Forge Ahead in Doing What is Right
粗茶淡飯　生活簡樸	"Plain Tea and Simple Food; 
Humble living."
寸步難行　處境艱難	"In a Tight Corner; 
To be in a difficult situation."
寸鐵殺人　精簡妙用	"Even a Small Piece of Metal Can Kill; 
Simple clever use."
錯七錯八　彌增顛倒	"At Sixes and Sevens; 
Worsening distorted views."
撮土為金　轉凡為聖	"Turn Lead into Gold; 
Transform the ordinary into the sagely."
打草驚蛇　事情曝光	"To Beat the Grass to Startle the Snake; 
To disclose through rash action."
打成一片　融和一體	"Merge into One; 
Harmonious integration."
達官貴人　地位顯要	"Dignitaries; 
Of prominent status."
大徹大悟　明心見性	"Thoroughly Awakened; 
To realize the mind and see one's intrinsic nature."
大吹大擂　自我膨脹	"To Blow One's Own Trumpet; 
Arrogant ostentation."
大慈大悲	Great Loving Kindness and Great Compassion
大慈大悲　拔苦與樂	"Great Compassion, Great Loving-Kindness; 
Relieve suffering and give joy."
大道難行　修學不易	"It is Difficult to Walk the Great Path; 
Cultivation and practice is not easy."
大道無私	The Selflessness of the Great Path
大地春曉	The Arrival of Spring on Earth
大地飛歌終歸烏有	Flying Song: all becomes nothing
大地回春	Spring Has Returned to Earth
大地如母	The Earth is Like a Mother
大地生春	The Return of Spring
大地生機	Earth's Vitality
大地一人	I am the Great Earth
大發慈悲　心生憐憫	"Great Arising of Compassion; 
A merciful heart."
大公無私	Impartiality and Unselfishness
大光明藏	Treasure of Great Light
大海撈針　難以獲得	"Finding a Needle in a Haystack; 
Difficult to acquire."
大機大用	The Greater the Capability the Greater the Accomplishment
大機大用　善根深厚	"Great Capability, Great Accomplishment; 
Profound and wholesome roots."
大家吉祥	Auspicious Blessings to All
大江東去難再回頭	River of No Return: no turning back
大覺慈尊　釋迦如來	"Enlightened, Compassionate, and Honored One; 
Sakyamuni Buddha."
大覺我師	The Great Awakened One is My Teacher
大千世界　廣闊無邊	"Thousand-fold World System; 
Immense and boundless."
大千行腳	Cover the Great World with One's Footsteps
"大千一粒未為寬，
打破娘生赤肉團。
萬法本閒人自鬧，
更從何處覓心安？"	"A great chiliocosm, like a single grain of millet, is not even substantial.
Transcend the pink lump of flesh conceived by the mother;
Myriad things are originally tranquil, only humans agitate,
Where else can one find a serene abiding for the heart? "
大巧若拙	The Wise Appears Slow-witted
大人大量	Great Person, Great Strength
大死一番　身心脫落	"Die a Great Death; 
Free from the body and mind."
大休大歇　離盡諸妄	"The Great Respite and Repose; 
Severing all delusions."
大隱於市	Great Reclusion Within the City
大勇無諍	The Truly Brave Does Not Fight
大勇無爭	The Courageous Do Not Dispute
大圓鏡智　心開意解	"Great Perfect Mirror of Wisdom; 
All queries resolved and knots untangled."
大圓滿覺	Perfectly Awakened One
大圓滿覺　如來至尊	"Perfectly Awakened One; 
The supreme Tathagata."
大眾雲集　全部到齊	"Assembly Like a Gathering of Clouds; 
Everyone in attendance."
打破漆桶　大徹大悟	"Breaking the Paint Bucket; 
Thorough enlightenment."
打破玄關　超越思維	"To Break Through the Barrier of Mystery; 
Going beyond thinking."
打退堂鼓　中途變卦	"Beat a Retreat; 
To change one's mind halfway."
待人以誠	Be Sincere to Others
淡泊人生	A Simple Life
淡泊知足	Find Contentment in Simplicity
淡出妄緣	Let Delusive Conditions Subside
淡然	Remain Detached
單刀直入　乾淨俐落	"Cut Straight to the Point; 
Direct and efficient."
單槍匹馬　獨自行動	"Singlehandedly; 
Go it alone."
單絲不線　孤掌難鳴	"A Single Thread Does Not Make a String; 
Hard to clap with only one hand."
擔雪填井　徒勞無功	"To Fill a Well with Snow; 
Efforts in vain."
當面錯過　失去機會	"To Miss What's Right Under One's Nose; 
To lose an opportunity."
當仁不讓	Do Not Fall Behind in Showing Benevolence
當頭棒喝　直接受教	"Strike a Telling Blow; 
Lectured directly."
當我們同在一起快樂無比	When We Are Together: so very happy
當掌聲響起苦盡甘來	Applause: after suffering comes happiness
道高魔重　邪不勝正	"The Way Triumphs Evil; 
Depravity cannot overcome righteousness."
道高一尺　略勝一籌	"The Way is Greater; 
A notch above."
道貌岸然　莊嚴身相	"Dignified Look; 
Solemn appearance."
道情法愛　佛門情誼	"Friendship for the Path, Love for the Truth; 
Friendship in Buddhism."
道上人間倩女幽魂	The Path: a Chinese Ghost Story
道頭會尾　見微知著	"See the End from the Beginning; 
A small clue reveals all."
道心堅固　不忘初心	"A Firm Mind Seeks the Way; 
Never forget one's initial aspirations."
道由心生	The Path is Found Within the Mind
道在當下	The Path is in the Present Moment
道在心中	The Path is in the Mind
倒戈卸甲　棄械投降	"To Betray by Laying Down Arms; 
To surrender."
倒駕慈航　乘願再來	"The Turnabout Boat of Compassion; 
Fulfilling a vow to return to the Saha world."
刀口舔蜜　割舌之患	"Licking Honey Off a Razor Blade; 
Dangerous and risky."
刀山火海　苦不堪言	"Mountain of Knives, Sea of Fire; 
Unspeakable suffering."
刀山劍樹　痛苦不堪	"Mountain of Knives, Tree of Swords; 
Unbearable agony."
得其三昧　進入悟境	"Attain Samadhi; 
Entering into the state of enlightenment."
得未曾有　如獲至寶	"Gaining What One Never Had; 
As if stumbling upon a treasure."
得意的笑青山不改	Vigorous Laugh: youth never gone
燈燈相映　佛道相同	"One Lamp Reflects Another; 
Sharing the Buddha Way."
登高望遠	Climb High to See a Greater View
登高望遠　心懷天下	"Climb High To See a Greater View;
A mind that embraces the World."
登高致遠	Climb High to Reach Far
覿面相呈直下會得	"Unspoken Face-to-Face Teaching; 
Immediate realization."
滴水穿石　有恆所至	"Constant Dripping Wears Away Stone; 
Perseverance leads to achievements."
滴水難消　承受不起	"Unworthy of Offering; 
Even a drop of water is difficult to digest."
地水火風	Earth, Water, Fire, and Wind
地水火風　四大因緣	"Earth, Water, Fire, and Wind; 
Four major causes and conditions."
電光朝露　為時短暫	"Flash of Lightning and Morning Dew; 
In the blink of an eye."
點燈照心天堂有路	Light of the Lamp: seeing the heart, a road to heaven
點亮心燈	Light the Lamp of the Heart
點亮心燈　佛性顯發	"Light the Lamp of the Heart; 
Reveal one's Buddha nature."
頂禮膜拜　俯首至地	"Prostrating in Reverence; 
Touching one's head to the ground."
頂天立地　俯仰無愧	"Reach for the Sky and Stand Firm on the Ground; 
To have a clear conscience."
定慧等持　止觀雙修	"Equally Uphold Concentration and Wisdom; 
Practice both calming and contemplation."
定中世界	Right Dharma Purifies the Mind
東方紅合唱唱紅中國	The East Is Red: choir singing the sounds of China
東方之珠在我心上	Pearl of the Orient: always in my heart
"東林寺酬韋丹刺史
年老心閑(閒)無外事，
麻衣草座亦容身。
相逢盡道休官好，
林下何曾見一人。"	"For Provincial Govenor Wei Dan at Donglin Temple
An old but leisurely heart, free of worldly trouble,
A linen robe and straw mat suffice to let me be;
So they claim to envy the life of a retired rank,
Yet, deep in the forests, have they ever been?"
東塗西抹　隨手亂畫	"Painting Here and There; 
To doodle freely."
"東西南北任遨遊，
萬里長江一葉舟；
夢裏不知身是客，
醒來大地忽新秋。"	"East, West, South, North, travel freely as one may wish,
On the endless Yangtze River sails a boat;
Not realizing one is just a guest in the dream,
Upon waking, a new autumn is already here."
動靜一如　境界超越	"Movement is the Same as Stillness; 
Transcend boundaries and differentiation."
動念即乖　分別皆非	"Any Arising Thought Falls Out of Accord; 
All discriminations are false."
動弦別曲　聞一知十	"A Word to the Wise is Sufficient; 
Knowing the full picture by seeing a part."
動心忍性	A Moved Heart With a Nature of Tolerance
冬戀難忘燕雁南飛	Winter Love: unforgettable
冬去春來	Winter Goes and Spring Comes
洞然明白	Clearly Understood
洞然明白　茅塞頓開	"Revealed in Perfect Clarity; 
A perfect comprehension of things."
抖擻精神　振作意志	"Vim and Vigor; 
Liven up spirit."
獨具慧眼　見解高超	"To See What Others Cannot; 
Exceptionally insightful."
獨一無二　絕無相同	"One and Only, Second to None; 
Unique."
杜口無言　絕口不提	"Hold One's Tongue; 
Not saying anything."
篤實正經	Be Firm and Serious
度一切苦厄	Overcome All Sufferings
端心正意　別無邪念	"Proper Mind and Right Will; 
No erroneous thoughts."
對機說法　契合根性	"Adaptive Teaching; 
According to different capabilities."
對牛彈琴　知音難覓	"To Play the Lute to a Cow; 
A soul mate is difficult to find."
遁入空門　出家修道	"Entering a Monastic Order; 
To practice as a renunciant."
墮坑落塹　身陷危難	"Fall Into a Pit; 
Trapped in a dangerous situation."
多口阿師　閒話無用	"Full of Hot Air; 
Talk of nonsense with nothing worthwhile."
惡語傷人　說話如刀	"Harmful Speech; 
Words that cut like a knife."
耳根清淨　遠離塵囂	"Peace and Quiet; 
Away from havoc and unrest."
二人為仁	Benevolence Between People
法不孤起　仗境方生	"Dharmas Do Not Arise Alone; 
Causes and conditions are required."
法爾如是	Dharma As It Is
法爾如是　本來如此	"Dharma as It Is; 
Originally so."
法爾天成	Dharma As It Is Naturally
法爾自然	The Dharma Is As Natural As It Is
法法平等	Every Dharma is Equal
法法一如	All Dharmas Have the Same Essence
法海入心	Let the Ocean of Dharma Flow Into the Mind
法華	The Flower of Dharma
法界為心	The Mind is the Dharma Realm
法界唯心	Dharma Realm in the Mind
法界一如	Dharma Realm as One
法界一心	The Dharma Realm is Embodied Within the Mind
法力無邊　微妙難測	"Boundless Dharma Power; 
Subtle and immeasurable."
法輪常轉　佛日增輝	"The Eternally Turning Dharma Wheel; 
May the Buddha's days be glorified."
法忍	Dharma Patience
法是吾家	The Dharma is My Home
法水	Dharma Water
法水長流	Everflowing Steam of Dharma
法水甘露	Dharma Nectar
法水流心	The Flow of Dharma Streams Into the Heart
法水流心	The Dharma Stream Flows Into the Heart
法水潤生	The Life-Nourishing Dharma Water
法水生命	The Dharma Water of Life
法同舍	Dharma Abode
法喜禪悅	The Joy of Chan
法喜充滿　體悟真理	"Filled with Dharma Joy; 
Realization of the Truth."
法喜人生	A Life of Dharma Joy
法喜生命	A Life of Dharma Joy
法性湛然	Dharma Nature is Pure
法眼淨	Pure Dharma Eye
法依止	Rely on the Dharma
法音宣流	Sound of the Dharma Spreads
法音宣流	Voice of the Dharma Spreads
法雨生春	Dharma Rain Brings Spring
發人深省　有所醒悟	"Food for Thought; 
A realization."
發心	Resolve
發心向前	Resolve to Move Forward
"返本還源便到家，
亦無玄妙可稱誇；
湛然一片真如性，
迷失皆因一念差。"	"To be home is to return to the origin and back to the source,
There is nothing mysterious that one can boast about;
Clearly and as such is the nature if true thusness,
To be astray or not? It is all in a moment of thought."
返璞歸真　回歸自然	"Back to Simplicity; 
To recover one's true nature."
反觀自性	Reflect on One's Nature
凡夫肉眼　見識平庸	"Through the Ordinary Eye; 
Mundane knowledge."
凡夫俗子　普羅大眾	"Common People; 
The great multitude."
凡聖一如　佛性平等	"The Ordinary and the Sagely are the Same; 
All are equal in Buddha-nature."
方便般若	Prajna Wisdom as a Skillful Means
方便善巧	Skillful and Expedient Means
方便之門　出入自由	"Gate of Skillful Means; 
Entering and leaving freely."
方外之交　僧信友誼	"Affinities Outside the Monastery; 
Friendship between Sangha and devotees.
"
方丈和尚　如同校長	"Abbot; 
Like a school headmaster."
放光動地　不同凡響	"Emitting Light and Shaking the Earth; 
Extraordinary."
放快腳步	Speed Up the Pace
放下	Let Go
放下屠刀　改過向善	"Put Down the Butcher's Knife; 
Correct one's mistakes and turn towards wholesomeness."
放眼天下	Set One's Eyes on the World
防心離過　警防犯錯	"Guard the Mind from Unwholesomeness; 
Be alert to prevent errors."
防意如城　戒備森嚴	"Guard the Mind as if Defending a City; 
Strict vigilance."
飛蛾投火　自尋死路	"Like Moths to a Flame; 
To follow the path to one's destruction."
飛來飛去飛到那裏	Flying: here and there, where to?
飛針走線　功力非凡	"Swift Needlework; 
Extraordinary skills."
非佛不做　行佛所行	"Do But What is in Accord with the Buddha; 
Practice the Buddha's way."
非親非故　也有因緣	"Neither Relative nor Friend; 
There is still affinity."
分段生死　六道輪迴	"Fragmentary Birth and Death; 
The Six Realms of cyclic existence."
分工合作	Cooperation and Teamwork
粉身碎骨　自我犧牲	"Torn to Pieces and Ground to Dust; 
Self-sacrifice."
芬陀利華　白色蓮花	"Pundarika Flower; 
A white lotus."
焚香頂禮　恭敬虔誠	"Burn Incense and Prostrate; 
Sincere respect."
逢場作戲　隨順眾生	"Play Along for a Little Fun; 
Oblige sentient beings."
豐干饒舌　貧嘴多舌	"Master Fenggan Talks Too Much; 
Sharp-tongued and garrulous."
鳳凰于飛春花秋月	Songs of the Phoenix: spring and autumn
風調雨順　世界安然	"Favorable Weather; 
World at peace."
風木含悲　父母雙亡	"A Grieving Tree in the Wind; 
The passing of one's mother and father."
風行草偃　機緣成熟	"Grass Bends as Wind Blows; 
Opportunity at hand."
風雨無阻萬里徒步	Rain, Hail, or Shine: thousands of miles by foot
風月、禪心	The Chan Mind of Wind and Moon
風月、禪心	The Chan Mind of Wind and Moon
奉獻給您我的真心	Dedication: offered with my utmost sincerity
佛	Buddha
"佛成道日
今晚明星上，當初夢醒時。
雪山仍在眼，覺樹正垂枝。
遙想耽飢瘦，因思獻乳麋。
六年寒徹骨，心苦有誰知。"	"Buddha’s Enlightenment Day
Gazing upon the stars tonight, 
Having awakened from the dream.
The snow mountain still before my eyes,
Also the bodhi tree’s dangling branches.
Recalling time wasted on starving the body to skin and bone,
Due to contemplation of the offered milk porridge.
Chilled to the bone for over six years,
Who knows the pains of my mind?"
佛慈廣大　悲心無限	"The Buddha’s Kindness Is Vast and Great; 
Boundless compassion."
佛誕浴佛歌自我淨心	Bathing the Buddha Celebration: purify our mind
佛道	Buddhahood
佛法為家	Home is Where the Dharma Is
"佛法在世間，不離世間覺，
離世求菩提，猶如覓兔角。"	"The Dharma is to be found in this world,
and to leave this world to search for the Dharma
is as futile as searching for a rabbit with horns."
佛光法水	Buddha's Light and Dharma Stream
佛光淨土	Buddha's Light Pureland
佛光山開山祖師	1. Fo Guang Shan Founding Master; 2. Founding Master of Fo Guang Shan
佛光山開山祖師星雲大師出家紀念日信徒香會	Fo Guang Shan Founding Master—Venerable Master Hsing Yun’s Renunciation Day & Devotees’ Gathering
佛光山開山祖師星雲大師圓寂紀念日	Fo Guang Shan Founding Master—Venerable Master Hsing Yun Memorial Day
佛光山○○○○年開山祖師星雲大師圓寂紀念日	Fo Guang Shan Founding Master—Venerable Master Hsing Yun Memorial Day
佛光山開山祖師星雲大師圓寂周年紀念追思典禮	Memorial Service for the First Anniversary of Fo Guang Shan Founding Master—Venerable Master Hsing Yun's Passing Away
佛光山開山祖師星雲大師誕辰紀念日供僧法會	Fo Guang Shan Founding Master—Venerable Master Hsing Yun’s Birthday & Sangha Day Offering
佛光山教團依止之剃度師及得戒和尚代表	Tonsure and Precept Master of Fo Guang Shan Buddhist Order
佛光普照	Buddha's Light Shines Universally
佛光普照　蒙佛庇佑	"Buddha's Light Shines Universally; 
To receive the Buddha's blessings."
佛光普照三千界  法水長流五大洲	"May the Buddha's Light Shine Universally On the Three Thousand Realms
Let the Dharma Stream Flow Across All Five Continents"
佛光三寶頌佛教教歌	Fo Guang Ode to the Triple Gem: Buddhist Anthem
佛光世界	A World of Buddha's Light
佛光星公祈願文	Prayer for the Most Venerable Master Hsing Yun
"佛光讚
星公大和尚
揚州願力渡洋
人間佛教弘十方
立菩薩榜樣
眾等稽首遙祝禱
乘願倒駕慈航
普利人天皆吉祥
法水永流長"	"Praise of the Buddha's Light
Our most esteemed Venerable Master Hsing Yun.
Crossing the ocean from Yangzhou on the wings of his vows;
Propagating Humanistic Buddhism to the Ten Directions.
Setting an exemplar for bodhisattvas,
The assembly bows in reverence and prays to the far distance.
Praying for his return on his vow, on the boat of compassion.
Benefitting heavenly and human beings with auspiciousness.
May the Dharma flow eternally, like an unending river."
佛國淨土	Buddha's Light Pureland
"佛國美景絕塵埃，
煙霧重重却又開；
若見人我關係處，
一花一葉一如來。"	"In the beautiful Buddha-land alights no particle of dust,
Layers and layers of mist dissipate and once again rise;
Shall one see well the ways of human bonds,
In each flower and every leaf, Tathagata can be thus seen."
佛口婆心	Words of the Buddha and Heart of a Caring Mother
佛口蛇心　口蜜腹劍	"Words of a Buddha, Heart of a Snake; 
A wolf in sheep's clothing."
佛門龍象　傑出僧才	"The ""Elephants and Nagas"" of Buddhism; 
Outstanding monastic talent."
佛面刮金　膽大妄為	"Scrape Gold Off the Face of the Buddha Statue; 
Unscrupulous and reckless."
佛青的歌聲興隆快到	The Rhythm of the Buddhist Youth: prosperity is fast approaching
佛曲治病無貪無瞋	Buddha’s Song: healing illness, freedom from greed and hatred
佛壽無量	Infinite Lifespan of Buddha
佛頭著糞　輕慢褻瀆	"Placing Manure on the Buddha's Head; 
Irreverence and blasphemous."
佛陀之子	Child of the Buddha
佛心	Buddha's Mind
佛眼相看　慈心對待	"Through the Buddha's Eyes; 
Treat others with compassion."
佛要金裝　人要衣裝	"Buddha Statues in Gold; 
Humans in clothes."
佛在我心	Buddha is in My Mind
佛在心中　信仰昇華	"The Buddha Is Within Our Heart; 
Our faith is sublime."
佛子	Child of the Buddha
佛子天然	A Child of the Buddha as Have Been
福從心生	Fortune Arises From the Mind
福德具足	Complete in Merit and Virtue
福德深廣	Vast and Profound Merits and Virtues
福慧吉祥	Fortune, Wisdom, and Auspicious Blessings
福慧人生	A Life of Fortune and Wisdom
福慧仁心	A Benevolent Mind with Merit and Wisdom
福慧雙修	Cultivating Merit and Wisdom Simultaneously
福慧雙修　行解並重	"Cultivating Merit and Wisdom Simultaneously; 
Equal emphasis on theory and practice."
福慧雙圓	Perfection of Both Merit and Wisdom
福慧圓滿	Perfection of Merit and Wisdom
福慧增上	Gain in Merit and Wisdom
福慧之家	Home of Virtue and Wisdom
福聚海無量	Accumulation of Merits as Boundless as the Ocean
福滿人間	A World Filled With Good Fortune
福門之家	Home of Fortunes
福山慧海	Mountain of Merits and Ocean of Wisdom
福山慧海	Inspiration Has Come To The Mind
福田	The Field of Merits
服務第一	Service Comes First
服務人生	Live a Life of Service
福星高照	A Prosperous Star Shining High Above
福由心生	Merit Comes From the Heart
福至心靈	Fortunate Blessings Have Come to the Mind
拂袖而去　生氣離開	"To Storm Off in a Huff; 
Leaving in anger."
富有三千	A Wealth as Immense as the Three Thousand Realms
富足人生	A Plentiful Life
蓋天蓋地　無所不在	"Covering Heavens and Earth; 
Omnipresent."
改頭換面　徹底改變	"Revamp and Makeover; 
Complete transformation."
改邪歸正　重新做人	"To Mend One's Ways; 
Be a new person."
乾脆俐落　做事果斷	"Fast and Efficient; 
Be firm in handling matters."
橄欖樹夢想流浪遠方	The Olive Tree: dreaming of wandering faraway
甘露法水	Dharma Nectar
甘露法雨　如來教法	"Rain of Dharma Nectar; 
Tathagata's teachings."
甘露灌頂　法水加持	"Bestowal of Dharma Nectar; 
Blessed by Dharma water."
感恩的心必然好人	Grateful Heart: indeed a kind person
感天動地　令人動容	"Moving Heaven and Earth; 
Emotionally touching."
感應道交　心誠則靈	"Resonating with the Buddha; 
Sincerity brings inconceivable connection."
高山流水	Water Flowing from the High Mountains
高山青男女又壯又美	The Evergreen Mountain: young men and women, beautiful and strong
高山仰止	Look up to and Rely on the High Mountains
高山雲飛	A Cloud That Floats Above the High Mountains
羔羊跪乳　反哺報恩	"Lamb Kneeling To Drink Milk; 
To show one's gratitude."
革凡成聖　去迷入道	"Removing the Mundane to Attain Sagehood; 
Eliminating delusions to enter the Way."
哥哥爸爸真偉大我也會大	Brother and Father Are Really Great: I will grow up
割肉喂鷹　捨己為牠	"Feed One's Own Flesh to an Eagle; 
To sacrifice oneself."
各顯神通　皆有所長	"Each Demonstrating Their Own Supernatural Power; 
Everyone has their own expertise."
隔靴搔癢　未切要點	"An Itch One Can't Reach; 
Not getting to the point."
"給人信心
給人歡喜
給人希望
給人方便"	"Give Others Faith
Give Others Joy
Give Others Hope
Give Others Convenience"
根不入塵	Let the Sense Organs Not Become Incorporated into External Objects
根塵不合	Let the Sense Organs Not Become Incorporated into External Objects
根深葉茂　牢不可破	"Deep Roots and Vigorous Leaves; 
An unshakable foundation."
亘古亘今　從未變動	"From Past to Present; 
Remaining unchanged."
更待何時　為時不晚	"What Are You Waiting For?; 
It's not too late."
功不唐捐　所作不虛	"No Merit Goes Undedicated; 
What has been done is true."
功德無量	Boundless Merits
功德無量　果報殊勝	"Boundless Merit; 
Wonderful karmic retribution."
功德圓滿　成就殊勝	"Merits Accomplished; 
Phenomenal achievements."
功果圓滿	Perfect Fruit of One's Efforts
貢高我慢　性高氣傲	"Full of Oneself; 
Stuck up and arrogant."
弓盡刀折　走投無路	"Shattered Bow and Broken Sabre; 
At the end of one's rope."
共生和諧	Harmonious Coexistence
共生吉祥	Auspicious Coexistence
共有共榮	Equal Sharing of Every Honor and Possession
公道	Justice
公正	Justice
狗急跳牆　走投無路	"A Cornered Dog Will Jump Over the Wall; 
To reach an impasse in a desperate situation."
古井無波　內心平靜	"No Waves in an Ancient Well; 
Calmness in mind."
古尊宿語錄	Records of the Sayings of Ancient Monastic Elders
骨瘦如柴　營養不足	"As Thin As a Match; 
Malnourished."
孤雲野鶴　悠閒自在	"Wild Crane, Drifting Cloud; 
Leisurely and carefree."
"觀潮
西湖煙雨浙江潮，
未到千般恨不消，
及至歸來無一事，
西湖煙雨浙江潮。"	"Observing the Tide
Misty rains of West Lake, and tides in Zhejiang,
Unless truly there, a thousand resentments will linger;
Having finally arrived, everything seemed purposeless,
Still the misty rains of West Lake, and still the tides in Zhejiang."
觀世音	Avalokitesvara
"觀書有感二首（其一）
半畝方塘一鑑開，
天光雲影共徘徊；
問渠那得清如許，
為有源頭活水來。"	"Thoughts on Reading
A half acre square pond, like a mirror;
Light from the heavens, and the shadows of the clouds, 
    together come and go.
How can a stream be as clear as this?
Because its original source comes from rushing water."
觀心	Observe the Mind
觀心自樂	Contemplation of the Mind Will Bring Joy
觀心自在	Remain Carefree in Observing the Mind
觀心自在　提放如如	"Remain Carefree in Observing the Mind; 
Pick up and let go in perfect ease."
觀音靈感歌救苦救難	Song of Avalokitesvara Bodhisattva: relieve us from sufferings and calamities
觀音送子　喜獲麟兒	"Guanyin Sends a Baby; 
Happily blessed with child."
觀照自己	Contemplate on Oneself
觀照自在	Contemplate with Peace and Ease
觀自在	Avalokitesvara
冠絕一時　首屈一指	"The Absolute Champion; 
First and foremost."
廣長舌相　辯說無礙	"A Broad and Long Tongue; 
Eloquence in teaching the Dharma."
廣結善緣	Develop Broad and Good Affinity With Others
廣結善緣　與人為善	"Broadly Develop Good Affinities; 
Kind intentions for others."
光怪陸離　匪夷所思	"Bizarrely Fantastic; 
Unimaginable."
光光互映	The Mutual Illumination of Lights
光明藏	The Treasure of Light
光明世界	A Bright World
光明無量	Light is Boundless
光明在望	Illuminating Hope
光明在望	Hope is Within Reach
光壽無量阿彌陀佛	Light: Amitabha—infinite light and infinite life
光水人生	The Life of Light and Water
光水心長	Bright Water and Broad Mind
光音美妙	A Sound as Wonderful as Light
光照大千	Light Shines on the Universe
光照大千	Universally Shining Light
光照三界	Light Shines Over the Three Realms
龜不慎言　禍從口出	"A Turtle's Careless Speech; 
Troubles arise from one's mouth."
龜毛兔角　有名無實	"Turtle Hair and Rabbit Horn; 
A name with no reality."
貴耳賤目　不切實際	"To Trust One's Ears Rather Than One's Eyes; 
To be impractical."
鬼家活計　行為不正	"Ghostly Tricks; 
Unwholesome acts."
鬼哭神嚎　慘不忍聞	"Crying like a Ghost, Howling like a Spirit; 
Wretched and woeful to hear."
歸家途中如來等我	Homecoming: during the journey, Tathagata waits for me
"歸山吟
聚如浮沫散如雲，
聚不相將散不分；
入郭當時君是我，
歸山今日我非君。"	"Song on Returning to the Mountain
Like a meeting of bubbles, the parting of clouds,
Meeting joins naught, parting separate none;
Upon union, you were me,
But having returned, I am no lnger you."
果斷有力	Decisiveness is Power
果然如是	Just As It Should Be
過河拆橋　忘恩負義	"To Destroy the Bridge After Crossing the River; 
To be ungrateful."
過午不食　非時不食	"Fasting After Noon; 
Abstaining from eating at inappropriate times."
海會雲集　法會盛況	"A Grand Assembly; 
A magnificent Dharma service."
海闊天空　漫無邊際	"Boundless as the Sea and Sky; 
Extremely vast."
海量	Be as Magnanimous as the Ocean
海納百川	The Ocean Accepts All Water
"海納百川流不盡
空容萬象是吾家"	"The Ocean, an Endless Gathering of Water From a Hundred Rivers; 
My Home, the Vast Emptiness Holding the Myriad Phenomena"
海鷗飛翔海天一樣	Seagull: flying in the ocean sky
涵蓋乾坤　真心廣大	"Encompassing Heaven and Earth; 
A vast and sincere heart."
韓盧逐塊　未得要領	"Hound Chasing a Clump of Soil; 
Missing the point."
憨山老人夢遊集	Hanshan Laoren Mengyou Ji (Collection of Old Man Hanshan’s Dream Travels)
含辛茹苦　忍受痛楚	"Bear the Brunt; 
To endure much hardship."
含血噴人　惡語中傷	"Spitting Blood at Someone; 
Vicious slander."
寒雨曲一歌怕春不到	Cold Rain: fearing that spring may never come
好春光夢想藍天白雲	Beautiful Spring: dreaming of blue sky and white clouds
好肉剜瘡　自找苦吃	"Digging into Healthy Flesh; 
Creating one's own suffering."
好事連連	A Continuation of Good Things
好預兆來到喜鵲在叫	A Good Sign: love birds chirping
何處是兒家遠在天涯	Where Is My Home: on the other side of the world
何日君再來相逢明朝	When Will You Return: see you tomorrow
河東獅吼　降伏惡人	"Roaring Like a Lion; 
Evil subdued."
河清海晏　天下太平	"The Yellow River is Clear and the Sea is Calm; 
The world is at peace."
河沙妙德	Wonderful Virtues as Numerous as Grains of Sand in the River
河中有泉相互交流	River: springs in the river, interconnected
呵佛罵祖　禪修玄機	"Reprimanding the Buddha and the Patriarchs; 
Profound theory in Chan practice."
和而不流	Peaceful Coexistence without Going with the Flow
和麩粜麵　以假亂真	"Passing Off Fish Eyes as Pearls; 
To play someone false."
和光同塵　與世無爭	"Humbling One's Radiance, Mingling with Dust; 
Peaceful co-existence."
和合心香	A Fragrant Mind of Harmony
和合致祥	Harmony Leads to Auspiciousness
和敬	Harmony and Respect
和敬人生	A Life of Harmony and Respect
和南聖眾　禮敬諸佛	"Respecting the Sacred Assembly; 
Paying homage to all buddhas."
和盤托出　毫無保留	"Lay It on the Line; 
Unconcealed revelation."
和平	Peace
和氣生財	Harmony Brings Wealth
和氣致祥	Harmony Leads to Auspiciousness
和諧家福	The World of Concentration
和諧家福	Harmonious Family
和諧社會平安吉祥	Harmonize: peaceful and harmonious society
合十人生	A Life of Joined Palms
合十人生　恭敬包容	"A Life of Joined Palms; 
With reverence and tolerance."
合掌人生	A Life With Palms Joined
哼哈二將　各有專長	"The ""Hūṃ"" and  ""A"" Vajradharas; 
To each their own strength."
恆河沙數　無法計算	"Innumerable Like the Sands of the Ganges; 
Countless."
恆審思量　稱末那識	"Continuous Cognitive Assessment; 
Manas Consciousness."
恆順眾生　契理契機	"Oblige All Sentient Beings; 
Proper in principle and practice."
橫遍十方　空間無邊	"Spanning the Ten Directions; 
Boundless space."
橫三豎四　橫豎不同	"Jumbled Mess; 
In disarray."
橫說豎說　反覆講述	"This Way and That Way; 
Explain repeatedly."
橫拖倒拽　動作粗魯	"Forcefully Drag and Pull; 
Rough actions."
"弘法是家務
覺樹枯榮幾度更，
靈山寂寂待重興；
此來不用傷遲暮，
佛法弘揚本在僧。"	"The Duty of Dharma Propagation
Many a times the tree of awakening flourishes and withers,
In quiet silence, the Vulture Peak awaits revitalization;
Grieve not over the late arrival of dusk upon your coming,
The duty of Dharma propagation is always on the monastics."
弘法者之歌真理宣揚	The Song of Dharma Propagator: propagating the Dharma
紅豆詞相思不必悔意	Red Bean Poem: longing needs no regret
紅爐片雪　一法不立	"Snowflakes on the Stove; 
No phenomena to be found."
紅色喜慶大家愛見	Red: auspicious color, loved by all
後會難期　再見無望	"Adieu; 
Without hopes of meeting again."
後會無期　何日再見	"We Might Not Meet Again; 
When will we see each other again?"
後會有期　相約未來	"We Shall Meet Again; 
A future reunion."
護持三寶　正法久住	"Uphold the Triple Gem; 
The ever-abiding righteous Dharma."
囫圇吞棗　不知其味	"Inhale One's Food; 
Unaware of the taste."
胡說八道　胡人傳教	"Foreigners Teaching the Eightfold Path; 
Come from abroad propagating the Dharma."
胡思亂想　天馬行空	"A Wandering Mind; 
Flights of fancy."
胡言亂語　不知其意	"Jabber Away; 
Unintelligible."
虎頭蛇尾　有始無終	"Tiger's Head and Snake's Tail; 
Starts with a bang and ends with a whimper."
虎嘯風生　大展鴻圖	"Rising Wind of a Tiger's Howl; 
Realizing one's great ambitions."
戶限為穿　車水馬龍	"Endless Stream of Visitors; 
Hustle and bustle."
話不投機　多說無益	"Don't See Eye to Eye; 
Say no more."
花果芬芳香在心上	Flower: scent of flower and fruit in the heart
花果心香	A Mind as Fragrant as Flowers and Fruits
花果圓成	A Harvest of Flowers and Fruits
花果圓滿	Fruitful and Perfect Outcomes
花好月圓	A Beautiful Flower and Perfect Moon
花好月圓天上人間	Beautiful Flowers and Full Moon: on Earth and heaven
花好月圓　雲淡風清	"Beautiful Flower and Perfect Moon;
Let the past be in the past."
花花世界　萬丈紅塵	"A World Full of Flowers; 
Myriad temptations."
花開果滿	Flowers Blossom and Fruits Ripen
花開見佛	Seeing the Buddha When the Flower Blooms
花開見佛　功果圓滿	"See the Buddha in a Blossoming Lotus; 
Perfect fruit of one's efforts."
畫餅充饑　不能食用	"Drawing a Pancake to Relieve Hunger; 
Inedible."
畫虎成貓　不倫不類	"Drawing a Tiger, Ending Up with a Cat; 
Neither this nor that."
畫龍點睛　切重要點	"Dotting the Eyes of a Painted Dragon; 
Straight to the point."
畫蛇添足　弄巧成拙	"To Draw Legs on a Snake; 
To ruin things by overdoing it."
"華嚴真師以詩見貺聊成二章紀其趣尚
知足隨緣處處安，
一身溫飽不為難，
禪房窄小纔容榻，
此外從他世界寬。"	"From a Chat with the True Huayan Master
When content, one is at peace under any circumstances,
To keep the body warm and replete is no issue,
Small enough to fit my bedding is the narrow Chan room,
For all other worldy matters, simply let them be."
懷忍行慈	Have Patience and Practice Compassion
喚龜作鱉　偷天換日	"Call a Tortoise a Turtle; 
Engage in fraudulent activities."
黃髮鮐背　長壽老人	"In One's Golden Years; 
Long-lived elder."
黃花晚節　操守高尚	"Virtue in One's Later Years; 
Noble integrity."
黃埔江岸邊十里洋場	Huang Pu River: Ten-mile foreign market in Shanghai
黃葉止啼　權宜之道	"Pacify a Crying Baby with a Golden Leaf; 
Skillful means."
恍然大悟　洞然明白	"To Suddenly See the Light; 
Perfect comprehension."
恍如隔世　人事變化	"As If in Another Lifetime; 
Changes in the ways of the world."
灰飛煙滅　歸於空無	"Go Up in Smoke; 
Turned into emptiness."
灰頭土臉　自討無趣	"Dirtying One's Face; 
Bring upon oneself."
灰身滅智　階段解脫	"Extinction of Body and Mind; 
Gradual steps to liberation."
悔改罪過　重新做人	"Repent and Correct Past Offenses; 
To renew oneself."
迴光返照　最後生機	"The Reflecting Light Shines Back; 
Last opportunity of living."
慧巧吉祥	An Auspicious, Wise, and Agile Mind
惠施一切	Give Everything Generously
回頭是岸	Repentance is Salvation
回頭是岸　悔過自新	"To Return to the Shore; 
To turn over a new leaf in repentance."
回因向果	Transfer the Cause to the Effect
回自向他	Transfer One's Own Merits to Others
魂斷藍橋浪跡天涯	Waterloo Bridge: to the edges of the world
魂縈舊夢無影無踪	Pondering Upon a Dream: without a trace
渾然天成	Let Nature Take its Course
渾身是口　能言善辯	"Speaking From Head to Toe; 
Glib of the tongue."
混世魔王　障道波旬	"Devil Incarnate; 
Obstacle to the path."
禍不單行　連續災難	"Misfortunes Never Come Singly; 
A series of disasters."
活出希望	Live With Hope
火傘高張　烈日當頭	"Under a Burning Umbrella; 
Beneath the scorching sun."
火燒眉毛　刻不容緩	"Burning Eyebrows; 
To brook no delay."
火眼金睛　洞察透徹	"Golden Eyes of Fire; 
Thorough and detailed observation."
火中生蓮　世間稀有	"Lotuses Blooming in the Fire; 
Rare in this world."
活水	Flowing Water
活水流心	Keep the Mind Alive Like Free-Flowing Water
活水清流	Free-flowing Water Runs Pure
活水人生	A Life Like Flowing Water
活水我心	My Mind is Like Free-flowing Water
活在當下	Live in the Present Moment
活在當下　把握因緣	"Live in the Present; 
Seize the day."
伙頭軍師　苦行聖僧	"An Army Chef; 
Eminent ascetic monastic."
饑不擇食　不擇手段	"A Hungry Person is Not Picky; 
By any means necessary."
"饑來要吃飯，寒到要添衣；
困時伸腳睡，熱至要風吹。"	"Eat when hungry,
Dress when cold,
Lay down when tired,
Seek wind when hot."
技冠群雄　高人一等	"A Cut Above the Rest; 
Beyond compare."
寂光海會　諸聖駕臨	"Assembly of Calm Illumination; 
Esteemed presence of sages."
寂靜	Tranquility
寂然澄心	A Silent and Clear Mind
極樂世界　佛國淨土	"World of Ultimate Bliss; 
Buddha's Pure Land."
己立立人	Establish Oneself and Help Others
計量分別　要能權衡	"Weighing and Differentiating; 
Weighing the pros and cons."
積惡餘殃　多行不義	"Retribution for Unwholesome Deeds; 
Repeated unrighteous conduct."
積善成德	Good Deeds, When Accumulated, Will Eventually Become Moral Virtues
積善餘慶　好因福果	"Rewards for Wholesome Deeds; 
Blessings come from good causes."
"稽首天中天，毫光照大千；
八風吹不動，端坐紫金蓮。"	"I bow to the heaven above all heavens,
Whose aura shines on the great universe; 
Remaining unmoved by the Eight Winds,
I sit upright on the purple golden lotus. "
吉祥	Auspicious Blessings
吉祥如意	Auspicious Fulfillment of All Wishes
吉祥如意　問候祝福	"Auspicious Fulfillment of All Wishes; 
To send greetings and blessings."
吉祥生輝	Illuminating Auspiciousness
吉星高照	Auspicious Star Shining High Above
吉星高照　一帆風順	"Auspicious Star Shining High Above; 
Smooth sailing."
"急雨忽已晴，白日亦未晚；
流水從何來，浮萍竟忘返。"	"A clear sky after a sudden downpour,
Still it is daytime, not yet late.
From whence had the deluge come?
The floating duckweed forgets going home."
偈語詩詞八方放送	Verse: verse and poetry, sung in all directions
家常便飯　生活行事	"Simple Homestyle Meal; 
Daily living."
家後一生不必計較	Wife: for life, do not be calculative
家破人亡　妻離子散	"Broken Home; 
A family torn apart."
家室吉祥	Auspiciousness in the House
家賊難防　不易防範	"Thieves in the Family; 
Not easy to fend off."
嘉泰普燈錄	Record of the Jiatai Era’s Transmission of the Lamp
簡單是福	Simplicity is a Blessing
堅定善念	Strengthen Wholesome Thoughts
剪髮披緇　出家為僧	"To Tonsure and Don the Monastic Robe; 
To renounce and enter the Sangha."
揀佛燒香　厚此薄彼	"Selective Incense Offering; 
Preferential treatment."
健康富樂	Health is Wealth and Happiness
"建寺安僧傳道五洲猶似蓮華不著水
雲遊世界緣結十方亦如日月住虛空"	"To establish temples and Sangha, and propagate the Way on all Five Continents like the lotus that never touches the water;
To travel the world and broadly establish good affinities like the sun and moon that abide in emptiness."
鑑貌辨色　察顏觀相	"Discerning One's True Colors; 
Seeing through appearances."
儉能致富	Frugality Brings Wealth
簡樸惜福	Live a Simple Life and Cherish One's Blessings
見道人	One Who Sees the Way
見怪不怪　安然鎮定	"Take Things in Stride; 
Remain peaceful and calm."
見錢眼開　財迷心竅	"Itching Palm; 
Mad about money."
見善隨喜	Be a Joyful Witness of Good Deeds
見神見鬼　猜忌多疑	"Seeing Deities and Ghosts; 
To have a dubious and distrustful mind. "
見兔放鷹　掌握時機	"Upon Seeing the Rabbit, Release the Eagle; 
Seize the opportunity."
見聞覺知　根境相觸	"Seeing, Hearing, Perceiving, and Knowing; 
Mutual contact between senses and objects."
見賢思齊	Aspire to Follow the Good Examples You See
"見心偈
金翅鳥命終，骨肉盡消散。
唯有心不化，圓明光燦爛。
龍王取為珠，照破諸黑暗。
轉輪得如意，能救一切難。
如何在人中，日用而不見。"	"Mind
1) As the life of a garuda nears its end,
   Flesh and bone dissipate completely.
2) Only the mind remains,
   Bright light perfectly illuminating.
3) Taken by the dragon-king as a pearl,
   That casts away all darkness.
4) The Chakravartin attains a wish-granting jewel,
   Relieving all from every calamity.
5) How has it come to be within all,
   Functioning daily, yet unseen?"
見性成佛　明心悟道	"See One's Nature and Attain Buddhahood; 
A clear mind awakens to the Way."
見月忘指　不要著相	"Upon Seeing the Moon, Forget the Finger; 
Do not be attached to form."
"將出宜豐寺留題山房
池上蓮荷不自開，
山中流水偶然來。
若言聚散定有我，
未是回時那得回。"	"Inscription in a Mountain Chamber on Leaving Yifeng Temple
Lotuses in the pond do not blossom on their own,
Besides the occassional visits of waters from up high.
Mentions of meeting and parting always involve me,
Before it is time to go, how can I ever leave?"
將錯就錯　遷就形勢	"Let Mistakes Be; 
Accommodate the situation."
講經說法　宣揚真理	"Expound the Sutras, Convey the Dharma; 
Propagating the Truth."
降龍伏虎　本領高強	"Taming Dragons and Tigers; 
Extraordinary skills."
江海合流	Merging Rivers and Oceans
江山美人南柯一夢	Kingdom and the Beauty: just a dream
江月不隨流水去  天風直送海濤來	"The Moon in the River Does Not Go Away With the Flowing Waters
Winds from the Heaven Will Bring in the Ocean Waves"
腳不點地　功力深厚	"Walk without Touching the Ground; 
Remarkable ability."
腳踏實地　做事認真	"Keep One's Feet on the Ground; 
Work earnestly."
郊道漫步心境不同	Country Road: a different state of mind
嚼飯餵人　原味盡失	"Feeding Others Chewed Food; 
Original flavor lost."
教外別傳　不立文字	"Transmission Apart from Teachings; 
Not based on written words."
焦芽敗種　沒有生機	"Barren Seed; 
Not even a fluke of vitality."
皆大歡喜	A Win-Win Situation For All
皆大歡喜　人人滿意	"Win-Win Situation For All; 
Everyone is satisfied."
戒定慧學　學佛基礎	"Morality, Concentration, and Wisdom; 
The foundations of Buddhist practice."
戒定真香	The True Fragrance of Percept and Samadhi
戒香供養	An Offering Made Through the Fragrance of Precepts
截斷眾流　超出言外	"Resolved in a Single Word; 
Beyond words."
劫後餘生　大難不死	"Survive a Disaster; 
Escape from catastrophe."
借花獻佛　順水人情	"To Offer Borrowed Flowers to the Buddha; 
Following the flow in doing a favor."
解鈴系鈴　要靠自己	"Undo What One Has Done; 
Depending on oneself."
解行並重　知行合一	"Value Both Understanding and Practice; 
Unity of knowledge and action."
街頭巷尾　人來人往	"Busy Streets, Crowded Alleys; 
Hustle and bustle."
節外生枝　好事多磨	"A New Branch Grows out of a Knot; 
The road to happiness is paved with hardship."
節物利眾	Conserve Your Resources For the Benefit of Others
今愁古恨　綿長不止	"Present Misery and Past Regrets; 
Incessant lingering."
今山古道連綿不斷	Yesterday’s Trail in Today’s Mountain: endless
今生今世　有生之年	"This Life in This World; 
In one's remaining years."
今宵多珍重相逢夢中	Farewell Tonight My Love: see you in my dreams
金翅擘海　異想天開	"Golden Wings Parting the Sea; 
Whimsical thoughts."
金剛不壞　不合佛法	"Indestructible Diamond; 
Not in accordance with the Dharma."
金剛怒目　力的降伏	"A Fierce Gaze; 
Taming with force."
金剛座上　如如不動	"On the Diamond Throne; 
Immovable."
金光明心	The Mind of Golden Light
金光明性	The Nature of Golden Light
金口難開　不說廢話	"The Golden Mouth Rarely Opens; 
Don't run your mouth."
金面慈悲	The Golden Face of Compassion
金面如來	The Golden Face of Tathagata
金石開放	Sincerity Can Split Open Hard Metal and Stone
金烏玉兔　無常變易	"Crow in the Sun and Rabbit on the Moon; 
Impermanence strikes fast."
金玉滿堂	A House Filled With Treasures of Gold and Jade
金盞花開了有緣相見	Marigold: if with affinity, then are destined to meet
錦上添花　榮寵無比	"Making Beauty More Beautiful; 
Incomparable splendor."
進退無路　處境困難	"No Way Forward or Backward; 
On the horns of a dilemma."
盡心盡力	Mountain of Merits and Ocean of Wisdom
近悅遠來	Bring Happiness to Those Who Are Near to Attract the Far
景德傳燈錄	Records of the Transmission of the Lamp
鏡花水月　諸法空性	"Flower in a Mirror, Moon in the Water; 
All dharmas are empty in nature."
靜	Stillness
靜淨	Be Still and Pure
靜境	The State of Stillness
靜思	Quiet Contemplation
淨念	Pure Thoughts
淨念彌陀	Purely Mindful of Amitabha
淨念行善	Purify the Mind and Practice Goodness
淨善因緣	Pure and Good Causes and Conditions
淨土人間	Pureland in the World
淨土世界	Pureland
淨信因果	Pure Faith in Cause and Effect
淨因妙果	Pure Cause and Wondrous Effect
淨智妙慧	Purified Knowledge is Wondrous Wisdom
淨智人生	A Life of Pure Wisdom
經事長智　藉境練心	"Learning from Experience; 
Training the mind with each encounter."
境隨心轉　唯心世界	"The Mind Transforms Circumstances; 
A mind-only world."
敬天畏因	Fear Cause and Effect
敬畏含容	Reverence and Tolerance
井蛙之見　目光短淺	"Frog in the Well; 
Limited and narrow perspective."
究竟常樂	Ultimate and Eternal Happiness
救苦救難　濟困扶危	"Alleviate Suffering and Distress; 
Relieving the needy."
九縛一脫　徹底解決	"Untie Nine Knots in One Go; 
To resolve completely."
九品華	The Ninth Stage of Lotus Incarnation
九品蓮	The Ninth Stage of Lotus Incarnation
九品往生　最高蓮台	"Nine Grades of Rebirth; 
Born in the highest lotus throne."
"久坐方知春晝長，
靜中心地自清凉；
人言圓覺何曾覺，
但見塵勞盡日忙。"	"Long spring days only grasped after lengthy sitting.
In tranquility is the mind naturally calmed and cooled.
Of perfect enlightenment, when was it ever thus?
Hectic days of a mundane life is but all one sees."
聚沙為塔　積少成多	"Gathering Sand to Build a Stupa; 
Small things add up."
聚沙之年　童心永在	"Years Spent Playing with Sand; 
A child at heart."
"舉世多少人，無如這老漢；
不是倒騎驢，凡是回頭看。"	"Of all people in this world, none are like this old man;
Not in riding a donkey backwards, but in always looking back."
居正心安	Right Action Leads to a Peace of Mind
俱諸佛法	Be Complete in All Buddha's Teachings
具足正見	Be Complete in Right Views
具足知見	Have Sufficient Understanding and Views
絕處逢生　吉人天相	"To Come Back from Death's Door; 
Heaven protects the good."
掘地覓天　愚痴透頂	"Digging the Ground to Find the Sky; 
Utterly foolish."
覺華天心	Awakened Flower of the Mind
覺悟	Enlightenment
覺行圓滿　成佛作祖	"Perfecting the Deeds of Enlightenment; 
Attainment of Buddhahood."
覺者慈心	Compassionate Mind of the Awakened One
君子交誼	Friendship Among the Noble Ones
開發心田	Open and Develop the Field of the Mind
開花結果　因緣果滿	"Blossom and Fruit; 
The completion of cause, condition, and effect."
開口見膽　說話坦誠	"Having the Guts to Speak Out; 
Outspoken."
開門見山　直截了當	"To Come Straight to the Point; 
Direct and precise."
開山祖師　首創之人	"Founding Master; 
The founder of a monastery."
開示悟入　感應道交	"Disclosing, Indicating, Awakening, Entering; 
Resonating with the Buddha."
開心悟入	Open the Mind and Awakening Enters
開宗明義　揭示主旨	"Unveiling the Essential; 
Revealing the gist."
看風使帆　順乎自然	"Go Where the Wind Blows; 
To follow the course of nature."
看海的日子心胸寬廣	A Flower in the Raining Night: magnanimity
看孔著楔　應機說法	"Made to Measure; 
Teaching the Dharma according to aptitude."
看破紅塵　參透世情	"See Past Worldly Affairs; 
Thorough understanding of matters."
看破世界彼此放下	Seeing Through the World: letting go
康定情歌胡人風光	Kangding Love Song: foreign love
刻骨銘心　永難忘懷	"Etched in One's Memory; 
Difficult to forget."
刻舟求劍　想法錯誤	"Marking the Boat to Locate the Sword; 
Erroneous way of thinking."
渴鹿逐燄　迷真逐妄	"A Thirsty Deer Chasing Fire; 
Lost to the truth and chasing delusions."
剋期取證　限時成就	"Set a Deadline for Attainment; 
Achieved in time."
"空
須彌橫太虛，大地浮香海。
六塵蔽性天，四大遍法界。
劫火洞然時，此箇壞不壞。
何必待燒盡，然後無障礙。"	"Emptiness
Mount Sumeru penetrates the great vacuity,
The Earth emerges from the fragrant ocean.
The Six Faculties conceal one’s intrinsic nature,
The Four Elements pervade the Dharma realm. 
When the inferno at the end of the age grows,
These will be eliminated, and those not. 
Why await till all has burnt away,
To realize no hindrance exists?"
空谷傳聲　不會變樣	"Echoes in an Empty Valley; 
Never distorted."
空花水月　海市蜃樓	"Flowers in the Sky, Moon in the Water; 
All delusions."
空即是色　空有不異	"Emptiness is Form; 
Non-duality of emptiness and existence."
空間	Space
空空如也　一切皆全	"Emptiness as It Is; 
Encompasses everything."
空無為樂	Find Joy in Emptiness and Nothingness
空有不二	Non-duality of Emptiness and Existence
空有不二　緣起中道	"Non-Duality of Emptiness and Existence; 
Dependent Origination and the Middle Way"
空中樓閣　脫離現實	"Castle in the Sky; 
Out of touch with reality."
口碑載道　眾人讚歎	"A Road Filled with Praise; 
Lauded by all."
口出蓮花　妙語如珠	"Lotuses Blossoming from the Mouth; 
Wondrous words."
口出妙香	Speak Words of Fragrance
苦海茫茫　難以出離	"The Vast Sea of Suffering; 
Escape is difficult."
苦海無邊　回頭是岸	"Boundless is the Sea of Suffering; 
Head back to shore."
苦空無常　人間真理	"Suffering, Emptiness, and Impermanence; 
The Truths of life."
苦口婆心　反復勸說	"Kind Intended Advice; 
Earnest and repeated."
苦中作樂　安貧樂道	"Find Joy in Suffering; 
Make peace with poverty, and take joy in walking the Way."
枯木逢春　再現生機	"Spring Comes Upon a Withered Tree; 
The return of vitality."
枯木龍吟　總有希望	"Every Cloud Has a Silver Lining; 
There is always hope."
快樂天堂生命平等	Happy Paradise: all lives are equal
快馬加鞭　火速前進	"Spur on the Flying Horse; 
Proceed at top speed."
寬宏	A Magnificently Broad Mind
寬厚	A Broad and Kind Mind
寬厚處事	Be Kind When Dealing With Matters
寬厚仁愛	Generosity and Kindness
寬能養量	A Broadmind Fosters Capacity
寬恕	Forgiveness
寬恕為心	A Forgiving Mind
寬心	Broadminded
廓然大悟　頓悟諸法	"Sudden and Great Enlightenment; 
Realization of the Dharma."
辣妹子應改輕盈溫柔	Spicy Girl: who should be soft and gentle
來去吉祥	To Come and Go in Auspiciousness
"來時無影去無踪，
去與來時事一同；
何須更問浮生事，
只此浮生是夢中。"	"No traces upon coming, no traces upon going, 
Both coming and going are the same;
Why inquire further into this transient life?
After all, this transient life is but just a dream."
蘭花草開花心滿意足	Orchid: joyful and perfectly content
狼到南方思念草原	Wolves Coming South: recalling the grassland
老病死生　人生四相	"Aging, Sickness, Death, and Birth; 
Four phenomena in life."
老二人生	A Lifetime of Being Second
老老大大　年事已高	"Old and Senior; 
Advanced in years."
老婆心切　用心良苦	"Like an Old Woman's Constant Reminder; 
Showing great consideration."
老僧入定　如如不動	"Old Monk in Meditative Concentration; 
Unmoved as such."
樂己知命	Accept One's Own Life Joyfully
樂善好施　予人喜樂	"Kind and Charitable; 
Give others joy."
樂山樂水仁者居  有情有義智人心	"Pleasure in the Mountains and Waters is the Place of the Benevolent
Sentiment and Righteousness are in the Mind of the Wise"
樂天知命	Be Optimistic and Satisfied with Life
雷大雨小　虛張聲勢	"Loud Thunder, Little Rain; 
A bluff."
淚的小花不再說話	Flower of Tears: talking no more
冷灰爆豆　用錯方法	"Frying Beans with Cold Ashes; 
Applying the wrong methods."
冷暖自知　自我了解	"Only One Knows Whether It's Hot or Cold; 
To know first-hand.
"
冷若冰霜　神情嚴肅	"Cold as Ice; 
A serious look. "
冷言冷語　譏刺嘲諷	"Cold Words; 
Sarcastic comments. "
楞嚴經宗通	Mastering the School Tenets of the Shurangama Sutra
立地成佛	Immediate Attainment of Buddhahood
立地成佛　棄惡從善	"Immediate Attainment of Buddhahood; 
To turn from evil to virtue."
立定腳跟	Set One's Foot Firmly on the Ground
立定腳跟　認真務實	"Down to Earth; 
Earnest and pragmatic."
立功立德立言	Establish One's Merit, Virtue, and Teachings
立功有心	Aspire to Establish Merits
立雪斷臂　真心求道	"Severing an Arm in the Snow; 
Determination in seeking the Way."
理法為本	Principle and the Dharma Are the Basis
理所不容　法制難逃	"Non-Conforming to Principles; 
Inescapable justice."
禮敬諸佛　人格尊重	"Pay Homage to All Buddhas; 
Respect all beings."
利和同均　有福同享	"Harmony of Benefits; 
To share wealth equally."
利樂有情	To Bring Benefit and Joy to Sentient Beings
利樂有情　給人歡喜	"To Bring Benefit and Joy to Sentient Beings; 
Give others joy."
利衰苦樂　得失窮通	"Gain, Loss, Sorrow, Joy; 
Failure, success, gain, and loss."
利他無價	The Priceless Intention of Benefiting Others
離鄉背井　在外奔波	"To Be Away from Home; 
To venture out."
蓮邦詩選	Selection of Lotus Land Poems
聯燈會要	Compendium of Five Lamps
量大福大	The Greater the Mind, the Greater the Fortune
兩刃相傷　彼此受害	"Sword at Each Other's Throats; 
Mutual harm."
兩刃相向　互不退讓	"At Sword's Point; 
Mutual unwillingness to yield."
梁溪集	Collection of Liang Xi
梁祝往來因緣不具	The Butterfly Lovers: undestined love
了了分明	Perfectly Clear
了了分明　覺道於心	"Perfectly Clear; 
A mind awakened to the Way."
了然於心	Clear Understanding
了無罣礙　沒有牽絆	"Completely Free of Worries; 
Without obstacles."
林間錄	Record of Training in the Forest
臨渴掘井　時不我待	"To Dig a Well Only When Thirsty; 
Time waits for no one."
靈山勝境　佛國美景	"Vulture Peak; 
A magnificent Buddha land."
羚羊掛角　不留痕跡	"Antelope Hanging on a Tree by its Horns; 
Leaving no trace."
六塵供呈獻衣食美香	Six Offerings: sincerely offering fine food and clothing
六道輪迴　業報流轉	"Six Realms of Cyclic Existence; 
Continuous arising of karmic retribution."
六度萬行	All Practices Embodied Within the Six Paramitas
六耳不傳　秘密相授	"Nothing Will Leave These Walls; 
Secret passing of knowledge."
六根共修	Simultaneous Cultivation of the Six Senses
六根互用	Cooperation Between the Six Sense Organs
六根清淨　身心無染	"Purity of the Six Senses; 
Untainted body and mind."
六和清淨	Purity Maintained Through the Six Points of Reverent Harmony
六神無主　心煩意亂	"Utter Stupefaction; 
A lost and panicking mind."
六時吉祥	The Six Periods of Auspiciousness
六時吉祥　晝夜平安	"Six Periods of Auspiciousness; 
To be at peace day and night."
六祖壇經	Platform Sutra of the Sixth Patriarch
六祖無相頌指導修行	The Formless Gatha of Sixth Patriarch: guide to spiritual practice
留惑潤生　菩薩悲心	"Retaining Defilement to Liberate Living Beings; 
A bodhisattva's compassion."
琉璃世界	Lapis Lazuli World
柳綠花紅　諸法實相	"All the Colors of Nature; 
The true essence of all phenomena."
流浪天涯三兄妹不必流淚	Three Wandering Siblings: no need to shed tears
流水年華唱到白頭	Years Flow as Water: till old age
"流水下山非有意，
片雲歸洞本無心；
人生若能如雲水，
鐵樹開花遍界春。"	"Water streams down a mountain without intention,
A cloud floats into a cave without a conscious mind;
If life can be like cloud and water,
Iron trees will blossom and spring will pervade."
流星人生不能等待	Shooting Star: life does not wait
龍鳳呈祥人間天堂	Dragon and Phoenix Bringing Prosperity: heaven on Earth
龍華三會　共結來緣	"Three Dragon-Flower Assemblies; 
Creating a future filled with good affinities."
龍蛇混雜　賢愚不分	"Dragons Commingled with Snakes; 
Unable to distinguish sages from fools."
龍象蹴踏　調伏根識	"Like the Trample of a Dragon Elephant; 
Subduing the root consciousness."
龍吟虎嘯　氣勢盛大	"Dragons and Tigers Roaring; 
Strong vigor."
樓台會相聚生死離別	Meeting at the Tower: joyful union, sorrowful parting
露出馬腳　好事敗壞	"Give the Game Away; 
Plan ruined."
綠島小夜曲冤沉大海	Serenade of Green Island: fathomless sea of sorrow
鹿港小鎮是我故鄉	Lukang, the Little Town: my hometown
路見不平　見義勇為	"Stand Up Against Injustice; 
Act bravely for a just cause."
驢唇馬嘴　胡說瞎扯	"Lips of a Donkey, Mouth of a Horse; 
Recklessly spewing nonsense."
驢鳴犬叫　文詞拙劣	"Like Donkeys Braying and Dogs Barking; 
Awkward and inept communication skills."
驢前馬後　任人使喚	"Before the Donkey, Behind the Horse; 
Being ordered around."
驢胎馬腹　不合正道	"Womb of a Donkey, Stomach of a Horse; 
Deviated from the right path."
廬山真面　本來面目	"The True Face of Mount Lu; 
Original face."
魯魚亥豕　烏焉為馬	"Donkey and Mules are not Horses; 
To mistake similar images."
綸音佛語　心悅成道	"Imperial Edict and Buddha's Words; 
Enlightened with a joyous mind."
落二落三　已失真義	"Not From the Original Source; 
Deviating from the Truth."
落花有意　順其自然	"Falling Petals Follow the Stream; 
To go with the flow."
落實人生	A Life of Practicality
落湯螃蟹　手忙腳亂	"Like Crabs in Boiling Soup; 
Be in a spin."
羅漢驅龍　神通廣大	"The Arhat Expelling the Dragon; 
Great supernatural power."
媽媽請您也保重母愛如天	Mother, Please Take Care: a mother’s love
買帽相頭　權宜善巧	"Tailor-Made; 
Expedient means."
賣湯圓小販供給飽餐	Selling Rice Balls: peddler offering food
漫步人生路悲喜無助	Stroll on The Road of Life: sorrowful and helpless
滿江紅悲壯精忠報國	The Whole River Red: moving and tragic loyalty
盲龜浮木　難遭難遇	"A Blind Turtle Pokes through the Hole of a Floating Plank; 
Once in a blue moon."
盲人摸象　一知半解	"Blind Men Touching an Elephant; 
To know only parts."
忙裏偷閒　抽出時間	"A Moment of Leisure in a Busy Life; 
Make some time for yourself."
忙是營養　快樂人生	"Keeping Busy is Nutritious; 
A happy life."
芒鞋竹杖　參學問道	"Straw Sandals, Bamboo Staff; 
Chan practitioners seeking the Way."
貓的生活與人為伴	Cat: a cat’s daily life as companion to humans
玫瑰玫瑰我愛您心頭滋味	Rose, Rose, I Love You: feelings of the heart
梅花芳香人格高下	Plum Blossom: elevated personality
美化因緣	Beautify Causes and Conditions
美人美心	Beautify One's Appearance and Heart
眉毛廝結　共相和合	"Joined at the Hip; 
On the same wavelength."
眉鬚墮落　果報現前	"Losing One's Hair and Brow; 
Karmic retributions coming forth."
門裏門外	Inside and Outside the Door
門裡門外	Inside and Outside the Door
夢幻泡影　虛無飄渺	"Dream, Illusion, Bubble, and Shadow; 
Vaguely discernable."
夢駝鈴響起故鄉難忘	Dream Camel Bells: hometown nostalgia
夢向何處尋黃梁思裏	Where Is the Dream: just a dream
夢中說夢　虛無不實	"A Dream within a Dream; 
Not real."
夢中有夢夜鶯也夢	Dream: dream within a dream, even for a nightingale
密護根門	Guard the Sensory Faculties Closely
密在汝邊　道在無言	"Always Close to You; 
The Way is inexpressible."
迷頭認影　執著妄相	"Chasing Shadows in Ignorance; 
Attachment to delusions."
迷悟在人	There is a Choice Between Ignorance and Enlightenment
迷悟之間　苦樂關鍵	"Between Ignorance and Enlightenment; 
A turning point of suffering and happiness."
面壁功深　等待機緣	"Facing the Wall in Deep Meditation; 
Great achievement awaits the right moment."
面面相覷　不知所措	"Looking at Each Other in Dismay; 
At a loss."
面授機宜　傳與策略	"Personalized Instruction; 
Passing on strategies and methods."
妙	Wonderful
妙法蓮華	Lotus of the Wonderful Dharma
妙華	Wonderful Flower
廟會信仰層次不同	Temple Fairs: different levels of beliefs
妙吉祥	Wondrous Auspiciousness
妙妙妙	Wonderful, Wonderful, Wonderful
妙人	A Wondrous Person
妙善知識	A Wondrous and Virtuous Mentor
妙心	A Wondrous Mind
妙心成就	A Wondrous Mind Leads to Success
妙心吉祥	A Wondrous Mind Brings Auspiciousness
妙語春風	Wonderful Words Are Like Warm Spring Breezes
明鏡高懸　老天有眼	"A Bright Mirror Hung High; 
Heaven is watching."
明淨山水	Clear and Pure Mountain and Water
明天還是要繼續不會嘆息	Tomorrow Still Have to Continue: no more sighs
明天會更好奮發必成	Tomorrow Will Be Better: strive for success
明投暗合　別有玄機	"Merging of Light and Darkness; 
Another state of profound meaning."
明心見性	Think Positively
明心見性	Understand One's Mind and See One's True Nature
明心見性	Understand One's Mind and See One's Instrinsic Nature
明心見性　找到自己	"Realize the Mind and See One's Intrinsic Nature; 
To find yourself."
明心人	A Clear-Minded Person
明心悟道	A Clear Mind Awakens to the Way
明因識果	Understand Causes and Recognize Effects
明月當空	A Shining Moon High in the Sky
明月千里寄相思心如明月	The Moon Sends My Love from Afar: heart bright as the moon
明月星光	Bright Moon, Shining Stars
明知故犯　不懷好意	"Deliberate Violation; 
To harbor malicious intents."
明珠寶藏	Shining Jewel and Treasure
命若懸絲　危在旦夕	"Life Hanging by a Thread; 
Facing immediate danger."
冥陽兩利　生亡受益	"Benefiting Both the Living and Deceased; 
Gains for all."
默擯置之　不要睬他	"Give the Cold Shoulder; 
To ignore someone."
默觀	Silent Contemplation
茉莉花綻放美麗芬芳	Jasmine Flower: beautiful and fragrant flowers
陌路相逢　或有轉機	"A Chance Encounter; 
It may be a turning point."
磨磚作鏡　去痴見道	"To Polish a Brick into a Mirror; 
Extinguish ignorance and see the Way."
目瞪口呆　受到驚嚇	"To Be Struck Dumb; 
Frightened to death."
目機銖兩　別具慧眼	"A Keen Eye for Detail; 
Shrewd perspective."
木棉道落花熱情燃燒	Kapok Road: wilting flowers, burning passion
"木食草衣心如月，
一生無念復無涯；
世人若問居何處，
綠水青山是吾家。"	"Coarse food, ragged clothes, and a moon-like heart,
An entire life of selflessness, I come near infinity;
Shall people ask me where I live,
Verdant water, and green mountains are my home."
衲僧鼻孔　佛道根本	"The Nostril of a Chan Master; 
The essence of Buddhist practice."
男大須婚　綱常倫理	"Grown Sons Should Marry; 
Family obligations and ethics. "
男兒當自強比日光亮	A Man Should Better Himself: brighter than the sun
南屏晚鐘唱醒迷夢	Nan Ping Evening Bells: dreams awakened
南無阿彌陀佛	Homage to Amitabha Buddha
南無觀世音菩薩	Homage to Avalokitesvara Bodhisattva
內觀自在	Attain Perfect Ease Through Contemplation
內外一如	Unity of the Outer and Inner Self
能動能靜	Enjoy Both States of Being Still and Active
能所雙忘　超越彼此	"Forgetting Subject and the Object; 
Transcending both."
能知善用	Learn to Use Your Knowledge Wisely
泥船渡河　不堪負荷	"Mud Boat Crossing the River; 
Cannot bear much weight."
泥多佛大　水漲船高	"The More Clay, the Larger the Buddha; 
The higher the tide, the higher the boat."
泥牛入海　絕了消息	"A Mud Ox Entering the Sea; 
To vanish with no news."
泥塑木雕　藉假修真	"Clay Sculpture and Wood Carving; 
Think it till one believes it."
泥娃娃無親大家愛它	Clay Doll: adored by all
泥中洗土　越洗越髒	"Washing Soil in the Mud; 
To make it worse."
逆水行舟　奮起向前	"A Boat Against the Current; 
To forge ahead with high spirits and vigor."
逆增上緣　逆向成就	"Treat Adverse Conditions as Contributory Conditions; 
Setbacks can be the cause of success."
你好	How Are You
你儂我儂相互友好	You and I: close and intimate
你死我活　鬥爭激烈	"A Struggle of Life and Death; 
Fierce competition."
你我感動	You and I are Moved
念佛第一	Chanting the Buddha's Name As Priority
"念佛無非念自心，
自心是佛莫他尋；
眼前林樹並池沼，
晝夜還能演法音。"	"Mindfulness of the Buddha is mindfulness of the heart,
One’s heart is a buddha, so seek nowhere else,
The trees and lakes before one’s eyes
Can voice even the Dharma day and night."
念念不忘　惦記在心	"Constantly Keep in Mind; 
Near to one's heart."
拈花微笑　傳授密意	"Buddha’s Flower and Kasyapa’s Smile; 
Passing on the hidden teaching."
拈香擇火　虔誠恭敬	"Offering Incense; 
Sincerely and respectfully."
年輕不要留白放開胸懷	Live While We’re Young: an open heart
捏目生花　迷惑幻相	"Rubbing the Eyes to See Visions; 
Lost in delusion."
涅槃妙心	Nirvana as Wondrous Mind
寧靜	Serenity
牛鬼蛇神　遠離為要	"Demons and Monsters; 
Best kept at a far distance."
牛頭馬面　鬼使神差	"Guardians of the Underworld; 
Messengers of ghosts and deities."
弄光影漢　僅見表相	"Take the Shadow for the Substance; 
Superficial view."
弄巧成拙　好事變樣	"To Outsmart Oneself; 
Things go the wrong way."
女長須嫁　人間世情	"Marry off a Grown Up Daughter; 
The way it is."
奴郎不辨　主僕難分	"Confusing the Servant for the Master; 
Unable to distinguish between them."
盼望有緣四海交流	Hope: for affinities with the entire world
拋頭露面　有失體統	"Breaking Decorum; 
Against propriety."
拋磚引玉　為善示範	"To Throw Out a Minnow to Catch a Whale; 
Setting an exemplary precedent."
培養善緣	Foster Good Conditions
朋友相交如同手足	Friends: like brothers and sisters
披毛戴角　投作畜生	"Clothed in Fur and Horn; 
Rebirth as an animal."
披星戴月　精進不懈	"Under the Moon and Stars; 
Unwavering diligence."
毘尼日用　生活律儀	"Daily Practice of Vinaya; 
Moral discipline in everyday living."
琵琶怨哀愁紅顏薄命	The Sorrowful Pipa: beauty with an unfortunate life
皮紙骨筆　捨身求道	"Willing to Give an Arm and a Leg; 
Self-sacrifice for the Way."
飄洋過海來看您望能相依	Cross the Ocean to See You: waiting to be in your arms again
品味	Elegance
貧無立錐　窮愁潦倒	"Utterly Destitute; 
Despairingly poor."
平安	Safety and Peace
平步青雲	Be On a Steady Rise
平常心	Ordinary Mind
平常心是道	Ordinary Mind is the Way
平等忍	Universal Tolerance
平地登天　福德超人	"To Ascend to Heaven; 
To exceed others in merits and virtue."
萍水自在	As Free As Drifting Duckweed
破顏微笑　面露笑容	"Break into a Smile; 
Put a smile on your face."
普慈一切	Universal Compassion
普度眾生　饒益有情	"Liberate and Benefit All Sentient Beings; 
Have compassion and benefit all sentient beings."
普門示現　慈悲廣大	"Universal Manifestation; 
Vast loving-kindness and compassion."
普同供養　利和同均	"Universal Offering; 
Equal benefits for all."
菩薩道念	A Bodhisattva's Aspiration
菩薩低眉　俯視群生	"A Bodhisattva's Gaze; 
Compassion for sentient beings."
菩薩氣度	The Bodhisattva Spirit
菩薩情懷	The Heart of a Bodhisattva
菩薩畏因 眾生畏果	Bodhisattvas Fear the Cause, Sentient Beings Fear the Effect
菩薩心腸　仁慈善良	"The Heart of a Bodhisattva; 
Compassionate and kind."
菩薩學處	A Bodhisattva's Learning
"菩提本無樹，明鏡亦非台，
本來無一物，何處惹塵埃？"	"Bodhi was a never tree,
Nor the bright mirror a stand;
Since nothing ever was,
Where can the dusts alight?"
菩提樹靜坐睹星悟道	Bodhi Tree: sitting and gazing upon the stars, realizing the Truth
菩提心	Bodhi Mind
菩提真心	The True Bodhi Mind
七出八沒　了悟內容	"All Bases Covered; 
Fully apprehending the essence."
七顛八倒　昏頭轉向	"Topsy-Turvy; 
Confused and disorderly."
七級浮屠　重重無盡	"Seven-Storey Pagoda; 
Endless layers."
七零八落　支離破碎	"Everything Falling Apart; 
Shattered into pieces."
七情六慾　煩惱來源	"Seven Emotions, Six Desires; 
Source of affliction."
七上八下　心神不定	"Heart-Pounding Nervousness; 
An unsettled mind."
七手八腳　動作忙亂	"Too Many Cooks in the Kitchen; 
To be in a flutter."
七縱八橫　往來自如	"Through and Across; 
Coming and going in perfect ease."
期待再相會情誼萬千	Looking Forward to Meet Again: profound friendship
騎驢覓驢　不知本是	"Looking for the Donkey When Riding on It; 
Unaware of one's original nature."
棄明投暗　自甘墮落	"Out of the Light and into the Darkness; 
To abandon oneself."
起模畫樣　如法炮製	"Create a Replica; 
To imitate what others did."
祈求希望眾生得度	A Prayer: a wish for all beings to be liberated
氣勢	Imposing Manner
氣象萬千	Majestic in All Its Variety
祇樹有緣　善願必成	"An Affinity with Jetavana; 
Good wishes will come true."
漆桶底脫　忽然明白	"Flash of Insight; 
Sudden understanding."
謙卑	Humbleness
謙恭尊重	Be Modest and Respectful
謙能受益	Humbleness Brings Good
謙虛受教	Be Modest and Open to Instructions
謙以待人	Be Humble in Dealing with People
前世今生　生命流轉	"Past and Present Lifetimes; 
The cycle of life."
前因後果　果必有因	"Past Causes and Future Effects; 
Effects must have causes."
牽手夫婦樂天知命	Holding Hands: happy husband and wife
遷單擯出　驅逐離開	"Expelled From the Monastery; 
Driven out and banished."
千差萬別　種類繁雜	"Manifold Diversity; 
A wide and complex variety."
"千峯頂上一間屋，
老僧半間雲半間；
昨夜雲隨風雨去，
到頭不似老僧閒。"	"A single hut atop a thousand peaks,
This old monk resides between the clouds;
Last night, they were taken away by the storm,
Making the old monk look busier than before."
千家萬戶　社會繁榮	"Thousands of Families and Households; 
A prosperous society."
千里迢迢　路途遙遠	"Miles and Miles Away; 
A long, faraway road."
千里同風　說法圓通	"The Same Wind Blows a Thousand Miles; 
Unobstructed in speaking the Dharma."
"千里投書只為牆，
讓他三尺有何妨；
萬里長城今猶在，
不見當年秦始皇。"	"A letter sent across a thousand miles for merely a wall,
Does it matter if a foot of space is yielded?
Today, the Great Wall still stands,
But no longer seen is the First Emperor of Qin."
千里之外友誼不變	Faraway: friends forever
千奇百怪　花樣過多	"Fantastic Oddities of Every Description; 
Excessive ways of doing."
千山萬水	Crossing Mountains and Rivers
千生萬死　痛苦難熬	"A Thousand Births and Ten Thousand Deaths; 
An unbearable ordeal.
"
千邪百怪　妖魔鬼眾	"Nefarious Army of Monsters; 
A multitude of demons and ghosts."
千辛萬苦　百般勞碌	"Untold Pain and Suffering; 
Toiling in every possible way."
敲骨吸髓　剝削壓榨	"Bleed Someone Dry; 
To exploit and oppress."
敲枷打鎖　解脫束縛	"Throw Off the Shackles; 
To liberate from constraints."
敲門瓦子　進身之階	"Stepping Stones; 
The stages to one's promotion."
敲敲門問您花有開否	Knock Knock: have the flowers bloomed yet?
敲磚打瓦　還未全知	"Knocking the Bricks, Hitting the Tiles; 
Not knowing the full picture."
勤能補拙	A Lack of Talent Can Be Made Up By Hard Work
傾腸倒腹　毫無隱瞞	"Spill One's Guts; 
Hold nothing back."
慶快平生　歡喜安樂	"Content with One's Life; 
Joy and peace."
青春舞曲熱情洋溢	Faded Beauty: full of passion
青燈黃卷　深夜苦讀	"Yellow Scrolls Under a Dim Light; 
Study far into the night."
青青河邊草伴我到老	Green, Green Is the Grass by the River: till death do us part
青山不老	Green Mountains Don't Turn Old
"青山幾度變黃山，
世事紛飛總不干；
眼內有塵三界窄，
心頭無事一床寬。"	"Many a time have green mountains turned yellow,
Despite the troublesome worldly affairs I stay free;
Dust in the eye makes even the Three Realms seem small,
A carefree mind sleeps always on a bed spacious and wide."
青山綠水　當下即是	"Green Mountains and Clear Waters; 
The moment as it is."
清白人生	A Purified Life
清風高誼	Clear Breeze and High Nobility
清規戒律　華梵法治	"Upholding Pure Rules and Precepts; 
Good governance."
清淨真如海	Pure Tathata like the Ocean
清涼法水　消災免難	"Invigorating Dharma Water; 
Free from difficulties and relieved of calamities."
清涼自在	Refreshing and Free
清涼自在	Remain Calm and At Perfect Ease
"清湘西山寺無量壽塔
黄花翠竹真如性，
大地山河清淨身。
欲識今時無量壽，
不知瞻禮是何人。"	"On Wuliang Shou Pagoda Wall at Qingxiang Xishan Temple
Yellow flowers and green bamboo are thus natural,
The Earth, mountains and rivers, His pure body.
Wanting to recognize the infinite life in this moment,
Without knowing to whom one’s homage is paid."
"清夜無塵月似秋，
放舟淮水入江流；
風帆載我歸何處，
海闊天空一任游。"	"An Autumn Moon in the Clear, Dustless Night
An autumn moon in the clear, dustless night,
A boat sails atop the waters of River Huai;
Willl the sail take me to that place called home?
Beneath the endless sky and boundless ocean—I travel."
情理難容　無法寬宥	"Unforgivable Circumstances; 
Intolerable."
情生智隔　蒙蔽心慧	"Wisdom Clouded by Emotions; 
Deceiving one's mind."
情同骨肉　情誼深厚	"Like One's Flesh and Blood; 
To share deep sentiments and affection."
情義人生	A Life Lived in Commitment and Righteousness
秋蟬歌唱難過冬防	Autumn Cicada: singing throughout the long cold night
秋詞感傷擁在心上	Song of Autumn: heart-felt sentiments
求真求全	Pursuit of the Truest and Most Complete
去偽存真　轉識成智	"Removing Illusions, Retaining the Truth; 
Transforming knowledge into wisdom."
去粘解縛　隨緣自在	"Remove Attachments and Untie Strings; 
Follow conditions with perfect ease."
全力以赴	Give Your Best Effort
全始全終	From Beginning to End
全唐詩	Complete Collection of Tang Poems
全心服務	Serve With Wholeheartedness
群魔亂舞　胡作非為	"Demons Dancing; 
Running amok."
讓我們看雲去內心愁緒	Let’s Go Watching Clouds: a sad heart
饒益有情	Have Compassion and Benefit All Sentient Beings
饒益有情　利益大眾	"Have Compassion and Benefit All Sentient Beings; 
To benefit everyone."
仁慈行者	A Practitioner of Benevolence and Compassion
仁慈修心	Cultivate the Mind with Compassion
仁和安康  富樂吉祥	May Benevolence and Harmony Bring Peaceful Wellbeing, Let Abundance and Joy Yield Auspiciousness in Our Lives
仁厚	Benevolence and Honesty
人道路上是非一場	Humanity: a matter of right and wrong
人貴知心	Understanding Is Most Valuable Among People
人和	Busy in Body but Free in Mind
人和為貴	Harmony is Precious
人間地獄　五濁惡世	"Hell in the Human World; 
Saha World: the world of Five Turbidities."
人間佛教　善美淨化	"Humanistic Buddhism; 
Virtuous, beautiful, and pure."
人間歡喜	Joy in the Human World
人間吉祥	Auspiciousness in the World
人間淨土	Pureland on Earth
人間菩薩	Bodhisattvas in the World
人間情義	Sentiment and Righteousness in the World
人間萬象變幻無常	Mortal World: changes in manifold
人忙心閒	Busy in Body but Free in Mind
人忙心閑	Busy in Body but Free in Mind
仁人之心	A Mind of Benevolence
仁山智海	Mountain of Benevolence and Ocean of Wisdom
仁山智水	Benevolent as Mountain; Wise as Water
仁心益世	A Benevolent Mind Benefits the World
仁義傳家	A Family Tradition of Benevolence and Righteouness
仁者無敵	The Benevolent Has No Enemies
仁至義盡	Do All That You Can to Help Others
忍俊不禁　無法克制	"Can't Help Laughing; 
Uncontrollable."
忍力增上	Patient Endurance Yields Advancement
忍辱負重　承擔苦難	"To Suffer in Silence; 
To tolerate all kinds of hardship."
忍無可忍　還是要忍	"More Than One Can Bear; 
Hang in there."
忍者有力	The Tolerant are Strong
認奴作郎　顛倒關係	"Mistaking the Servant for the Master; 
Distorting roles."
認識自己	Know Yourself
認賊為子　識人不明	"Take a Thief as One's Son; 
Discerning others incorrectly."
人貧志短　徒勞自困	"Poverty Shortens Aspirations; 
Trapped in futility."
"人人皆是天真佛，
晝夜六時常放光；
剃了眉毛觀自得，
何勞特地禮西方。"	"Innately buddha is every individual, 
Emitting light day and night; 
Shave your eyebrows and contemplate your own attainment,
Why prostrate towards the West?"
"人善人欺天不欺，
人惡人怕天不怕；
善惡到頭終有報，
只爭來早與來遲。"	"Heaven does not deceive kind hearts, only humans do.
Heaven does not fear villains, only humans do.
Karmic retributions, good or bad, are only eventual.
Sooner or later? It is the only difference."
人身難得　盲龜尋木	"Hard It Is to Obtain a Human Body; 
Like a blind turtle seeking wood in the great ocean."
人生路向前不必回頭	Road of Life: keep going, never turn back
人生如畫	Life is Like a Painting
"人生三重界
1) 參禪前，
    看山是山，看水是水；
2) 參禪中，
    看山不是山，看水不是水；
3) 悟道後，
    看山仍是山，看水仍是水。"	"Three Statuses of Mind
1) Before Chan, 
    a mountain is a mountain, water is water;
2) During Chan, 
    a mountain is no longer a mountain, water is no longer water;
3) After Chan and enlightenment, 
    a mountain is once again a mountain, and water once again water."
人死燈滅　可以重燃	"Death is an Extinguished Light; 
It can be rekindled."
人天福報　所想皆成	"Blessings of Heaven and Earth; 
Everything as one wishes."
人天眼滅　慧日西沉	"An End to the Divine and Human Eye; 
Wisdom waning like the setting sun."
人問吉祥	Auspiciousness in the World
人我和敬	Harmonious and Respectful Relations
人我和諧	Harmony Between Self and Others
人我無間	No Boundaries Between You and Me
人我一如	Unity Between Self and Others
人正心中	Have a Righteous Heart
人之常情　自然反應	"Human Nature; 
To react naturally."
人中獅子　才能出眾	"A Lion Among Humans; 
To have outstanding abilities."
任性逍遙　隨緣自在	"To Heed One's Nature Freely; 
Follow conditions with perfect ease."
任運騰騰　隨順自然	"Let Things Be; 
Let nature take its course."
日出人生	A Life Like the Rising Sun
日久歲深　時不我與	"As the Days Age into Years; 
Time will not wait for me."
日日好日	Everyday is a Good Day
日日吉祥	Everday is Auspicious
日日生息	Make a Steady Progress Everyday
日日是好日	Everyday is a Good Day
日日增上	Make Daily Improvements
日上三竿　時光不待	"The Sun Is Three Poles High; 
Time waits for no one."
日月光華	Brilliance of the Sun and Moon
日月心辰	The Sun and Moon of the Mind
日照人間	The Sun Shining on the World
融和共處	Coexisting in Harmony
融和無礙	Harmony Has No Obstructions
榕樹下緣份慈心為本	Under the Banyan Tree: affinities, compassion are the basis
柔軟心	A Soft and Gentle Heart
肉身不壞　全身舍利	"Indestructible Body; 
Whole-body relic."
肉身菩薩　金身不壞	"The Bodhisattva's Body; 
Golden and indestructible."
肉眼愚眉　見識淺陋	"Through the Naked Eyes of a Fool; 
Shallow knowledge."
入不二門	Enter the Gate of Non-Duality
入不退地	Enter the Ground of No Regression
入佛知見	Entering the View of the Buddha
入佛知見　與佛相應	"Entering the View of the Buddha; 
Resonating with the Buddha."
入海算沙　深廣難測	"Counting Sands in the Sea; 
Profound, boundless, and immeasurable."
入如來家	Enter the Home of the Tathagata
入如來智	Enter the Wisdom of the Tathagata
入三摩地	Enter Into Samadhi
入鄉隨俗　順應人情	"When in Rome, Do as the Romans Do; 
Adapt to local customs."
入主出奴　涇渭分明	"Masters and Slaves; 
To make a clear distinction."
如空能容	Like the All-Encompassing Emptiness
如來之家	Home of Tathagata
"如滿禪師偈
1) 佛從無為來，滅向無為去，
2) 法身等虛空，常住無心處。
3) 有念歸無念，有住歸無住。
4) 來為眾生來，去為眾生去。
5) 清淨真如海，湛然體常寂。
6) 智者善思維，更莫生疑慮。
7) 佛體本無為，迷情妄分別；
8) 法身等虛空，未曾有生滅。
9) 有緣佛出世，無緣佛入滅，
10) 處處化眾生，猶如水中月。
11) 非常亦非斷，非生亦非滅，
12) 生亦未曾生，滅亦未曾滅。
13) 了知無心處，自然無法說。"	"Verse by Chan Master Ruman
The Buddha come and gone, dependent on causes and conditions. His Dharmakaya fills the universe and always resides in undeluded minds. As thoughts settle on non-thoughts, he abides in no abode, coming and going for the sake of sentient beings. Within the pure ocean of suchness, his pristine Dharmakaya exists always. The wise should contemplate as such and there is no need for any doubt.

The nature of the Buddha is beyond conditions, we differentiate due to our delusions. The Dharmakaya fills the universe and has neither birth nor death. With the right conditions, the Buddha appears in this world; when the right conditions pass, the Buddha enters parinirvana. He liberates sentient beings everywhere, like the moon in water. Neither permanent nor impermanent; no birth and no death. Lives, yet is never born; enters nirvana, yet has not ceased. When mind sees emptiness, there is no Dharma to speak of."
如沐春風	Bathing in the Spring Breeze
如喪考妣　父母雙亡	"Grief-Stricken; 
As if both parents have passed away."
如是我聞　照樣宣說	"Thus Have I Heard; 
To proclaim what was said."
如湯沃雪　輕而易舉	"Like Melting Snow with Hot Water; 
With no difficulty."
如意安康	As You Wish, Safety, and Health
如意吉祥	Luck and Auspiciousness
如飲醍醐　聞道法喜	"As if Having the Finest Cream; 
Joy from hearing the Dharma. "
如影隨形　善惡業力	"Like Shadows Following the Body; 
The karma of wholesome and unwholesome deeds."
若即若離　貌合神離	"Neither Close nor Distant; 
Appearing united, but divided at heart."
"若能轉悟即如來，
春至山花處處開；
自有一雙慈悲手，
摸得人心一樣平。"	"One who can turn to enlightenment is a tathagata,
Upon spring, mountain flowers bloom everywhere;
Inherent are those compassionate hands,
That reach out and make every heart just as fair. "
"若人欲拿金碧峯，
除非鐵鍊鎖虛空。
虛空若能鎖得住，
再來拿我金碧峯。"	"Capture the Peak of Golden Blue?
First chain down the void of emptiness.
Only when emptiness is ball and chain,
Then seek to capture this Peak of Golden Blue."
弱肉強食　也是無奈	"The Weak are Prey to the Strong; 
Helplessness."
灑灑落落　任運自在	"Easy and Frank; 
Be at perfect ease when following conditions."
三寶放光	The Radiating Triple Gem
三不朽	The Three Imperishables
三德六味　典座美德	"Three Virtues and Six Tastes; 
Virtues of a chef."
三法印	Three Dharma Seals
三跪九叩　中國古禮	"Kneel Three Times, Kowtow Nine Times; 
Ancient Chinese observance of propriety."
三好人家	Three Acts of Goodness Family
三好人生	A Life Lived in the Three Acts of Goodness
三好之家	A Family that Follows the Three Acts of Goodness
三教九流　各項各業	"Three Religions and Nine Schools; 
People from all walks of life."
三界為心	The Three Realms Are All a State of Mind
三界星華	Splendid Stars Within the Three Realms
三覺圓	Perfection of Three Awakenings
三輪體空　物我俱忘	"Emptiness of the Three Aspects of Giving; 
Seeing the object and self as non-substantial."
三摩地	Samadhi
三鳥飛空	Three Birds Flying in the Sky
三鳥飛空　各有遠近	"Three Birds Flying in the Sky; 
Distance is relative."
三千大千　時空無限	"Three Thousand-fold World System; 
Infinite time and space."
三生有幸　宿世好運	"Blessings from the Past Three Lifetimes; 
Good fortune from one's past lives."
"三十年來尋劍客，
幾回落葉又抽枝；
自從一見桃花後，
直至如今更不疑。"	"Ode on Peach Blossom Enlightenment
For thirty years I have searched for a swordsman, 
Many times the leaves have fallen and budded again;
Ever since seeing peach blossoms, 
Until now I have never doubted again."
"三十三天天外天，
九霄雲外有神仙；
神仙本是凡人做，
只怕凡人心不堅。"	"Above the Thirty-Three Heavens
Above the Thirty Three Heavens is yet one higher,
Over the loftiest clouds celestial deities reside;
Since these deities were originally humans,
Could it be that the ordinary minds are uncertain?"
三世十方	Three Periods and the Ten Directions
三世因果　輪迴不止	"Karma of the Three Time Periods; 
Endless cycle of birth and death."
三世有緣　關係無限	"Affinities of Past, Present, and Future; 
Endless connections."
三獸渡河　各有深淺	"Three Animals Crossing the River; 
Depth is relative."
三頭六臂　神通廣大	"Having Three Heads and Six Arms; 
Great supernatural power."
三心已明	Clear Attainment of the Three Minds
三學增上	The Three Learnings
三有均資	Equal Attainment of the Three Kinds of Existence
三月裏的小雨流水不停	Gentle Rain in March: unstopping rain
三災八難　惡業果報	"Three Calamities and Eight Difficulties; 
Unwholesome karmic retribution."
色即是空　有空不二	"Form is Emptiness; 
Non-duality of emptiness and existence."
森羅萬象　包容一切	"Every Myriad Form; 
Able to embrace all."
僧多粥少　供不應求	"Many Monastics, Limited Congee; 
Not enough to go around."
沙裏淘金　事倍功半	"Panning Sand for Gold; 
Twice the effort for half the result."
山不轉水轉峯迴路轉	Turning: twists and turns
山茶花貴氣心內難忘	Camellia: extravagance, unforgettable
"山重重又水重重，
透出重重重見功；
重重妙義重重意，
不管東西南北風。"	"Over mountains, across rivers,
Time and time again, we endure;
Levels of wonder, and layers of meaning,
East, West, North, South, just let the winds blow."
山頂上黑狗兄歌聲誘人	Fine Alpine Milkman: beautiful voices
山歌小放牛農家樂趣	Little Shepherd: joys of farming
山光水色　風景如畫	"Beautiful Mountains and Rivers; 
Picturesque landscapes."
山海慧心	Wisdom Like the Mountain and Ocean
"山居偶成四首（其二）
滾滾紅塵古路長，
不知何事走他鄉；
回頭日望家山遠，
滿目空雲帶夕陽。"	"Four Random Works in Reclusion (2)
In the never-ending turmoil of the chaotic world,
I, without reason, am faraway from where I belong;
Looking back to the mountain which I call home,
Streaks of twilight, empty clouds are what my eyes own."
"山居十三首（其六）
雪老蒼松古，僧閒水石清；
坐來忘百慮，眼見一身輕。"	"Thirteen Poems on Life in the Mountains (6)
Aging snow, green pines,
A free monk, and crystalline creeks;
Sit away the world’s worries,
Look upon a life utterly free."
"山居十三首（其十二）
日月如飛鳥，乾坤似轉丸；
浮生忙裏度，誰向靜中看。"	"Thirteen Poems on Life in the Mountains (12)
The sun and moon like flying birds,
The universe a rotating orb;
A whole life lived in vain,
Who has ever looked into the quietude."
"山居十三首（其十三）
長明一盞燈，夜對心更寂；
多少醉眠人，夢中狂未息。"	"Thirteen Poems on Life in the Mountains (13)
An undying lamp set alight,
The heart of night is made more calm;
Just ponder those drunken minds,
Restless they remain in the dream of night."
"山居十三首（其十一）
獨坐長松下，悠然太古心。
高山流水意，誰復是知音。"	"Thirteen Poems on Life in the Mountains (11)
Beneath a pine tree I sit,
Carefree and timeless is mine heart;
Those flowing hearts of rivers from up high,
Who will come to know that heart of mine?"
"山居十三首（其五）
一枕黃粱夢，千秋汗血功；
秪知常不朽，誰信轉頭空。"	"Thirteen Poems on Life in the Mountains (5)
Within just a dream,
Ageless merit by blood and sweat;
To say that nothing is forever,
Who would believe all is but a dream."
山明水秀	Beautiful Mountains and Clear Water
山水人生	A Life of Mountain and Water
山水人生	The Landscape of Life
"山也空來水也空，
隨緣變現體無窮；
青山綠水依然在，
為人疑忌難相容。"	"Empty are the mountains, also the water,
Everchanging conditions, endless potentials;
Still the green mountains and verdant water,
Only by doubtful minds are they rejected."
善財難捨　吝於布施	"Deep Pockets and Short Arms; 
To give stingily."
善慈覺悟	Pure Compassion and Enlightenment
善惡有報　業報昭然	"Good and Evil Have Their Retributions; 
Karmic retributions manifest as such."
善根增長	Enhance the Root of Wholesomeness
善解佛意	Understand the Buddha's Intentions Correctly
善男信女　佛門弟子	"Good Men and Devout Women; 
Disciples of the Buddha."
善巧方便	Skillful and Expedient Means
善巧方便　權宜利世	"Skillful Means; 
Expedient teachings."
善思	Think Wisely
"善似青松惡似花，
看看眼前不如它；
有朝一日遭霜打，
只見青松不見花。"	"Good is like the pine, and evil the flower,
At one glance the latter may seem lesser;
Until the day when both are slashed by frost,
All that is left is not the flower, but the pine."
善心吉地	A Kind Heart Found With Auspiciousness
善心妙果	A Good Heart Brings Wonderful Effects
善用時間	Use Time Wisely
善有善報　因果不爽	"Good Begets Good; 
Cause and effect at work."
傷風敗俗　道德淪亡	"Transgression of Customs and Traditions; 
Deterioration of morals."
上善若水	The Highest Form of Benevolence is Like Water
上台下台　能上能下	"On Stage or Off Stage; 
Ready to take any position."
上天無路　陷入絕境	"No Path to the Heavens; 
At an impasse."
上無片瓦　極端貧困	"Without a Roof Over One's Head; 
Extreme poverty."
少見多怪　不足為奇	"Amazement Due to Inexperience; 
Not at all surprising."
少欲知足　淡泊名利	"Content with Few Desires; 
Indifferent to fame and fortune."
舌燦蓮華　善於說法	"Silver Tongue; 
Adept in voicing the Dharma."
捨身求法　不惜生命	"Sacrifice Oneself in Pursuit of the Dharma; 
Wholeheartedly devote one's life."
捨身飼虎　生命布施	"Prince Mahasattva's Tale; 
Offering one's life in sacrifice."
捨頭覓頭　荒唐無知	"Seeking What One Unknowingly Has; 
Preposterous ignorance."
捨我其誰	Who Else But Me
蛇足鹽香　虛妄不實	"Snake with Legs and Fragrance of Pure Salt; 
Unreal and delusory."
慎獨	Cautious When Alone
深居簡出　鮮少外出	"A Recluse; 
Seldom seen outside."
神色不動　臨危不亂	"Keep a Cool Head; 
Remain calm even in crisis."
神通廣大　無所不能	"Great Supernatural Power; 
Omnipotent."
神頭鬼面　標新立異	"Deity Heads and Ghost Faces; 
Unusual and strange."
身強力壯　體魄勇健	"Strong and Vigorous; 
Robust and brave."
身心脫落　空諸所有	"Free from the Body and Mind; 
Emptiness of all existence."
身心自在	Carefree in Body and Mind
生佛一如　佛性平等	"Oneness of Buddhas and Sentient Beings; 
Equal in Buddha-nature."
生公說法　頑石點頭	"Master Daosheng Expounds the Dharma; 
Even stones would nod."
生關死劫　必經管道	"Life and Death; 
An inescapable path for all."
生活美學	A purified and beautiful life
生機	Vitality
生來死去　輪迴不斷	"Coming at Birth, Going at Death; 
In endless cycles."
生命放光	A Shining Life
生命光華	The Splendor of Life
生命慧光　心燈亮了	"Life's Light of Wisdom; 
The heart is illuminated."
生命活水	Life as Free-flowing Water
生命心光	Brightness of the Mind and Life
生命永恆	The Eternity of Life
生命之光	The Light of Life
生命自然	A Natural Part of Life
生男育女　傳宗接代	"To Raise Children; 
Continue the family tree."
生忍法忍	Ordinary Tolerance and Dharma Tolerance
生如來家	Born in the Home of Tathagata
生生不息	Life Continues Without End
生生世世　生命流轉	"Life After Life; 
The cycle of life."
生死輪迴　因果循環	"Cycle of Life and Death; 
Cycle of karmic retribution."
"生死事
生死不流轉，流轉非生死。
若實不流轉，生死無窮已。
諦觀流轉性，流轉當下止。
不見流轉心，是真出生死。"	"Life and Death
The cycle of birth and death does not turn,
What turns would not be birth and death;
That which remains unturning in essence,
Would make life and death unending.
By contemplating the nature of turning,
The process of turning immediately stops;
By not seeing the mind that turns,
One thereby exits the cycle of birth and death."
生死事大　無常迅速	"Matter of Life and Death; 
Impermanence strikes fast."
生住異滅　無常示現	"Arising, Abiding, Changing, and Extinction; 
The manifestation of impermanence."
十八地獄　受苦無窮	"Eighteen Hells; 
Endless suffering."
十八羅漢　悟道代表	"Eighteen Arhats; 
Exemplars of enlightened ones."
十惡不赦　不可原諒	"Ten Heinous Crimes; 
Inexcusable and unforgivable."
十二因緣　三世人生	"Twelve Links of Dependent Origination; 
Past, present, and future lives."
十方淨土　諸佛世界	"Pure Lands of the Ten Directions; 
Buddha lands."
十方善利	Kindness and Benefits in All Ten Directions
十方世界　無量無邊	"Realms in the Ten Directions; 
Immeasurable and boundless."
"十方同聚會，大家學無為；
此是選佛場，心空及第歸。"	"Buddha Selection Court
All sentient beings gather from the Ten Directions,
Each to study the unconditioned,
This is the place to choose Buddhahood;
Empty the mind and return successfully."
十全十美　完好無缺	"Perfect in Every Way; 
Flawless."
十字街頭　不知方向	"At the Crossroads; 
Lost in direction."
十字縱橫　通達無礙	"Coming and Going with Perfect Ease; 
To penetrate without any obstruction."
式叉摩那　學法女性	"Siksamana; 
Women learning the monastic life."
事出有因　果報分明	"Everything has Its Causes; 
Clear karmic retributions."
食存五觀　用餐之道	"Five Mealtime Contemplations; 
The Way of eating a meal."
"布袋和尚偈
是非憎愛世偏多，
仔細思量奈我何。
寬却肚腸須忍辱，
豁開心地任從他。
若逢知己須依分，
縱遇冤家也共和。
若能了此心頭事，
自然證得六波羅。"	"Verse by Master Budai
All these right-wrong and love-hate dilemmas, 
Pondering carefully, what can they do to me?
In order to broaden the mind, patience is a must,
Open up the heart, and just let it be. 
Shall a soul-mate be discovered, 
  one should nonetheless never be out of line;
Even if a foe is met,
  one should somehow aim to co-exist in peace.
Should these troubles be resolved, 
The Six Perfections will eventually be realized."
石沉大海　了無音訊	"To Sink Without a Trace; 
To vanish completely."
"石灰吟
千錘百鍊出深山，
烈火焚燒莫等閒；
粉身碎骨都無怨，
留得清白在人間。"	"The Lime Chant
After endless hammering and refinement,
    ready it is to emerge from deep mountains;
Having gone through the furnace of raging fire,
    thus no longer among the ordinary.
Even with the body shattered and bones crushed,
    no resentments whatsoever are harbored;
All that is left behind in this world,
    are the pure simple colors of white."
石火電光　一閃即逝	"A Spark from Flint; 
A momentary phenomenon."
"石上一片雲，攬之未能起；
有時忽不見，影落空江裏。"	"There is a cloud on the rock, and it cannot be lifted,
Sometimes it just disappears, leaving its shadow on the river."
時機純熟　因緣成熟	"When the Timing is Right; 
When causes and conditions are ripe."
時空無量	Infinite Time and Space
時清道泰　太平盛世	"Peaceful Times; 
A prosperous world."
世界第一等佛教信仰	World’s Best: the Buddhist Faith
世界和平	World Peace
"世尊有密語，迦葉不覆藏。
一夜落花雨，滿城流水香。"	"The World-Honored One has secret words,
Which were not hidden by Mahakasyapa.
After an entire night’s rain of flowers,
The entire city flows with scented waters."
事忙心閑	Feel Free in the Mind Despite Being Busy
事事無礙　事理通達	"Mutual Unobstructedness Among Phenomena; 
Clear understanding and reason."
事與願違　希望落空	"When Things Go Against Your Will; 
Dashed hopes."
事在人為	Effort Is the Decisive Factor
詩情畫意　優美景色	"Poetic Sensitivity, Pictorial Scene; 
Beautiful landscapes."
拾人涕唾　毫無新意	"To Take Up Others' Thoughts; 
Unoriginal."
實事求是	Be Objective
實相妙理	The Wonderful Truth of Reality
施受同等　不起分別	"Giving and Receiving are Equal; 
Not discriminating."
施無畏	The Giver of Fearlessness
識心達本　了悟自性	"Know the Mind, Penetrate the Roots; 
Realize one's self-nature."
"示法詩
身似菩提樹，心如明鏡台，
時時勤拂拭，勿使惹塵埃。"	"Expounding the Dharma
The Body is a bodhi tree,
The mind a bright mirror stand;
Diligently keep them clean,
To make sure no dust alights."
"示行素侍者
拋却身心見法王，
前程不必問行藏；
但能識得娘生面，
草木叢林盡放光。"	"To the Attendant
Relinquishing one’s body and mind to see the Dharma King,
Seek not answers of the future in one’s attitude and bearing;
To realize one’s intrinsic nature is all that is needed,
Then even grass, trees, and forests will shine."
示教利喜　佛陀悲願	"To Inspire, Teach, Benefit, and Make Joyful
Buddha's great vows to liberate all sentient beings."
獅子搏兔　亦用全力	"Lion Catching a Rabbit; 
Still using all its power."
"插秧偈
手把青秧插滿田，
低頭便見水中天，
身心清淨方為道，
退步原來是向前。"	"Rice Seedlings
With my hands, I plant a field full of rice seedlings,
As I lower my head, I discover a sky in the water;
To purify the Six Sensory Roots is truly the Way,
A step backward is actually a step foward."
手忙腳亂　舉止失措	"Running Around Like a Headless Chicken; 
Panic-stricken."
收放自如	Maintain Control of Every Step Forward and Backward
守口如瓶　嚴守機密	"Keep One's Lips Sealed; 
Treat secrets as strictly confidential. "
守正守道	Follow Righteousness and the Correct Path
樹大招風　要人低調	"Large Trees are Toppled by the Wind; 
Keep a low profile."
舒卷自在　收放自如	"Stretching and Curling with Ease; 
Moving freely with perfect ease"
豎拂敲床　無言論道	"Raising the Fly-whisk, Knocking on the Dharma Throne; 
Teaching without words."
豎起脊梁　振作精神	"Stand Tall; 
Invigorate oneself."
豎窮三際　時間無限	"Across Past, Present, and Future; 
Unbound by time."
豎指擎拳　比手劃腳	"Hold Up a Finger, Make a Fist; 
Lively gestures."
書香傳家	Pass Down the Tradition of Reading in the Family
書香貴氣	The Fragrance and Nobility of Reading
書香花開	Fragrance of Books and Opening of Flowers
書香氣	Fragrance of Books
書香人家	A Family Filled With the Fragrance of Books
束裝就道　準備上路	"To Pack and Set Off; 
Ready to go."
水到渠成　因緣具足	"When Water Flows, a Channel is Formed; 
The causes and conditions are present."
水調歌頭東坡再生	Thinking of You: Dongpo returns
水澆鴨背　若無其事	"Pouring Water Over a Duck's Back; 
As if nothing happened."
水清月現	Moon is Reflected in Clear Water
水乳交融　和合無間	"Water and Milk Melded Together; 
To get along swimmingly."
水仙花成長新年開放	Waterlily: growing and blooming in the new year
水泄不通　阻塞障礙	"Not Even Water Can Leak Through; 
To block and obstruct."
水月金容	A Golden Appearance Like Moon and Water
水月人生	Life is Like the Moon in the Water
水月心情	A Mind Like the Moon In the Water
水漲船高　行情提升	"The Tide Rises, The Boat Floats; 
Heightening values."
水中花感懷美景不再	Flower in the Water: sad about the never-returning beautiful scenery
水中撈月　空費心思	"Fishing for the Moon; 
Futile efforts."
順水推舟　乘勢而為	"Push the Boat with the Current; 
Strike while the iron is hot."
四大皆空	The Four Elements are Empty
四大皆空　示現諸有	"The Four Elements Are Empty; 
Manifestations of all existence."
四大天王　護寺安僧	"The Four Heavenly Kings; 
Protectors of the temple and Sangha."
"四大由來造化功，
有聲全貴裏頭空；
莫嫌不語凡夫說，
只為宮商調不同。"	"Skilfully crafted from the Four Great Elements, 
Emitting sounds due to the emptiness within.
Do not fault them for not conversing with the masses,
Simply because royalty and merchants sing different tunes."
四恩總報	Four Ways of Repaying Kindness
四給	Four Givings
四光喻智　光智不二	"Four Similes of Lights For Wisdom; 
Light and wisdom are one."
四海一家	We Are Family
四季紅歡樂春夏秋冬	Song of Four Seasons: joy of the four seasons
四季皆春	Four Seasons of Spring
四季平安	Peace Be With All Four Seasons
四季生春	Four Seasons of Spring
四面八方　虛空宇宙	"In All Directions; 
The vast emptiness of the universe."
四聖六凡　聖凡一會	"Four Sages and Six Ordinary Beings; 
A gathering of the ordinary and sagely."
"四月八日示澄照大師
今朝浴佛事如何，
清淨心田也洗麽；
塵垢不知何處得，
古來明月照江波。"	"Instructions on Lunar April 8th by Master Cheng Zhao
How went the bathing of the Buddha this morning?
Has that pure heart of yours also been cleansed?
Unknowing of where the dust came,
For years, the moon shines on the river’s ripples."
思敏力行	Think Wisely and Act Steadfastly
思前想後	Careful Deliberation
思前想後　再三考慮	"Careful Deliberation; 
Repeated reconsideration."
思維	Thinking
思想起民謠恆春楓港	Thinking Back: ballads of Hengchun and Fenggang
死去活來　悲痛欲絕	"Agonizing Distress; 
Inconsolable sorrow."
松柏人生	A Life Like an Evergreen
松花江上抗日名歌	Along the Songhua River: resistance to the Japanese
"松間枕石眠，夢對白雲坐；
擬問雲起居，松風忽吹破。"	"Sleeping beneath pine trees, pillowing on rocks, 
Dreaming on sitting face-to-face with the clouds;
As I began asking about the clouds’ life,
Suddenly I am awakened by the piney winds."
松林的低語深情萬里	Whispering Pine: deep and profound love
頌古聯珠通集	Comprehensive Collection of the Chan School's Verses on Ancient Precedents that are a String of Jewels
送君千里終須一別	Farewell My Love One: parting must eventually be
送您一把泥土聊解鄉愁	Here Is a Handful of Home Soil: a taste of home
"送龐婆
剎剎西來意，塵塵古佛心；
眉毛為道侶，鼻孔做知音。"	"For Pang
The intention from the West reaches untold lands. 
In particles of dust is the mind of old Buddha found;
Eyebrows are one’s companions on the Path, 
The nose, my like-minded friend."
素面相呈　示人本相	"Without Makeup; 
Revealing one's original form."
宿世善根　累刼有修	"Virtuous Roots Planted in Past Lives; 
Kalpas of cultivation."
宿世因緣　前世今生	"Bound by Causes and Conditions; 
Affinity across past and present lifetimes."
宿世有緣　緣份極深	"Affinity Across Past Lives; 
Strong affinity."
蘇武牧羊忠勇愛國	Su Wu Herding Sheep: loyal and patriotic
蘇州河邊不會遺忘	By the Suzhou River: unforgettable
隨波逐流　不能自主	"Go with the Tide; 
Unable to decide on one's own."
隨方就圓　順應自如	"Be a Square, or a Circle; 
Adjust with ease."
隨高就低　謙和尊重	"Whether High or Low; 
Be humble and respectful."
隨機應變　靈活處理	"Play it by Ear; 
Adapt to changing circumstances."
隨他去	Let It Be
隨喜功德　給人歡喜	"Rejoice in the Merits of Others; 
Give others joy."
隨心自在	Carefree As You Wish
隨緣不變　真如自性	"To Follow Conditions While Remaining Unmoved; 
The perfection of our intrinsic nature."
隨緣生活	Live by Following the Conditions
所求如意	May Your Wishes be Fulfilled
太阿在握　掌握權柄	"Seizing Excalibur; 
All-powerful."
台北的天空鄉情難忘	The Taipei Sky: undying memories of home
泰然自若	Act With Perfect Composure
泰然自在	Remain Calm and At Ease
探竿影草　考驗程度	"Testing the Waters; 
Evaluating one's depth."
嘆十聲悲歌苦難哀愁	Ten Sighs: sad song about hardship and misery
曇花一現　時光短暫	"The Night-Blooming Cactus; 
Momentary."
談空說有　論及真理	"Speaking of Emptiness and Existence; 
Discourse on reality."
貪欲無厭　永不知足	"Endless Greed and Craving; 
Insatiable discontent."
桃花依舊笑春風百花羨慕	Miss Your Smile in Spring: the envy of flowers
剃除眉毛　不落思維	"Shave Off One's Eyebrows; 
To break free from thinking."
提放自如	Pick Up and Let Go in Perfect Ease
醍醐灌頂　有所體悟	"Anointing the Head with the Finest Cream; 
To be inspired and enlightened."
"題西林壁
橫看成嶺側成峰，
遠近高低各不同，
不識廬山真面目，
只緣身在此山中。"	"A Wall Inscription in Xilin Temple
A mass from across but a peak from the side,
Far, near, high, low, each is a view of sight;
Why fail to see the real face of Mount Lu?
Because right inside the Mountain of Lu is where you are at."
"題中嶽山
孤峰絕頂萬餘嶒，
策杖攀蘿漸漸登。
行到月邊天上寺，
白雲相伴兩三僧。"	"On Climbing Mount Song Near the Southern Capital
Toward the lone unsurpassed peak of all peaks,
Bit by bit, slowly I climb, staff in hand.
Coming upon the sky temple beside the moon,
Just a couple of monks, accompanied by the clouds."
填溝塞壑　無所不包	"Every Nook and Cranny; 
All-permeating."
天地禪心	The Chan Mind of Heaven and Earth
天地人和	Harmony between People and Nature
天地人心	The Mind Like Earth and Heaven
天地無私	Selflessness Like Heaven and Earth
天鵝湖舞曲風靡全球	Swan Lake: world-renowned ballet and music
天翻地覆　巨大變化	"Sky and Earth Overturned; 
Immense change."
天花亂墜　花雨繽紛	"Over-Exaggeration; 
An extravagant adornment."
天寬水清	Open Sky and Clear Water
天龍八部　護法神祇	"The Eight Guardian Generals; 
Heavenly Dharma protectors."
天魔外道　邪門迷信	"Heretical Teachings and Unwholesome Ways; 
Erroneous and superstitious belief."
天女散花　美妙風姿	"Celestial Rain of Flowers; 
Wondrous grace."
天人合一	Unity of Heaven and Humanity
天聖廣燈錄	Extensive Lamp Record from the Tiansheng Era
天心雨華	The Mind of Heaven Showers Flowers
天心月明	The Mind is as Bright as the Moon
天心月圓	The Heart of Heaven Is As Round As the Full Moon
天旋地轉　頭昏眼花	"The Sky Spins, The Earth Turns; 
Vertigo inducing."
天涯歌女周璇寫照	The Wandering Songstress: Zhou Xuan’s story
天衣無縫　渾然天成	"Seamless Celestial Garment; 
The highest quality, as if heaven made."
鐵樹開花　罕見希有	"When the Iron Tree Blooms; 
An extremely rare occurrence."
聽海潮音美妙樂章	Listen to the Sea: heart-moving sounds of waves
童年夢想牛哥漫畫	Childhood: dreaming of Brother Ox’s cartoons
同床異夢　各懷心思	"Different Dreams in the Same Bed; 
Each to their own thoughts."
同登彼岸　都能得度	"Together to the Other Shore; 
All can be liberated."
同體大悲　將心比心	"Impartial Compassion; 
To put oneself in others' shoes."
同體共生　人我無別	"Oneness and Coexistence; 
No differences between self and others."
同體含光	All Encompassing Light
同心同德	Same Mind, Same Virtue
通天徹地　無所不能	"Omnipotent; 
Nothing is impossible."
通幽洞微　洞若觀火	"Subtle and Profound Understanding; 
Crystal clear."
頭上安頭　重複多餘	"Reinventing the Wheel; 
Redundant and unnecessary."
頭頭是道　有條不紊	"Clear and Logical; 
Orderly and systematically."
頭重腳輕　根基不穩	"Top-Heavy; 
Unstable foundation."
偷心不死　死灰復燃	"The Discriminative Mind Dies Hard; 
Dying embers that flare up again."
徒費無益　枉用工夫	"Wild Goose Chase; 
Vain and futile work."
吐絲自縛　自作自受	"Caught in One's Own Web; 
To suffer the consequences of one's actions."
屠所牛羊　大限臨頭	"Cattle and Sheep at the Slaughterhouse; 
At death's door."
團結就是力量復興家邦	Unity Is Strength: revitalizing my homeland
退一步海闊天空  讓三分何等自在	"A Step In Retreat Makes One's World Bigger
A Little Willingness to Comprise Make One's Mind Carefree"
脫離苦海　不再沉淪	"Escape from the Sea of Suffering; 
No longer in Samsara."
脫胎換骨　前後不同	"Reborn into a Different Body; 
Constantly changing."
拖泥帶水　毫不俐落	"Wading in Mud and Water; 
A sloppy job."
瓦礫生光　成就非凡	"To Make Even Dust Shine; 
Extraordinary attainment."
外婆的澎湖灣童年幻想	Grandma’s Penghu Bay: childhood dream
晚安曲祝福望君安祥	Good Night Song: best wishes, peace and serenity
晚霞美景記在心房	Sunset Glow: beautiful scene engraved in the heart
萬不失一　絕對把握	"In the Bag; 
Assurance of success."
萬德莊嚴	Boundless Virtue and Solemnity
萬法歸心	All Dharmas Come From the Mind
萬法心生	The Mind Produces All Dharmas
萬福莊嚴	Boundless Fortune and Solemnity
萬古千秋　時代悠久	"For All Eternity; 
A very long time."
萬家生佛	Buddha Is In All Families
萬家生佛　德澤廣被	"Buddha is in All Families; 
A blessing to everyone."
萬劫不復　難以翻身	"With No Hope of Reprieve; 
Hard to rise again."
萬籟俱寂　天地默然	"All is Still; 
Tranquility of Heaven and Earth."
萬里白雲　與道相契	"White Clouds in the Infinite Sky; 
One with the Way."
萬里晴空	Vast Clear Sky
萬里雲開	Dispersion of Ten Thousand Miles of Clouds
萬事成全	Support Every Good Accomplishment
萬事吉祥	Auspiciousness for All
萬事寬心	Remain Broadminded for Everything
"萬事無如退歩休，
本來無證亦無修；
明窗高掛菩提月，
淨蓮深栽濁世中。"	"To the peace brought by compromise nothing compares,
Since nothing there is to cultivate or attain;
Hanging high outside the clear window is the moon,
Blooming from a turbid world, the pure lotuses."
萬水千山	Crossing Rivers and Mountains
"萬水千山訪知音，
誰知步步未沾塵；
腳跟下事能回顧，
翻身不墮妄和真。"	"Over mountains, across rivers, I search for the knower of my heart,
Unaware that no dust ever tainted any of my steps;
One can reminisce every occasion in the footsteps,
Upon the turn of the body, never fall into false and true discrimination."
萬水千山總是情聽天由命	Love and Passion: in the hands of fate
萬緣自發	All Affinities Arise from One's Initiative
頑石點頭　物我一如	"Even Stones Would Assent; 
Subject and object are one."
忘不了唱者痴情所迷	Unforgettable: enchanted by passionate love
忘機	Forget All Motives
忘了我是誰友誼哀愁	Forget Who I Am: sorrows of lost friendship
枉費心力　白費工夫	"In Vain; 
Wasted effort."
往好處想	Understand One's Mind and See One's Intrinsic Nature
往好處想	Think Positively
往好處想　正面思考	"Look on the Bright Side; 
Think positively."
往事只能回味時光不再	Past Is Only for Reminiscence: today is no more
汪洋中的一條船開向希望	He Never Gives Up: towards hope
王昭君和番愛國女性	Wang Zhaojun: diplomatic marriage—a patriotic woman
未來不是夢夢想成真	My Future Is Not a Dream: dreams do come true
未了公案　尚待完成	"A Pending Gongan; 
Yet to be finished."
未足為道　不足一談	"Not Worth a Mention; 
Nothing much to talk about."
為善常樂	Doing Good Brings Constant Happiness
為善最好	Doing Good Is the Best
味同嚼蠟　毫無意義	"Tastes Like Chewing Wax; 
Completely lacking in flavor and meaning."
唯法所依	Rely On Nothing Other Than the Dharma
唯我獨尊　無人能比	"I Alone am the Honored One; 
Beyond comparison."
惟賢惟德	Only Capable and Virtuous
溫故知新	Review the Old to Learn the New
文字般若　經文聖典	"Words as Prajna; 
Sacred texts."
文字因緣　表情達意	"Words as Causes and Conditions; 
Conveying thoughts and meaning."
甕中捉鱉　垂手可得	"Catch a Turtle in a Jar; 
Easily obtained."
我的心不再流浪走進佛堂	My Heart Will Not Stray: enter the shrine
我國江河戀山川為伴	River Love: mountains and rivers as companions
我和我追逐的夢已經天亮	Chasing My Dream: already daybreak
我家在那裏常寂光裏	My Home Is There: in the light of eternal peace
我是佛	I am Buddha
我是浮雲一片輕歌慢唱	I’m a Floating Cloud: soft murmurs
我是一片雲自在飄揚	Cloud of Romance: freely in the wind
我是一隻小小鳥無依無靠	I’m a Little Bird: helpless and alone
我是中國人家國情懷	I Am a Chinese: patriotism
我心合十	Joining Palms With My Heart
我要為您歌唱內心感傷	I Want to Sing for You: sorrowful heart
我一見您就笑忘憂無惱	I Smile When I See You: forgetting all sorrows
我願給您人間情義	I Vow: sentiment and righteousness in the world
我在您左右不必憂傷	I’m by Your Side: no need to be sad
我在眾中	I Am Among the Multitude
我在眾中　眾中有我	"I am Among the Multitude; 
I am part of the community."
我怎能離開您藏在心裏	How Can I Leave You: deep in my heart
我只在乎您心甘情願	I Only Care About You: perfectly willing
"吾本來唐國，傳教救迷情。
一花開五葉，結果自然成。"	"Originally, I had come to the Tang Kingdom to deliver the lost;
All in the course of nature, one flower blooms into five petals."
無邊	Boundless
"無常
法性本無常，亦不墮諸數。
譬彼空中雲，當體即常住。
聖凡皆過客，去來無二路。
是生不是生，非新亦非故。
智眼明見人，此外何所慕。"	"Impermanence
Impermanence is fundamental Dharma nature, 
Unyielding to any sort of expectation.
Similar to that cloud in the sky,
Its substance is eternal.
Both the sage and ordinary are passersby, 
Coming and going never were two ways. 
What is born was never born, 
Nor has new ever been old. 
The eyes of wisdom clearly can see, 
Other than this yearning for nothing.【"
無常迅速　世事變化	"Impermanence Strikes Fast; 
Things are constantly changing."
"武昌逢石浪岷嶽二禪人還蜀省親因示
1) 我本行腳僧，忽逢行腳客。
2) 借問行腳事，相視無言說。
3) 匡廬一片雲，峨嵋千尺雪。
4) 箇是行腳心，去來水中月。
5) 因思母子情，念念不相隔。
6) 今歸承歡顏，恰似未曾別。
7) 奉旨不奉甘，問冷不問熱。
8) 劈破娘生面，乃見不生滅。
9) 方是行腳人，到家之時節。"	"For Chan Practitioners Shilang and Minyu Crossing Paths with Me in Wuchang on Their Way Home to Sichuan
As a wandering monk, 
I suddenly meet a traveler. 
Asking about the journeys by foot, 
We look at each other, speechless. 
A piece of cloud floating on Mount Lu, 
A thousand feet of snow on Mount Emei. 
The mind of one who wanders,
Coming and going like the moon in the water. 
Thinking of the bond between mother and son, 
In every thought we were never apart. 
Upon my return to please her heart, 
It seemed never had I been away. 
Offering food, but not of delicacy. 
Concerned about the cold, but not the heat. 
Let the intrinsic nature be revealed, 
Then see the non-arising and non-ceasing truth. 
For a wandering mind, 
To reach home now is it time."
悟道人生懺悔往昔	Realization: path and life, repent for past and present
悟道詩	On Enlightenment
"悟道詩
但要無心於萬物，
何妨萬物假圍繞。
鐵牛不怕獅子吼，
悟似木人看花鳥。
木人本體自無情，
花鳥逢人亦不驚。
心境如如只遮是，
何慮菩提道不成。"	"Verse on Enlightenment
If the phenomenal world never has crossed one’s mind, 
What does it matter if one is constantly 
     surrounded by its objects? 
An iron ox fears not a roaring lion;
    it is alike flowers and birds in the eyes of a wooden man. 
Intrinsically, the wooden man has an insentient nature, 
    while flowers and birds are never frightened by humans. 
Similarly, the mind is in such a state; 
    why worry about failure to attain enlightenment?"
"悟道詩
切忌從他見，條條與我疏；
我今獨自往，處處得逢渠；
渠今正是我，我今不是渠；
應須這麼會，方可契如如。"	"On Enlightenment
Do not seek outside,
Such is farther and farther from oneself.
Now I travel alone,
And everywhere I see waterways,
Now, the waterway is me,
Though I am not the waterway.
You should understand this,
And be in accordance with suchness."
"悟道詩
一擊忘所知，更不假修持；
從容揚古道，不墮悄然機；
處處無蹤跡，聲色外威儀；
諸方達道者，咸言上上機。"	"Verse on Enlightenment
One strike and I forgot all I knew,
No more will I rely on cultivation.
I have touched the Buddha’s teaching 
And will not fall into skillful explanations.
Nowhere is there found a trace,
Outside one’s speech and comportment.
Those who have attained the Way from every direction 
Each say they have the highest explanation."
悟佛知見	Realize the Knowledge and Views of the Buddha
悟後起修　知而後行	"Cultivation After Enlightenment; 
Practice after knowing."
悟無生忍	Awaken to Non-arising Tolerance
悟心覺道	Enlightened Mind and Awakening Path
兀兀騰騰　自然圓成	"Hover and Soar; 
To achieve things instinctively."
霧的世界迷朦無奈	Fog: in a foggy world, misty and helpless
五燈會元	Compendium of Five Lamps
五峰集	Collected Writings of Hu Hong
五湖四海　所有空間	"All Over the World; 
Boundless space."
五體投地　跪拜頂禮	"Sincere Five-Pointed Prostration; 
To prostrate with one's knees and head on the ground."
五停心觀　對治五蓋	"Five Contemplations of Calming the Mind; 
To forestall the Five Hindrances."
五月的風流放清涼	The Breeze in May: cool and soothing
五蘊皆空　無我境界	"Emptiness of the Five Aggregates; 
State of selflessness."
五指為大	The Greatness of Five Fingers
無惡不作　因果難逃	"Do No Evil; 
The law of cause and effect is inescapable."
無分別心	A Mind Free of Discrimination
無風起浪　平白生事	"A Wave without Wind; 
Without rhyme or reason."
無過為美	The Beauty of Faultlessness
無盡藏	Boundless Treasure
無盡燈	Endless Light
無孔鐵錘　使不上力	"A Hammer without a Handle; 
Useless."
無量壽	An Infinite Life
無門	Gateless
無門關	The Gateless Gate
無門之門	The Gateless Gate
無明火起　心生苦惱	"Igniting the Fire of Ignorance; 
Defilements arising in the mind."
無明烈火　煩惱不堪	"Fiery Ignorance; 
Unbearable vexations."
無惱	Without Defilement
無念	No Thought
無窮無盡　沒有終極	"Boundless; 
Without limitations."
無求	No Desires
無求增福	Greater Fortune Comes With No Desire
無染	Untainted
無上菩提	Supreme Bodhi
無上正等正覺	Anuttara-samyak-sambodhi
無生法忍	Tolerance of Non-Arising Dharmas
無事為貴	Peace is Priceless
無私	Selflessness
無妄	Without Delusions
無畏	Fearlessness
無我	No Self
無相布施　物我兩忘	"Formless Giving; 
Forgetting both object and self."
無心	No Mind
無心出岫	Only a Cloud Over the Peak
無心之心	A Mind of No-Mind
無有對待	There are No Special Treatments
無與倫比　難以為匹	"Incomparable; 
Difficult to match."
無欲則剛	The Strong Has No Desires
無怨	No Resentment
無緣大慈　不計親疏	"Unconditional Compassion; 
Foe and kin alike."
無緣無故　沒頭沒尾	"Without Cause, Without Reason; 
No beginning, no end."
無怨無悔	No Regret or Resentment
無緣一面　沒有再見	"No Chance of Meeting Again; 
No reunion."
無遮大會　普同供養	"Great Equal Assembly; 
Universal offering."
無諍	No Disputes
無住	Non-Abiding
無著	Unattached
無住而住	Abiding in Non-Abidance
無住生心	Non-Abiding Mind
西北雨流行台灣氣象	Summer Rain: trend of Taiwanese weather
西方淨土　極樂世界	"Western Pure Land; 
The Land of Ultimate Bliss."
西方淨土極樂世界	Western Pure Land: World of Ultimate Bliss
西螺七崁歌台灣地名	Se Le Cid Kiam: a town in Taiwan
細嚼慢嚥　仔細體會	"Chew Slowly; 
Savor the experience."
細水長流　泉源不斷	"Little by Little, Without Let-Up; 
Endless stream of water."
喜樂天地	Joy in Heaven and Earth
喜慶人間	Joyous Celebration of Humanity
喜慶人生	Joyous Celebration of Life
喜心平等	A Heart of Joy and Equality
喜在心頭	A Delightful Heart
希望在前	Hope Is Ahead
希望之美	The Beauty of Hope
洗心滌慮　立志重來	"To Wipe the Slate Clean; 
To start anew."
惜緣	Cherish Affinities
蝦兵蟹將　無名士卒	"Shrimp Soldiers and Crab Generals; 
Nameless troops."
狹路相逢　冤家路窄	"Meeting on a Narrow Path; 
An inevitable clash between foes."
仙露明珠　晶瑩美觀	"Divine Nectar and Shining Pearl; 
Sparkling beautiful."
掀起您的蓋頭來看到本相	Lift Your Veil: seeing her actual face
現身說法　自我作證	"Speaking From Experience; 
To speak of one's self-realizations."
現世現報　因果不爽	"Present Karmic Retributions; 
Causes and effects at work."
現證法樂　了悟真理	"Joy of the Dharma Realized; 
Enlightenment to the Truth."
想當然耳	Everything As It Should Be
想開了	I Get It Now
想入非非　不能實現	"Flight of Fancy; 
Cannot be actualized."
相好圓滿	A Perfect Appearance
相好莊嚴　三十二相	"Auspicious Appearance; 
The thirty-two characteristics of a buddha."
祥和歡喜	Harmony and Joy
香花供養　誠心誠意	"Offering of Incense and Flowers; 
Earnestly and sincerely."
香火不絕　供養盛況	"Unending Stream of Pilgrims; 
A grand occasion for offerings."
香火因緣　道情法愛	"Affinity Like Incense and Fire; 
Friendship for the path, love for the truth."
香水海	The Perfume Ocean
香象截流　悟道精深	"The Fragrant Elephant that Severs the Stream; 
Profound understanding of the Way."
香嚴上樹　言語道斷	"Master Xiangyan on ""Climbing a Tree""; 
Severing the way of language and words."
鄉間小路牛羊相伴	Country Road: goats and cows are my company
向前有路 光明在望	Keep Going, the Future is Bright
象牙之塔　不夠宏觀	"In an Ivory Tower; 
Lacking a broad perspective."
享有就好　擁有一切	"It is Enough to Enjoy and Appreciate; 
To have everything."
相知知心	Understand and Know Each Other's Heart
小白菜冤案冤沉海底	Little Cabbage: injustice buried in deep sea
小草成長風雨助緣	Little Grass: growing in wind and rain
小城故事溫馨感人	Story of a Small Town: heart-warming
小丑人生您樂我苦	Clown: taking on suffering for your happiness
笑面夜叉　臉善心惡	"A Smiling Yaksa; 
A malevolent heart veiled behind a friendly face."
笑擁江山夢人生匆匆	A King in My Dreams: life is transient
瀟灑走一回內心有愧	No Regrets: a regretful heart
逍遙自在　無拘無束	"Carefree and Easygoing; 
To be unrestrained and lighthearted."
消災延壽　長命富貴	"Eradicate Calamities and Prolong Life; 
Longevity and wealth."
脅不沾席　晝夜不息	"The Torso Never Touching the Bed; 
Never resting, day or night."
邪魔外道　異端邪說	"Demons and Heretics; 
Unorthodox and harmful teachings."
心安理得	A Clear Conscience and Peaceful Mind
心安性定	A Peaceful Mind and Unfaltering Nature
心包三千	The Mind Encompasses the Three Thousand Realms
心包太虛　量大福大	"The Mind Embraces the Vast Space; 
Great magnanimity and great merits."
心病難醫　非藥能治	"Anxieties Are Hard to Cure; 
Incurable by medicine."
心慈	A Compassionate Mind
心慈性巧	A Kind Heart and Agile Nature
心大口小	Broad Mind, Small Mouth
心到佛知　不必多說	"Buddha Knows Your Heart; 
Say no more."
心燈亮了	Light of the Mind is Illuminating
心燈已亮	The Lamp of the Mind Has Lit Up
心地開明	An Open Mind
心地開通	An Open Mind
心地秋收	An Autumn Harvest of the Mind's Field
心地生光	Brightness Arises from the Mind
心甘情願　發自肺腑	"Perfectly Willing; 
From the bottom of one's heart."
心海慈航	Compassionate Boat Sailing in the Ocean of the Mind
心好	A Good Heart
心花怒放　歡天喜地	"Bursting with Joy; 
In high spirits."
心華無住	The Non-Abiding Mind-Flower
心懷道本	Be Mindful of the Basis of the Path
心淨法喜	A Pure Mind With Dharma Joy
心淨國土淨	When the Mind is Pure, the Land is Pure
心淨滿月	Pure Mind, Full Moon
心淨土淨	The Land is Pure as the Mind is Pure
心境一如	Unity Between the Mind and the World
心開	Open Mind
心開意解	All Queries Resolved and Knots Disentangled
心口生香	Fragrant Speech and Thoughts
心寬有量	A Broad Mind Is One of Strength
心靈寶藏	Spiritual Treasure
心領神會　不須言說	"Tacit Understanding; 
No need for words."
心靈世界	The Spiritual World
心明養事	A Clear Mind Nurtures Success
心明養志	A Clear Mind Nurtures Aspirations
心能轉境	The Mind Can Change the Circumstance
心平世界	The World of a Magnanimous Mind
心容天地	Embrace Heaven and Earth With the Mind
心如大海	A Mind as Great as the Ocean
"心如大海無邊際，
廣植淨蓮養身心；
自有一双無事手，
為做世間慈悲人。"	"The mind is as boundless as the ocean;
Abundantly plant pure lotuses to cultivate the body and mind.
Naturally a pair of hands free from worldly matters,
Will serve as a person of compassion for the world."
心如海洋	A Mind Like an Ocean
心如淨蓮	A Mind Pure Like the Lotus
心如滿月	The Mind Is Complete Like the Full Moon
心如明鏡	The Mind Clear as a Mirror
心如木石　不受誘惑	"A Heart of Wood and Stone; 
Not lured by temptation."
心如秋月	The Mind is Like the Autumn Moon
心生好念	Let Good Thoughts Arise From the Mind
心生歡喜	Joy Arises From the Heart
心生萬法	The Mind Gives Rise to All Phenomena
心生萬法　總在心源	"The Mind Gives Rise to All Phenomena; 
All things originate from the mind."
心隨境轉　易受誘惑	"The Mind Changes with the Circumstances; 
Easily tempted and swayed."
心頭活水	A Free-Flowing Mind
心外無法	There is No Dharma Beyond the Mind
心無得失	A Mind Free From Gains and Losses
心無罣礙	Untroubled Mind
心無掛礙	An Untroubled Mind
心無罣礙　自由自在	"An Untroubled Mind; 
Liberated and carefree."
心無所求	A Mind Free of Desires
心想事成	May All Wishes Come True
心香養性	Cultivate Your Nature with a Fragrant Mind
心心念念　殷切盼望	"Each and Every Thought; 
Ardent yearning."
心心相印	Heart-to-Heart Connection
心心相印　人我無間	"Heart-to-Heart Connection; 
No distance between self and others."
心行處滅　動念即乖	"Ceasing All Mental Activities; 
Any thought arising is not in accord."
心行相應	Corresponding Mind and Actions
心眼開悟	An Enlightened Mind
心眼有悟	An Enlightened Mind
心有法界	The Mind Embodies the Dharma Realm
心有聖賢	Have Sages in the Mind
心有五戒	Observe the Five Precepts
"心遠身閑眼界清，
瀟然回首萬緣輕；
更將滿耳是非語，
換作松風溪水聲。"	"With a faraway heart, leisurely body, and open eyes
Nonchalantly I turn around, dwindling all affinities,
I shall even replace a earful of disputes
With the whispers and murmurs of piney winds and creeks."
心猿意馬　思緒散亂	"The Mind is Like a Wild Monkey and Galloping Horse; 
Unrestrained thoughts."
心月千江	The Mind Reflects the Moon in a Thousand Rivers
心正人正	An Upright Mind Means an Upright Character
心植淨蓮	A Pure Lotus Grows from the Mind
心中道根	The Dharma is Rooted in the Mind
心中法界	The Dharma Realm Within the Mind
心中活水	A Free-Flowing Mind
"心中寬廣山川小，
眼內澄清日月明；
耳邊天籟人間寂，
腳下飛沙不染塵。"	"Small Mountains and Rivers in a Broad Mind
A broad mind perceives small mountains and rivers, 
Clear eyes reflect a bright sun and moon,
Harmonious ears hear a quiet world,
Swift feet travel free of dust."
信義和平	Righteousness and Peace
信解行證	Belief, Understanding, Practice, and Realization
信解行證　學佛次第	"Faith, Understanding, Practice, and Realization; 
Stages in learning the Dharma."
信口胡說　不負責任	"Talking Through One's Hat; 
Irresponsible."
信受奉行　依法實踐	"Faithfully Receive the Dharma; 
Actualize according to the Dharma."
信手拈來　俯拾皆是	"To Have in One's Hands Effortlessly; 
Readily available."
信心門裏面無限寶藏	Gate of Faith: with boundless treasure
"信心銘
至道無難，唯嫌揀擇，
但莫憎愛，洞然明白。"	"Faith in Mind
To reach the Way is not difficult, 
One needs only have no preferences, 
Just do not hate or love, 
And you will fully understand."
薪盡火滅　所作完成	"Wood Burnt, Fire Extinguished; 
All things accomplished."
欣生惡死　膽小怕事	"Fear of Death; 
Timid and weak."
欣欣向榮	Thriving with Prosperity
行慈悲心	Realize a Compassionate Mind
行佛	Practice the Buddha's Way
行腳托鉢　次第有序	"To Go on Alms-round; 
In the proper order."
行三好 救台灣	Practice the Three Acts of Goodness to Save Taiwan
幸福	Happiness
性光日照	The Light of Nature Shines Like the Sun
性空緣起	The Nature of Emptiness and Dependent Origination
星光耀眼美麗天空	Stars: dazzling in the beautiful sky
星星知我心萬家團圓	Star Knows My Heart: family reunions
星雲大師誕辰紀念日暨供僧法會	Fo Guang Shan Founding Master—Venerable Master Hsing Yun’s Birthday & Sangha Day Offering
星雲大師數位人文研究發展中心	Venerable Master Hsing Yun Digital Humanities Research and Development Center
"醒世詩
世事紛紛如閃電，
輪迴滾滾似雲飛；
今日不知明日事，
那有工夫論是非。"	"Awakening the World
Worldly matters come and go like lightning.
The wheel of rebirth rolls forward like drifting clouds.
We cannot predict today what will happen tomorrow,
Where can we find the times to gossip and criticize?"
形影不離　關係密切	"Inseparable as Form and Shadow; 
A close relationship."
形影相追　無處不在	"Following Like a Shadow; 
To be everywhere."
行雲流水	Be like Floating Clouds and Flowing Water
行正心安	Righteous Actions Will Bring Peace to the Mind
行住坐臥　四種威儀	"Walking, Standing, Sitting, and Lying Down; 
The Four Comportments."
胸懷法界	Embrace the Dharma Realm in the Mind
胸無點墨　沒有文化	"Unlettered; 
Uncultured."
修成正果　道行圓滿	"Attain the Righteous Fruit; 
Perfection of one's practice."
修剪荒蕪	Tending Life's Garden
修身養性	Cultivate the Body and Nourish One's Nature
修心養量	Cultivate the Mind and Foster Magnanimity
修心養性	Cultivate the Mind and Nurture One's Nature
秀外慧中	External Beauty and Inner Intelligence
續佛慧命　傳承正法	"To Continue the Wisdom of the Buddha; 
To inherit and perpetuate righteous Dharma."
續古尊宿語要	Supplementary Recorded Sayings of the Ancient Worthies
虛空釘橛　無從下手	"Nailing a Peg in Thin Air; 
Not knowing where to begin."
虛生浪死　空度時光	"Living and Dying in Vain; 
A waste of time."
懸駝就石　沒有效率	"Put the Cart Before the Horse; 
Inefficient."
懸崖撒手　放下一切	"Throw off the Cliff; 
Let go of everything."
學廣言低	Learn Broadly and Speak Modestly
學習活用	Skillfully Apply Your Knowledge
學養	Knowledge and Virtue
學有則明	Learning Helps One Improve
學愚	Learn to Conceal Your Wisdom
雪上加霜　禍不單行	"When it Rains, It Pours; 
Misfortunes never come singly."
雪中送炭　濟人所需	"Sending Coal in Snowy Weather; 
Giving timely assistance."
循環往復　來回不斷	"Cycling Back and Forth; 
Coming and going repeatedly."
尋常茶飯　來處不易	"Everyday Tea and Rice; 
Does not come without effort."
尋行數墨　字斟句酌	"Reading Line by Line, Word for Word; 
Pondering over every word."
"尋隱者不遇
松下問童子，言師採藥去。
只在此山中，雲深不知處。"	"Seeking the Unfound Hermit
Beneath the pine tree, I inquired of the boy,
“Master has gone to find herbs,” said he;
A place inside this mountain for sure,
Somewhere deep in the clouds, perhaps."
壓良為賤　點金成鐵	"Forcing Good to Turn Bad; 
Transforming gold into iron."
鴉雀無聲　非常寂靜	"Crows and Sparrows Fall Silent; 
Utterly quiet."
鴨聽雷鳴　未能領悟	"A Duck Listening to Thunder; 
Inability to understand."
亞細亞的孤兒給人嘆息	The Orphans of Asia: sad stories
啞子得夢　無從傾訴	"A Mute Dreams; 
No one to tell."
掩鼻偷香　自欺欺人	"Pinching One's Nose to Steal Incense; 
Deceiving self and others."
掩耳盜鈴　自欺欺人	"Covering One's Ears to Steal a Bell; 
Deceiving self and others."
雁兒在林梢雲霧飄渺	Wild Goose in the Forest: misty woods
雁過長空　不著痕跡	"Like Geese Crossing the Sky; 
To leave no trace."
雁塔題名　金榜及第	"Top of the Leaderboard; 
With high marks."
雁行魚貫　依序前進	"Geese Fly in Formation; 
To go forward in sequence."
眼光落地　長眠不起	"Eyes Closed Forever; 
Rest in peace."
眼橫鼻直　當然如此	"Eyes are Eyes, and Nose is Nose; 
Just the way things are."
眼空四海　藐視一切	"Blinded by Arrogance; 
To look down upon everything."
眼內有塵三界小  心頭無事一床寬	"Eyes With Dust See the Three Realms As Small
A Mind Without Trouble Sleeps on a Broad Bed"
眼中著屑　遮蔽真相	"Dust in One's Eyes; 
Obstructed from the Truth."
煙花三月揚州美景	Misty Flowers in March: beautiful Yangzhou
煙味難聞趕快戒掉	Smoke: foul odor, quit it soon
沿門托鉢　廣設福田	"Alms Procession Door-to-Door; 
Broad opportunities for good deeds."
"岩上桃花開，花從何處來；
靈雲才一見，回首舞三台。"	"Peach blossoms on clifftop,
From where did the flowers come?
Lingyun, only at first glance,
Recalls his command of Santai."
嚴土熟生　成就眾生	"Pure Land with Accomplished Beings; 
Benefiting sentient beings."
言行一致	Speak and Act With Consistency
言音深遠	Far-reaching Words and Sound
言語道斷　超出語言	"Severing the Way of Language and Discourse; 
Beyond words."
羊腸鳥道　曲折山路	"A Narrow, Winding Path; 
Twists and turns of a mountain trail."
揚眉瞬目　舉眉轉眼	"Raise of an Eyebrow, Wink of an Eye; 
Hidden meaning."
養德	Nurture Morality
養心	Nourish the Mind
養心人	Nourisher of the Mind
陽光語言	Sunshine Language
陽焰翻波　不切實際	"Illusory Waves Rolling; 
Unreal."
陽焰空花　子虛烏有	"Illusory Flowers in the Sky; 
Non-existent."
"仰止唯佛陀，完成在人格，
人成即佛成，是名真現實。"	"Who we shall look up to is 
    none other than the Buddha, 
The goal that we shall pursue is 
    none other than the perfection of our character;
Upon perfection of our human character
    buddhahood is thereby attained,
Thus it is known as the true reality."
搖唇鼓舌　搬弄是非	"Wagging Tongues, Loose Lips; 
Stir up enmity."
搖籃曲童謠兒歌世界	A Lullaby: well-known nursery rhyme
搖頭擺腦　自我陶醉	"Bobbing to One's Own Tune; 
Self-infatuated."
搖頭擺尾　自鳴得意	"Strutting with Head Held High; 
Thinking highly of oneself."
咬定牙關　堅持到底	"Gritting One's Teeth; 
To persevere to the end."
藥石之言　苦口勸告	"Good Advice is Bitter Medicine; 
To give unpleasant but needed advice."
杳無消息　失去音訊	"No News Whatsoever; 
To lose contact."
杳無踪跡　不知去向	"Without a Trace; 
Nowhere to be found."
要走正路	Follow the Path of Righteousness
野薑花的回憶往事如烟	Memories of the Ginger Lily: the past is gone
夜來香芬芳夜色茫茫	Fragrance of the Night: permeating through the night
夜上海生活紙醉金迷	Shanghai Nights: extravagance
葉落歸根　當然如是	"Falling Leaves Return to Their Roots; 
As nature is."
葉落知秋　觀察敏銳	"A Falling Leaf Tells the Arrival of Autumn; 
Keen observation."
業障現前　面對因果	"Manifestation of Karmic Hindrances; 
To confront cause and effect."
一般見識不用計較	One derogatory mind: no need to bother with it.
一瓣心香　虔誠祝願	"A Fragrant Heart; 
Sincere wish."
一瓣心香真誠供養	One fragrant heart: sincere offering.
一棒打殺　正中要害	"Hit with One Blow; 
Hit the nail on the head.
"
一杯咖啡激發靈感	One cup of coffee: your source of inspiration.
一杯醉酒後果難料	One cup of drunkenness: unimaginable consequence.
一本初衷不忘初心	One original intention: never forget where you come from.
一本經典哲理聖言	One classical book: enlightening teachings.
一本萬利福德因緣	One investment with big profit: your blessings and luck.
一筆成章文思泉湧	One writing attempt succeeded with inspiration.
一筆勾銷　免除恩怨	"Write Off at One Stroke; 
Let go of all resentment."
一筆一畫清楚分明	One simple stroke: drawing a clear line.
一臂之力助人為樂	One helping hand: the pleasure of assisting people.
一兵一卒抗戰到底	One soldier and one private: fight till the last breath.
一撥便轉　豁然醒悟	"Awakening Upon a Pointer; 
Sudden realization."
一波三折　好事多磨	"Many Twists and Turns; 
The road to happiness is strewn with setbacks."
一波三折苦盡甘來	One round of twists and turns: sweet after sweat.
一步起動行走大千	One beginning step: reach out to the entire world.
一不是單二不是雙	One is not an odd number: nor is two an even number.
一步踏出夢想成真	One step closer to a dream come true.
一步一印萬里路程	One footprint: connecting endless miles.
一部字典無言老師	One dictionary: your silent teacher.
一草一木皆具生機	One grass and one tree: all are forms of life.
一場比賽看出風度	One game: shows your sportsmanship.
一場大雪看出貧富	One snowy storm: shows the poverty gap.
一場會戰屍骨如山	One battlefield: rivers of blood.
一場講演十年苦功	One lecture: ten years of hard work.
一場講座影響不同	One lecture: tremendous influence.
一場音樂歌聲難忘	One concert: unforgettable tunes.
一場遊戲一場夢依靠自己	A Game, A Dream: rely on oneself
一場災難淒慘悲傷	One disaster: sad and miserable.
一長一短互相配合	One long and one short: cooperation.
一唱一和默契良好	One chorus: tacit understanding.
一超直入　頓超法門	"Straight to the Heart; 
Instant realization of the Dharma."
一超直入進住佛心	One transcendence: directly into Buddha’s heart.
一塵不染	Untainted
一塵不染清淨莊嚴	One spotless space: pure and majestic.
一塵不染　心地清淨	"Spotlessly Clean; 
A pure mind."
一成不變　故步自封	"Set in One's Ways; 
Resistant to change."
一成不變嫌過執著	One invariable character: a little too stubborn.
一池淨水清涼舒暢	One pond of pure water brings soothing coolness.
一池蓮花芬香撲鼻	One pond of lotuses: permeating fragrance.
一籌莫展無可奈何	One at wit’s end: to have no way out.
一觸即發劍拔弩張	One tense situation: swords unsheathed and bows drawn.
一齣昆曲百戲之母	One kun opera performance: the mother of all operas.
一錘便成　言下即悟	"At the Pound of a Hammer; 
Sudden enlightenment upon hearing."
一春普育大地生機	One spring nurtures all lives on Earth.
一次熬夜三天難補	One midnight oil burned: it takes three days to recover.
一次過堂五觀功德	One meal in the Dining Hall requires the Five Contemplations.
一次謊言信用不再	One lie said: no more credibility.
一次回眸風情萬種	One backward glance: amorous and charming.
一次接觸不願分離	One embrace: unwilling to separate.
一次接送禮儀接待	One time pick-up: etiquette of reception.
一次驚嚇慌亂不安	One shock: agitated and uneasy.
一次經驗終身受用	One experience: lifetime benefits.
一次叩拜終生信仰	One prostration laid: a lifetime’s faith.
一次口角後果不堪	One quarrel: unbearable outcomes.
一次失言覆水難收	One inappropriate comment: spilled water.
一次嫌隙心生隔閡	One feeling of animosity: no more trust.
一次約會終生有緣	One date: a lifetime’s affinity.
一村一莊相互來往	One village and one town: mutual exchange.
一錯再錯無藥可救	One repeating mistake: incurable.
一大步	One Big Step
一代紅顏文姬清照	One beauty of her time: Wenji and Qingzhao.
一代昏君誤國誤民	One fatuous and self-indulgent ruler: failing country and people.
一代名將盡忠報國	One general of his time: loyal and patriotic.
一代女皇而今何在	The Empress of the Dynasty: she is no more
一代時教　佛陀法語	"Teachings by the Buddha in His Lifetime; 
Dharma words from the Buddha."
一簞一食安貧樂道	One scoop of food: find joy in a frugal Way.
一彈指頃　轉瞬之間	"A Snap of the Finger; 
In a split second."
一道河流帶動經濟	One river: an economic passage.
一刀兩斷不再來往	One clean break: severed affinity.
一刀兩斷　劃清界限	"Make a Clean Break; 
Set clear boundaries."
一刀三禮恭敬有方	One cut, three bows: utmost respect.
一得一失　各有一半	"Win Some, Lose Some; 
Each is half and half."
一地黃金路不拾遺	One piece of gold: don’t take what’s not yours.
一地落花世事無常	One ground of fallen flowers: the impermanence of the world.
一滴汗水無限苦功	One drop of sweat: painstaking hard work.
一滴水	A Drop of Water
一滴香水滿室芬芳	One drop of perfume: a whole room fragrant.
一點靈光照耀天地	One flash of inspiration: illuminate the world.
一點靈犀心意相通	One meeting of minds: to be connected by heart.
一點水墨龍鳳呈祥	One drop of water ink: a start of auspicious signs.
一點一滴皆成妙諦	One bit and one drop: all are wondrous teachings.
一段往事記憶猶新	One past event: still fresh in memory.
一對耳朵不聽是非	One pair of ears: listen not to gossip.
一堆垃圾資源回收	One pile of garbage: recycling material.
一多不二	One is Many, Not Two
一多不異　沒有不同	"One is Many, Many is One; 
There is no difference."
一朵玫瑰象徵愛情	One rose: a symbol of love.
一二三四	One, Two, Three, Four
一髮牽動影響全局	One strip of hair: a part that may affect the whole body.
一髮千鈞情況危急	One critical situation: in imminent peril.
一反常態必不正常	One unusual act: other than normal.
一帆風順快樂回家	One smooth sailing: to get home happily.
一番心血不能白費	One painstaking effort: must not go to waste.
一份報紙知悉世界	One newspaper: a window to the world.
一分耕耘一分收穫	One bit of effort: one bit of gain.
一佛出世萬佛護持	One buddha appears: all buddhas will support and protect.
一佛出世　希有難得	"A Buddha Appears in the World; 
Rare and difficult to come by."
一佛淨土十方佛國	One Buddha Pure Land: endless buddha lands.
一夫當關萬夫莫敵	One man of courage: makes a majority.
一夫一妻家庭美滿	One husband and one wife: a happy family.
一副眼鏡看清前方	One pair of glasses: helps you see clearly.
一幅山水美不勝收	One landscape painting: sheer beauty.
一幅油畫蒙納麗莎	One piece of oil painting: Mona Lisa.
一個鼻孔同聲出氣	One nose through which all breathe: to sing the same tune.
一個創意多年苦思	One innovation: years of hard work.
一個故事感人至深	One story: extremely touching.
一個家園快樂天地	One family: a paradise.
一個馬桶博士學位	One toilet seat: a doctoral degree earned.
一個細菌蔓延傳染	One single bacteria: highly contagious.
一個忠臣為國捨命	One loyal minister: sacrifice for his country.
一根浮木創意無限	One driftwood: an art piece.
一根汗毛上天入地	One strand of hair: into heaven and down to earth.
一根香煙氣味難聞	One cigarette: unbearable odor.
一股腦兒全力以赴	One complete effort: give it your best.
一顧傾城再顧傾國	One beauty: she can overrun cities and ruin states.
一鼓作氣一氣呵成	One vigorous effort: accomplish something in one go.
一國明君知人善用	One eminent ruler: knows and employs the right people.
一國一家人之本份	One country, one family: a basis of human beings.
一鍋素肴健康養生	One pot of vegetarian delicacy: healthy and good.
一海之隔文化一統	One ocean apart: connected by one culture.
一行清淚洗去憂傷	One row of tears: wash away sorrows.
一毫端上世界在此	One strand of white hair: a world on its tip.
一黑一白是非分明	One side and the other: telling right from wrong.
一哄而散沒有成果	One dispersal in confusion: fruitless result.
一呼百諾大家擁護	One call answered by hundreds: public support.
一壺好茶談禪論道	One pot of good tea: a chat on Chan and the Way.
一湖景色心曠神怡	One scenic lake: relaxing and soothing.
一花五葉　禪門宗派	"A Five-Petaled Flower; 
The blossoming and development of Chan."
一花五葉五宗七派	One flower, five petals: Chan Schools.
一花一草皆是真如	One flower and one grass.
一揮而就才思敏捷	One swift action: agile thinking.
一即一切	One is All
一即一切一切即一	One is all: all is one.
一即一切　圓融無礙	"One is All; 
Interpenetration without obstruction."
一技在身終生受用	One professional skill: a lifetime use.
一技之長學以致用	One professional skill: apply what has been learnt.
一機在手功用無窮	One gadget in hand: endless possibilities.
一家老小共創家業	One family of young and old: time together.
一家團結幸福平安	One family together for happiness and peace.
一家一國忠孝仁愛	One family, one country: loyalty, duty, benevolence and love.
一家之主承擔重任	One head of the family: responsibilities.
一間旅店接待四方	One hotel: a place of stay to many.
一間溫室奇花異草	One greenhouse: home for exotic plants.
一剪梅飄香雪花相映	A Spray of Plum Blossoms: snow and flowers in meeting
一箭雙雕　一舉兩得	"To Kill Two Birds with One Stone; 
Achieve two aims at once."
一箭之地　距離不遠	"Within an Arrow's Length; 
A short distance."
一見如故說話同心	One intimate first meeting: soulmates.
一角袈裟揚起道風	One hem of the kasaya: a spiritual style.
一腳走出行遍全球	One footstep out: reach into the entire world.
一介不取為人清廉	One single penny untaken: honest and upright.
一介貧僧天地為家	One humble monk: the whole world is his home.
一進一退前後有序	One advance and one retreat: in orderly fashion.
一句成語流傳千古	One single phrase: ageless inspiration.
一句善言天地皆知	One word of kindness: heaven and earth will know.
一句閒話會惹事端	One mindless talk: a cause of trouble.
一句幽默打破僵局	One sense of humor: relief from an awkward situation.
一句讚歎皆大歡喜	One sentence of praise achieves a “win-win” situation.
一舉一動了如指掌	One movement and action: to know things like one’s own palm.
一炬照耀光明燦爛	One torch shines with glorious bright light.
一蹶不振需要省思	One setback: self-reflection is essential.
一開一關進出禮貌	One opening and closing: a manner of entering.
一顆明珠塵勞封鎖	One shiny pearl: long sealed by mundane trouble.
一刻千金	Each Moment is as Precious as Gold
一孔之見眼光狹愛	One open hole: narrowed views.
一口品嚐美味飄香	One mouthful of delicacy: delicious smells.
一口水井供人利用	One water well: providing for people.
一口唾液不能亂吐	One spit of saliva: never in the wrong place.
一口外語必有能量	One second language: endless potentials.
一哭一笑人生經歷	One tear and one laugh: the experiences of life.
一塊良田春種秋收	One fertile field: spring cultivation and autumn harvest.
一塊銀元保住性命	One piece of silver: a lifesaver.
一簣之功　最後努力	"Homestretch; 
The final effort."
一覽無遺盡收眼底	One glance that takes in all: to see everything.
一來一往交流溝通	One interaction: exchange and communication.
一老一少長幼有序	One elderly and one young: respect for seniority.
一雷覺醒大地群迷	One thunder awakens the confused minds of the entire land.
一粒米中大如須彌	One grain of rice: as big as Mt. Sumeru.
一粒鼠屎壞一鍋粥	One mouse dropping: an entire pot of food ruined.
一理通達萬事明白	One principle thoroughly understood: so is everything else.
一粒種子成長無限	One single seed: endless vitality.
一臉茫然不知所以	One confused face: totally clueless.
一了百當　一切妥當	"Finish All in One Go; 
Everything is ready."
一了百了　了結諸事	"Once and For All; 
Finally, all is settled."
一了千明　全盤了解	"One Insight Illuminates a Thousand; 
Comprehend the whole.   "
一流學府教育英才	One best school: education for elites.
一路連接八方通行	One road links to all passages.
一爐清香上供十方	One fragrant incense burner: an offering to the Ten Directions.
一縷輕煙化為虛無	One wisp of smoke: to turn into nothing.
一輪明月心情不同	One round moon: varied sentiments.
一落千丈　急速下降	"Drop Ten Thousand Feet in One Fall; 
Fall rapidly."
一馬奔騰南北東西	One horse gallops into all directions.
一馬當先領導前進	One horse in the lead: leading the pack.
一脈相傳後人發揚	One continuous lineage: honor the tradition.
一毛不拔施捨困難	One stingy mind: giving becomes difficult.
一門深入可探源流	One teaching mastered: straight to the source.
一門深入　心無旁騖	"Mastering a Teaching; 
A mind of singular focus."
一門學派造福人羣	One particular teaching: benefiting people.
一夢成真喜事到來	One dream come true: fortune ensues.
一面城牆見證歷史	One part of a wall: a historical witness.
一面之詞需要兼聽	One-sided statements must be heard by both.
一面之交萍水相逢	One crossing of paths: to meet by chance.
一面之緣　點頭之交	"Crossing Paths Once; 
Nodding terms."
一鳴驚人表現優異	One single brilliant feat: outstanding.
一名美嬰可成皇后	One beautiful baby: a future queen.
一抹微笑帶來歡喜	One smile: brings joy.
一目十行眼光銳利	One glance of everything: sharp eyes.
一模一樣學習很像	One and the same: exact resemblance.
一南一北各分東西	One in the South, one in the North: going our separate ways.
一男一女同為平等	One man and one woman: equality.
一念不生	Not a Single Thought That Arises
一念呈祥改變歷史	One moment of auspice: a change in history.
"一年春盡又一春，
野草山花幾度新；
天曉不因鐘鼓動，
月明非為夜行人。"	"One spring ends, another begins,
Wild grass and mountain flowers always anew;
Dawn rises even without the bell and drum,
Moonlight never was for travellers at night."
一念慈悲沒有敵人	One moment of compassion: there are no foes.
一念三千	The Three Thousand Realms are Within One Moment of Thought
一念三千心包太虛	One thought is big enough to contain all three thousand realms.
一念三千　胸懷法界	"The Three Thousand-fold World System is within One Moment of Thought; 
Embrace the Dharma realm."
一念萬年　時空無間	"Ten Thousand Years in One Moment of Thought; 
Time and space are not separate."
"一念忘時便道空，
不知空與色相同；
須知空色無分別，
如此圓融始大通。"	"When a thought is forgotten, the Way also becomes empty,
Not knowing emptiness and form are always the same;
One must know that emptiness is no different from form,
This harmonization then leads to thorough penetration."
"一念心清淨，處處蓮花開；
一花一世界，一葉一如來。"	"In a moment of pure thought, lotuses bloom everywhere;
Each flower, a world of its own; and each leaf, a Tathagata."
一念之差嫌過衝動	One moment of thought: an act of impulse.
一念之差　相距千里	"A Momentary Slip; 
A lifetime of consequences."
一念之間	A Moment of Thought
一年四季豐衣足食	One year, four seasons: bountiful life.
一牛吼地　距離相近	"Where One Can Hear a Cow Bellow; 
In close proximity."
一諾千金永不退票	One promise that will be kept: no returns.
一派胡言無法信任	One complete nonsense cannot be trusted.
一拍即合兩人同心	One immediate click: of the same mind.
一盤散沙無法凝聚	One sheet of loose sand: lacking solidarity.
一屁過江八風公案	One fart blows you across river: a gongan about the Eight Winds.
一匹汗馬為國立功	One contribution: honoring one’s country.
一片誠心所求如願	One sincere heart: all wishes fulfilled.
一片丹心天地可鑒	One leaf of red heart: Heaven and Earth are your witnesses.
一片汪洋海天同色	One boundless ocean: where water touches the sky.
一片竹海象徵君子	One bamboo forest: a symbol of integrity.
一貧如洗窮困潦倒	One as poor as a church mouse: poverty and distress.
一瓶一鉢　少欲知足	"One Bottle, One Bowl; 
Contentment with few desires."
一曝十寒　有始無終	"One Day's Sun, Ten Day's Frost; 
A start, no finish."
一起工作集體創作	One team working together: concerted effort.
一期生命老病死生	One period of life: old age, sickness, death, and rebirth.
一期一會　因緣難得	"Once Chance in a Lifetime; 
Causes and conditions are hard to come by."
一起一落自然現象	One rise and one fall: course of nature.
一期與會茶禪一味	One meeting: one taste of tea and Chan.
一氣之下判斷會錯	One instant of anger: unclear judgment.
一腔熱血可以成事	One fervent heart: everything is made possible.
一竅順暢七竅皆通	One aperture in the head cleared: as are all seven.
一切皆如也	Everything is as Such
一切男女皆我親人	One world of men and women: all are my family.
一切現成	Everything is Present
一切現成　本自具足	"Everything is Present; 
All phenomena are inherently perfect."
一切有情皆能成佛	One realm of sentient beings: all will become buddhas.
一切眾生　生命平等	"All Sentient Beings; 
All life is equal."
一切種智	All-Inclusive Wisdom
一親一疏　關係不同	"Closer to the Truth, or Further; 
The difference is relative."
一擒一縱　收放自如	"Capture and Release; 
Receive and let go with ease."
一球在手出神入化	One ball in hand: where magic happens.
一丘之貉沒有不同	One lair of jackals: all the same.
一曲陽關惜別送行	One song at the Yangguan Pass: bidding goodbye.
一曲遊子吟道盡心酸	Song of the Wanderer: the days of sadness and heartache
一犬吠聲眾犬相應	One dog’s bark: followed by many.
一泉活水解除飢渴	One flowing spring can quench thirsts.
一權在握就把令行	One with power in hand: issuing orders.
一群大眾有我一份	One crowd of people: I am a part.
一羣候鳥懂得適應	One flock of migrating birds: adaptation.
一人成道普濟羣生	One individual’s enlightenment: universal liberation of all.
一人出家全家得度	One renunciant: the entire family delivered.
一人傳十十人無限	One person to ten: infinite multiplication.
一人行佛萬眾得益	One practitioner of Buddha’s way: benefits for all.
一人殉教萬人悲哀	One martyr: ten thousand sad hearts.
一人一命一顆真心	One human life: one true heart.
一日不見如隔三秋	One day apart: feels like three autumns had passed.
一日三省必有進步	One day, three reflections: improvement guaranteed.
一日一夜六時吉祥	One morning and one night: auspicious all day through.
一日朝暮作息正常	One day and night of regular lifestyle.
一日之計從新開始	One day’s plan: start anew.
一入清流讓人讚歎	One clear stream: admirable.
一掃而空乾淨俐落	One clean sweep: neat and swift.
一沙一石大千世界	One grain of sand or one rock: entire worlds.
一山一水都是佛性	One mountain and one river: all have the buddha-nature.
一身是膽毫不畏懼	One brave soul: fearless.
一身武藝遐邇聞名	One martial art master: widely renowned.
一聲棒喝參破疑情	One shout and strike: breaking through doubts.
一聲不響故弄玄虛	One without a single sound: being mysterious.
一聲吉祥彼此互祝	One auspicious greeting is a mutual blessing.
一聲鬧鐘夢中驚醒	One sounding alarm: rude awakening.
一聲問候噓寒問暖	One greeting of care: showing concern.
一生好命具足善緣	One lifetime of blessings: to have favorable conditions.
一生萬法	One Gives Rise to Many
一生一世盡心盡力	One whole lifetime: full devotion.
一生正直為人坦蕩	One upright and honest mind: a clear conscience.
一時錯誤立刻改正	One mistake must be corrected immediately.
一時毀譽過眼雲烟	One moment of fame or shame: all are transient.
一時千載機會難逢	One moment in a thousand years: a rare opportunity.
一時辛勤家園整潔	One moment of diligence keeps one tidy and clean.
一時一刻分秒必爭	One minute and one second: time is priceless.
一時之選能力傑出	One in a million: outstanding excellence.
一石二鳥非常幸運	One stone that hits two birds: extremely lucky.
一失人身萬劫不復	Once this human body is lost: beyond redemption.
一失一得內有宗要	One loss and one gain: a message within each.
一視同仁平等對待	One who treats all alike: equality.
一事無成　希望渺茫	"Having Accomplished Nothing; 
Slim hope."
一師一道　不忘初衷	"One Teacher, One Path; 
To follow with firm resolve and aspiration."
一師一道全始全終	One pair of clean hands: honest and incorrupt.
一手遮天　蒙蔽世人	"Covering the Sky with One Hand; 
To conceal the truth from people."
一手遮天欺上瞞下	One hand that blocks the sky: deceitful in all ways.
"一樹春風有兩般，
南枝向暖北枝寒；
現前一段西來意，
一片西飛一片東。"	"Upon one tree are two springs,
Southern Warmth and Northern Cold;
Then comes the heart of the West,
One side Westward, one Eastward."
一樹花果種者受益	One tree’s flowers and fruits: the farmer’s gain.
一樹桃花百千種子	One tree of plum blossoms: thousands of seeds.
一雙翅膀翱翔天空	One pair of wings: lets you soar in the sky.
一雙慧眼善觀天下	One pair of wise eyes: see the world skillfully.
一雙芒鞋雲遊參學	One pair of straw shoes: travel and learn.
一雙手腳表示萬能	One pair of hands and feet: omnipotent.
一睡好眠精神百倍	One night’s good sleep: completely refreshed.
一水貫通五湖四海	One water flows through all rivers and seas.
一水四見	The Same Water Is Viewed in Four Different Ways
一水四見　業力不同	"The Same Water is Perceived in Four Ways; 
Differing karmic retributions."
一絲不掛　諸見脫落	"Not Attached to a Single Thread; 
Free from all delusive views."
一艘船隻名利乘者	One ship: a carrier of fame and gain.
一歲九遷有作有為	One year of nine promotions: promising.
一蹋糊塗難以收拾	One big mess: unredeemable.
一台好戲感人深遠	One great performance: truly touching and inspiring.
一天人生三省吾身	One day’s life: self-reflect thrice.
一天一地無限廣闊	One sky and one land: boundless.
一條日光大道奔馳不妙	The Sunshine Road: stroll along it slowly
一條生命呼吸之間	One life: in one single breath.
一條小溪涓涓不斷	One tiny creek: trickling endlessly.
一通電話相互知曉	One phone call: connecting two ends.
一頭白髮歲月寫照	One head covered in silver hair: a sign of age.
一頭霧水　百思不解	"Perplexed; 
Confused even after pondering a hundred times."
一頭霧水搞不清楚	One bewilderment: utterly confused.
一團和氣相處融洽	One group on good terms: harmonious coexistence.
一碗飯食來處不易	One bowl of food is hard to come by.
一網打盡　全軍覆沒	"To Catch Everything in One Net; 
Total destruction of an army."
一望無際天地遼闊	One stretch to the horizon: a boundless world.
一往一來　交往不斷	"Back and Forth; 
Mutual and continuous exchange."
一往直前毫不猶豫	One direction straight ahead: march forward courageously.
一往直前　所向披靡	"Advance Courageously; 
Eliminate all obstacles completely."
一葦渡江達摩東來	One reed carried Bodhidharma Eastward across the river.
一葦渡江　中印交流	"Crossing the River on a Reed; 
An exchange between China and India."
一位難求必有可觀	One full house: a must-see performance.
一位沙彌未來法王	One novice monk: a future Dharma king.
一文不名仍須努力	One name worth not even a penny: keep striving.
一問一答談玄說妙	One question and one answer: a discussion of wondrous mystery.
一臥不起病情嚴重	One bedridden illness: a serious matter.
一物成長地水火風	One matter grows out of Earth, Water, Fire, and Wind.
一無所獲繼續努力	One futile effort: keep trying.
一五一十交代清楚	One in full detail: to explain everything.
一顯身手能量高超	One demonstration of skillfulness: extreme ability.
一項發明造福人類	One invention: benefiting humanity.
一廂情願不顧他人	One’s own wishful thinking: no consideration for others.
一廂情願　徒勞無功	"Wishful Thinking; 
Work to no avail."
一笑真誠千金難買	One sincere smile: cannot be bought with gold.
一笑置之　不以為意	"Dismiss With a Laugh; 
To take things lightly and not be overly concerned."
一笑置之不值一談	One dismissing laugh: say no more.
一些老套人皆不喜	One old usual trick: unwelcomed.
一瀉千里洪水氾濫	One deluge of flood water: a true disaster.
一心	Singleminded
一心不二	Single-mindedness
一心不二	Wholeheartedly
一心不亂	Be of One Mind
一心不亂　沒有雜念	"Be of One Mind; 
Without distractive thoughts."
一心稱名佛在我心	One single-minded chanting: Buddha is in my heart.
一心頂禮萬佛為尊	One sincere homage: all buddhas will respect you.
一心二門	One Mind and Two Paths
一心法界	The Dharma Realm is in One Mind
一心放下煩惱塵垢	One-minded focus on letting go of defilement.
一心廣含十方虛空	One all-embracing mind: the vast emptiness.
一心皈命	Singlemindedly Take Refuge
一心護教法輪常轉	One devotion to faith: eternal turn of the Dharma Wheel.
一心回向法界芬芳	One dedication of sincerity: a beautiful dharma realm.
一心念佛往生淨土	One-minded chanting of Buddha’s name: rebirth in Pure Land.
一心萬法	One Mind, Myriad Phenomena
一心繫念佛國淨土	One single-minded chanting: to Buddha’s Pure Land.
一新一舊各有用途	One new and one old: each with a purpose.
一心一意	Wholeheartedly
一心一意全力以赴	One wholehearted dedication: give everything you have got.
一心一意　心無二用	"Wholeheartedly; 
With one-pointedness of mind."
一心找碴蛋內挑骨	One bone in an egg: to nitpick.
一休禪師聰敏機智	One mentally agile monk: Master Ikkyu.
一學就會天資聰穎	One instantly mastered skill: a gifted talent.
一言半句　言詞簡短	"Just a Word or Two; 
Concise speech."
一言不發思考再三	One who is clam-like: in deep deliberation.
一言既出駟馬難追	One promise, once made, cannot be taken back.
一言九鼎信守承諾	One word that carries enormous weight: keeping one’s promise.
一言決斷不再疑慮	One final call puts an end to all doubts.
一言一語皆成妙道	One expression: a wondrous teaching of its own.
一眼看透人間萬事	One penetrating eye: to see everything.
一葉扁舟優悠歲月	One small boat: passing the days in leisure and happiness.
一葉知秋世事無常	One leaf tells autumn time, and the impermanent world.
一以貫之	Be Consistent
一以貫之做事牢靠	One prevailing principle: dependable.
一翳在眼不見真相	One covered eye: blinded from the truth.
一音演說眾生得解	One voice that speaks: different beings are liberated.
一音讚佛萬千功德	One voice in praise of Buddha: infinite merits.
一應俱全應有盡有	One complete set: everything that is needed.
一擁而入欠缺禮讓	One crowd rushing in: lack of propriety.
一語成讖說話靈驗	One comment that hits the mark: efficacious words.
一語道斷去除兩邊	One word that silences all: all extremes eliminated.
一語道破容易傷人	One hit on the bull’s eye: causing instant harm.
一語開示萬事包容	One word of teaching on embracing everything.
一語雙關幽默風趣	One pun of words: humorous and interesting.
一語心寒話不投機	One bitter comment: not seeing eye to eye.
一雨滋潤山川草木	One rain nourishes a mountain’s rivers, grass, and trees.
一元復始萬象更新	One fresh start of the year: the start of a cycle.
一圓一缺自然現象	One perfection and one defect: natural phenomena.
一月普照萬國九洲	One moon shines on all kingdoms and continents.
一月十五元宵燈節	One and fifteenth: the lantern festival.
一再叛逆人皆唾棄	One rebellious mind: despised by all.
一則八卦害人害己	One paparazzi report: harmful to all.
一增一減不多不少	One increase and one decrease: neither more nor less.
一盞路燈照亮歸人	One street lamp: illuminate the way home.
一展身手表現能力	One demonstration of talent: show your skills.
一盞天燈諸葛求援	One sky lantern: Kongming’s call of despair.
一張信紙傳達心意	One letter paper: the heart’s messenger.
一張一弛不緊不鬆	One stretch and one contraction: neither tense nor loose.
一張照片記錄人生	One photo: a record of life.
一張嘴巴不說妄語	One mouth: no lies.
一朝風月萬里晴空	One moment of moon in the wind: a cloudless sky.
一朝一日不要空過	One day’s time: do not let it pass in vain.
一真法界五乘佛法	One world of reality: the Five Vehicles.
一針縫紉萬里情懷	One needle that sews endless sentiments.
一枕南柯不切實際	One night’s dream: unrealistic.
一陣風雨萬物生機	One storm: endless vigor.
一陣清風光陰迅速	One swift clear wind: time flies.
一知半解　略知皮毛	"Partial Understanding; 
Merely scratching the surface."
一知半解學道不精	One half-knowledge: a master of none.
一紙公文無法回頭	One official document: the point of no return.
一隻手錶能知晨昏	One watch: tells the time of the day.
一隻蚊子疾病媒介	One mosquito: a carrier of disease.
一支手機拉近彼此	One cell phone: bringing people closer.
一指指月指月不同	One finger that points to the moon: two different matters.
一種鳥類名佛法僧	One type of bird: names of Buddha, Dharma, Sangha.
一種運動身心健康	One type of sport: staying fit and healthy.
一柱擎天中流砥柱	One central pillar: the foundation of society.
一株文蘭聞名世界	One orchid flower: world-renowned.
一磚一瓦屋基穩固	One brick and one tile: a firm foundation.
一樁公案多人悟道	One gongan: a cause for people’s enlightenment.
一桌麻將家破人亡	One round of mahjong: cause for a broken family.
一桌宴席解決困難	One banquet can help resolve problems.
一走了之不負責任	One who just leaves: irresponsible.
一尊雕像千錘百鍊	One sculpture: endless chiseling and hammering.
一尊佛像在我心中	One Buddha statue: within my heart.
一座橋樑兩岸溝通	One bridge: Cross-Strait communication.
一座水壩發電灌溉	One dam: powers and nourishes many.
一座鹽礦地底樂園	One salt mine: an underground paradise.
以慈為心	Let Compassion Fill the Mind
以德為本	Regard Morality as the Foundation
以毒攻毒　用法奇特	"To Cure Ills with Poison; 
Peculiar methods."
以法所依	Follow the Dharma
以法為侶	Dharma as Companion
以法為師	Regard the Dharma as the Teacher
以法為依	Reliance on the Dharma
以和為貴	Peace is Priceless
以戒為師	Regard Precepts as the Teacher
以戒為師　遵守規則	"Regard Precepts as the Teacher; 
Respect and comply with the rules."
以空為樂	Happiness is Found in Emptiness
以空為有	Regard Emptiness as Existence
以勤為富	Diligence is Wealth
以人為本	Focus on Humans
以忍為力	Endurance is Your Strength
以手加額　讚歎尊重	"Joining Palms to the Forehead; 
To praise with great respect."
以退為進	To Retreat Means To Advance
以無為有	Owning Everything by Having Nothing
以心傳心　心領神會	"Heart-to-Heart Transmission; 
A tacit encounter."
以眾為我	Regard the Multitude as Myself
異口同聲　意見一致	"To Speak with One Voice; 
In consensus."
伊人在水一方給我失望	The Lover is on One Side of the Water: broken heart
義光照耀	Illuminating Light of Righteousness
倚門傍戶　沒有主見	"Wishy-washy; 
Lacking in one's opinion."
衣鉢相傳　傳承信物	"Passing Down the Robe and Bowl; 
Tokens of Dharma transmission."
依了義	Rely on the Ultimate Truth
依草附木　攀緣外境	"Clinging to Grass and Trees; 
Attaching to external phenomena."
依正莊嚴　國泰民安	"Circumstantial and Direct Adornment; 
A peaceful and prosperous country."
移星換斗　扭轉乾坤	"To Shift Constellations; 
Ability to move Heaven and Earth."
因風吹火　順勢而為	"Stoking Fire with the Wind; 
Availing of the circumstances."
因該果海	The Cause Leads to Its Corresponding Effects
因果報應　所作不虛	"Karmic Retribution; 
All actions are not without a trace."
印壞文成　死生相續	"The Words Remain Though the Seal is Broken; 
Continuity of life and death."
引火燒身　自惹禍殃	"Playing with Fire; 
Asking for trouble."
銀山鐵壁　堅固難穿	"Silver Mountain and Iron Wall; 
Difficult to penetrate."
音聲佛事　唱頌超度	"To Teach the Dharma through Sound; 
To liberate through song and chant."
隱形的翅膀飛過絕望	Invisible Wings: overcoming despair
迎春花開放大地光茫	Welcome Spring Flower: blooming and radiating
應病與藥　契合需要	"Treat an Illness with the Right Medicine; 
In accordance with one's needs."
應世無畏	Face the World Fearlessly
應無所住	In Accordance with Non-Abiding
應無所住而生其心	A Mind Without Abiding in Anything or Anywhere
應無所住　無所不住	"To Abide Nowhere; 
Nowhere non-abiding."
鸚鵡學舌　不知其義	"Like a Talking Parrot; 
Repeating without understanding."
"蠅子投窗
空門不肯出，投窗也太痴；
千年鑽故紙，何日出頭時。"	"Housefly Banging Against the Window
Unwilling to leave through the empty door, 
Banging against the window is too ignorant.
For a thousand years, studying these ancient pages, 
When will you achieve the Way?"
"蠅子透窗
為愛尋光紙上鑽，
不能透處幾多般；
忽然撞著來時路，
始覺半生被眼瞞。"	"Verse on a Housefly Entering the Window
For love I seek the light by pouring over books;
I was unable to leave that place—how difficult.
Suddenly, I arrive on the road I came from 
And begin to awaken to the past my eyes had cheated from me."
永不退票	Never Make Any Returns
永不退票	Never Bounce a Check
永不退票　信用昭著	"Never Make Any Returns; 
Significant credibility."
"詠梅
叢林秋已晚，萬木盡凋傷。
獨有寒梅樹，飛來雪裏香。
雪色春已到，寒香夜更清。
一聲幽鳥語，忽使夢魂騖。"	"Plum Glory
Late autumn in the forest, 
All trees have withered.
Only plum trees stand braving the cold,
Whose fragrance wafts through drifting snow.
Spring arrives with the scenery of snow,
At night the fragrance of winter more pure.
A serene bird song,
Swiftly awakens my soul from the dream."
勇猛精進　刻苦學習	"Courageously Diligent; 
Assiduous."
"詠石僧
雲作袈裟石作僧，
岩前獨立幾經春。
有人若問西來意，
無言相對總是真。"	"Clouds as the Robe, and Stones the Monk
Clouds as the robe, and stones the monk,
Across many springs quietly standing by the rock;
Shall anyone ask about the West mind,
Silence is usually the most genuine reply of all."
有道	Have a Path
有佛法就有辦法	Where There Is Dharma, There Is a Way
有口皆碑　眾所稱讚	"Praised as a Household Name; 
Commended by all."
有口無心　容易出錯	"Off the Top of One's Head; 
Prone to mistakes."
有情世間　娑婆世界	"Sentient World; 
Saha World."
有情眾生　凡夫俗子	"Sentient Beings; 
Ordinary people."
有求必應　如願以償	"Every Plea Met; 
Every wish granted."
有容乃大	Tolerance Makes Greatness
有為	Promising
有無相生	Arising of Form and Formless Characteristics
有義	Righteousness
遊山玩水　尋師訪道	"Crossing Mountains and Streams; 
Seeking teachers and the Way."
遊戲三昧　無縛境界	"Lion's Play Samadhi; 
Not bound by anything."
又是細雨總要分離	Drizzling Again: eventual parting
漁光曲一歌祖孫相依	Song of the Fishermen: family of interdependence
于江月現	The Moon's Reflection in a Thousand Rivers
與人為善	Kind Intentions for Others
與人為善　熱心服務	"Kind Intentions for Others; 
Serve others with enthusiasm."
與時俱進	Keeping Up With the Times
與賊過梯　為虎作倀	"Giving a Ladder to a Thief; 
Helping a tiger pounce on its prey."
預搔待癢　時機不對	"Scratching Before the Itch; 
Premature."
御選語錄	Sayings from the Imperial Writings
語焉不詳　論述模糊	"Inexplicit Words; 
Vague statements."
語言妙香	Good Words are Like the Fragrance of Sweet Perfume
雨中即景風吹花草	Scenery in the Rain: grass and flowers in the wind
愚拙	Wisdom Disguised as Slow-wittedness
緣別揮手一切皆休	Affinity: waving goodbye, all comes to an end
緣起性空　真空妙有	"Dependent Origination and the Nature of Emptiness; 
From true emptiness comes wondrous existence."
"遠觀山有色，近聽水無聲；
春去花猶在，人來鳥不驚。"	"When afar, a vista of mountains,
When up close, rivers are silent;
When spring goes, flowers stay,
When with people, birds remain calm."
遠離塵垢　除去世俗	"Free From Dust and Defilement; 
Leave the mundane world."
猿猴取月　空自妄想	"Like a Monkey Fishing for the Moon; 
Empty and vain attempts."
冤家債主　不勝其煩	"Enemies and Foes; 
Endless troubles."
冤冤相報　沒完沒了	"An Eye for an Eye, a Tooth for a Tooth; 
Without end."
願將佛手雙垂下  摸得人心一樣平	"May the Buddha's Hands Reach Down
To Smooth Out the Hearts of People as Equals"
原鄉人故事情意深長	My Native Land: deep and meaningful stories
圓孔方木　不能契合	"Square Peg in a Round Hole; 
Not in agreement."
圓滿	Perfection
元妙真常	Mysterious and Wondrous True Eternity
怨親平等　一視同仁	"Treat Friend and Foe Equally; 
Benevolence towards all."
怨憎會苦　冤家對頭	"Resentment of Undesired Meetings; 
When foes cross paths."
月白風清	Bright Moon, Clear Wind
月光小夜曲明暗回想	Moonlight Serenade: nostalgic night
月琴彈唱我心感傷	Moon Zither: played and sung with sentiments
月映千江	The Moon's Reflection in a Thousand Rivers
月正當空	The Moon Is High Above In the Sky
悦心集	Yue Xin Ji (Essays That Entertain the Heart)
雲淡風清	Like Wind that Clears the Clouds
雲湖覺海	Lake of Clouds and Ocean of Awakening
雲湖鐘聲紫砂茶禪	Yun Lake: bell tolls, clay teapots, and tea Chan
雲開見日	The Sun Is Seen Through Dispersed Clouds
雲開見月	The Cloud Disperses and the Moon Appears
雲門薪火文化傳承	Cloud Gate: continuing the heritage of dance culture
雲山月明	Cloud and Mountain, Bright as the Moon
雲水	Cloud and Water
雲水法界	Cloud and Water in the Dharma Realm
雲水人生	A Life Like Cloud and Water
雲水三千	Cloud and Water
雲水天下	Like Cloud and Water
雲水天下	Travel Like Cloud and Water
雲水自在	At Ease Like Cloud and Water
雲水自在  祥和歡喜	May You Be Free as Cloud and Water, Auspicious and Joyful
再別康橋我會再來	Saying Goodbye to Cambridge Again: see you
再生父母　救命恩人	"Like a Second Parent; 
For saving one's life."
在家出家　超塵脫俗	"Householder, Monastic Life; 
Transcending the mundane world."
在劫難逃　因果注定	"No Escape; 
Cause and effect are inevitable."
在那遙遠的地方牧羊風光	In That Faraway Place: days of the shepherd
在水一方逆流而上	On the Other Side of the Water: against the stream
在銀色月光下徘徊妄想	Under the Silver Moonlight: lingering delusion
攢花簇錦　五彩繽紛	"Bundling Flowers into a Bouquet; 
Flamboyant and colorful."
"讚師偈
心懷度眾慈悲願 
身似法海不繫舟 
問師平生何所求 
平安幸福照五洲"	"Praise to Our Venerable Master
A mind with the compassionate vow to deliver sentient beings,
A body like a boat on the Dharma ocean, unbound.
Should you ask what the Venerable Master has achieved in this lifetime?
Peace and happiness shine upon the five continents."
鑿壁偷光　刻苦勤學	"Piercing the Wall to Steal Light; 
Diligent study despite adversities."
賊過張弓　錯失良機	"Shoot After the Thief Has Gone; 
Missed opportunity."
賊去關門　為時已晚	"Locking the Door After the Thief Has Left; 
Too late."
"贈東林總長老
溪聲盡是廣長舌，
山色無非清凈身，
夜來八萬四千偈，
他日如何舉似人。"	"Presented to Elder Zong of Donglin Monastery
The babbling creeks are His broad, long tongue;
The scenic mountains are nothing but His pure body.
Nightfall brings eighty-four thousand gathas,
In days ahead, how to present them to others?"
"贈藥山高僧惟儼
練得身形似鶴形，
千株松下兩函經；
我來問道無餘說，
雲在青天水在瓶。"	"For Yaoshan Eminent Monk Weiyan
One’s body shaped alike a crane through training,
Two coffers of scriptures, under a thousand pine trees lay.
As you inquire into the Way, not much do I have to say,
Clouds in the blue sky and water in the jar."
增上緣	Positive Conditions
增增日上	Be on the Up-and-Up
眨上眉毛　機鋒暗示	"Lifting One's Eyebrows; 
An obvious suggestion."
齋戒沐浴　身心清淨	"To Bathe, Observe the Precepts and Vegetarianism; 
Purifying body and mind."
摘葉尋枝　深知前後	"Plucking Leaves, Seeking for Branches; 
To know something root and branch."
斬釘截鐵　行事果斷	"Iron Nails Cut in One Slash; 
To act decisively."
斬頭求活　荒謬愚蠢	"Seeking Life Through Decapitation; 
Absurd stupidity."
丈六金身　相好莊嚴	"Towering Golden Body; 
Auspicious appearance."
張三李四　姑且稱之	"John Doe, Jane Smith; 
To refer to tentatively."
掌上明珠　極為珍貴	"A Pearl in One's Palms; 
Extremely valuable treasure."
朝參暮禮　精進修行	"Prostrating Day and Night; 
Cultivating diligently."
朝參暮請　學道請益	"Requesting the Dharma Day and Night; 
Asking for instruction and learning the Way."
"朝看花開滿樹紅，
暮看花落樹還空；
若將花比人間事，
花與人間事一同。"	"In the morning, one sees a tree full of red flower blossoms;
In the evening, one finds fallen flowers, and a tree once again bare.
Shall these flowers be compared to worldly affairs,
What then becomes obvious is that all are but one and the same."
朝山禮拜與佛接心	Pilgrimage: heart-to-heart connection with the Buddha
朝山禮佛　虔誠恭敬	"Pilgrimage to the Buddha; 
Pious and sincere."
照顧當下	Be Mindful of the Present Moment
照顧腳下	Be Mindful of One's Footsteps
照顧腳下　制心一處	"Mind Your Steps; 
Single-minded concentration."
照見五蘊皆空	Realize that the Five Skandhas are All Empty
照心之鏡	The Mirror of Reflecting the Mind
"招友人宿
銀地無塵金菊開，
紫梨紅棗墮莓苔；
一泓秋水一輪月，
今晚故人來不來。"	"Making a Friend Stay for the Night
Golden camomiles on silvery dustless land, 
Purple pears and red dates fall into a green field;
As the moon is mirrored in an autumn pond,
I wonder if my old friend will visit me tonight."
針鋒相對　絲毫不讓	"Measure for Measure; 
No compromise."
針芥相投　罕遇難逢	"A Match Made in Heaven; 
Hard to find."
真空不空	True Emptiness is Not Actually Empty
真空妙有	From True Emptiness Comes Wondrous Existence
真空妙有　空有圓融	"From True Emptiness Comes Wondrous Existence; 
Emptiness and existence are interpenetrative."
真如性海	True Thusness and the Ocean of Nature
真如自性　表示真我	"True Thusness and Intrinsic Nature; 
One's true nature."
真善美	Truth, Virtue, and Beauty
真善美一歌世界名曲	Truth, Virtue, and Beauty: The Sound of Music
真實不虛　絕無虛假	"Truth is Truth; 
Absolutely without fabrication."
真相大白　洗刷沉冤	"The Whole Truth is Revealed; 
Justice is served."
真心性海	Ocean of True Mind and Nature
珍惜來臨的一年明年更好	Cherish What You Have: year after year, life will get better
珍惜生命	Cherish Life
珍重再見情義不改	Goodbye and Take Care: staying loyal
正大光明	Be Just and Honorable
正法淨心	Right Dharma Purifies the Mind
正法眼藏	Treasure of the True Dharma Eye
正法眼藏　真理心要	"Treasure of the True Dharma Eye; 
The core of all truths."
正見	Right View
正覺	Samyak-Sambodhi
正覺人生	A Life of Righteous Awakening
正命	Right Livelihood
正命吉祥	Right Livelihood Brings Auspiciousness
正念善用	Make Good Use of Right Thoughts
正念為用	Use Right Thoughts
正派做人	Maintain a Righteous Character
正思惟	Right View
正心誠意	A Righteous Mind with Sincere Intentions
正心正人	An Upright Mind and Upright Person
正行	Right Action
正行無畏	Right Action Makes One Fearless
正知	Right Understanding
正知正見	Right Understanding and Right Views
至誠至真	Utmost Sincerity and Truthfulness
至理名言　絕美法語	"Remarkable Sayings; 
Exquisite Dharma words."
至真至善	The Zenith of Truthfulness and Virtue
知錯美德	The Virtue of Admitting One's Faults
知道	Knowing
知恩報恩　有情有義	"Repay Every Kindness Bestowed; 
Sentiment and righteousness. "
知恩為富	Gratitude is Wealth
知愧	Understand Shame
知命不惑	Clearly Know Your Obligations
知天知命	Know the Ways of Heaven and One's Life
知心知命	Know One's Mind and Life
知行合一	Be Consistent in Your Understanding and Actions
知行合一	Unity of Knowledge and Action
知愚	Acknowledge Your Ignorance
知止知足	Know When to Stop, When to be Content
知足	Contentment
知足常樂	Contentment BringsEternal Happiness
知足常樂 能忍自安	Contentment Brings Eternal Happiness That Can Bring Tolerance and Safety
知足富貴	Contentment Is a Wealth
知足生活別無他求	Contentment: living without asking for more
知足為福	Contentment is a Fortune
知足為貴	Contentment is Precious
擲地有聲　鏗鏘有力	"Making a Loud Statement; 
Resounding and forceful."
指點迷津　引人正路	"To Point Out a Way; 
Guide one to the right path."
指東劃西　不著邊際	"Neither Here nor There; 
Strayed from the point."
指鹿為馬　歪曲事實	"To Call a Deer a Horse; 
Bending the truth."
指桑罵槐　拐彎抹角	"Beat Around the Bush; 
To skirt around the corners."
止觀	Cessation and Contemplation
智慧慈悲	Wisdom and Compassion
智慧法水	The Stream of Dharma Wisdom
智慧明燈	Light of Wisdom
智目行足　行解並重	"Eyes of Wisdom and Steps of Conduct; 
Emphasis on both theory and practice."
智仁勇	Wisdom, Benevolence, and Courage
智月常圓	The Moon of Wisdom is Always Full
執迷不悟　不肯認錯	"Holding onto Delusions; 
Refusal to admit mistakes."
直下承擔	Immediate Acceptance of Responsibilities
直下承當　勇於面對	"Immediate Acceptance of Responsibilities; 
Confront situations courageously."
直心道場	A Straightforward Mind is the Place for Awakening
志如高山	Aspirations as High as the Great Mountains
志心信禮	Conviction, Faith and Respect
志心信禮　虔誠恭敬	"Conviction, Faith, and Respect; 
With devotion and reverence."
志在千里	Aspirations As Far As Thousands of Miles
志在天下	A Will as Great as the Entire World
制心一處　無念安心	"Focus the Mind; 
Abide in non-thought."
中道	Middle Way
種瓜得瓜　因果必然	"Reaping What One Sows; 
Causes and effects are inevitable."
忠厚仁慈	Honesty, Kindness, Benevolence, and Compassion
忠孝仁愛	Loyalty, Filial Devotion, Benevolence
眾望所歸　名實相符	"Command Public Respect and Support; 
To live up to one's reputation."
眾緣和合　因緣成就	"Synergy of Conditions; 
Causes and conditions coming together."
眾中有我	I Am Among the Multitude
"終日尋春不見春，
芒鞋踏破嶺頭雲；
歸來偶把梅花嗅，
春在枝頭已十分。"	"The whole day spent looking for spring but not seeing spring;
Straw sandals worn out on cloud-covered peaks.
Return to casually sniff the plum blossoms;
Spring is already fully on the branch tips."
終生學習	A Lifetime of Learning
鍾山春石城龍蟠虎踞	Spring in Mount Zhong: Shicheng, where tigers crouch and dragons coil
重整旗鼓　東山再起	"Plan a Comeback; 
To rise again."
重重無盡　華藏世界	"Endlessly Overlapping; 
The Lotus Store (Avatamsaka) World."
主動向前	Be Proactive in Moving Forward
諸惡莫作	Cease All Unwholesome Deeds
諸佛為侶	Buddhas as Friends
諸根具足	Complete In All Sense Faculties
諸上善人　良師益友	"Utmost Virtuous People; 
Noble teachers and friends."
竹報平安　幸福象徵	"Reported Safe and Sound; 
Sign of happiness."
竹密不妨流水過  山高豈礙白雲飛	No Matter How Dense, Bamboos Never Stop Water From Seeping Through; No Matter How High,Mountains Never Obstruct Clouds from Flying Over
祝您幸福無懼汗珠	Wish You Happiness: tears and pain matter not
祝您一路順風別離憂愁	Wish You a Pleasant Journey: sorrow of parting
逐氣尋香　執迷妄想	"Seeking Fragrance Instead of Substance; 
Grasping delusive thoughts."
朱文公全集	Complete Works of Zhu Wengong
抓泥鰍行為傷害生命	Catching Mudfish: harming life
轉	Turn
轉女成男　一切平等	"Turning a Woman into a Man; 
Everyone is equal."
轉識成智　諸行圓滿	"Transforming Knowledge into Wisdom; 
To perfect one's cultivation."
裝聾作啞　故意不知	"Play Dumb; 
To act ignorant."
裝模作樣　矯揉做作	"To Put on an Act; 
An affected manner."
莊嚴	Dignity
莊嚴寶像　攝受群生	"Majestic Buddha Statue; 
Inspiring all."
莊嚴本性	Dignified Original Nature
莊嚴具足	Complete With Dignity
追來追去你在何方	Chasing: here and there, where are you?
追夢人情景變幻無常	Dream Chaser: constant changes of impermanence
自家寶藏	The Treasure Within Oneself
自覺	Self-awakening
自覺覺他	Enlighten Oneself and Others
自覺人	A Self-Awakened Person
自覺行佛	Self-awareness and Practice the Buddha's Way
自利利他　菩薩行為	"Benefiting Self and Others; 
Practice of a bodhisattva."
自欺欺人　掩耳盜鈴	"Deceiving Self and Others; 
Covering one's ears to steal a bell."
自強不息	Continuously Strive to Improve
自然而然　順勢發展	"In a Natural Manner; 
Take its course."
自然之美	Natural Beauty
自身難保　焉能助人	"Unable to Fend for Oneself; 
How can one even help others?"
自食其果　作法自斃	"Reap One's Own Harvest; 
To suffer the consequences of one's own actions."
自我革新　不斷改進	"Self-Innovation; 
Continuous improvement."
自心信樂	Belief and Joy in One's Heart
自性自覺	Self-nature, Self-awakening
自由自在	Be Liberated and Carefree
自由自在　無牽無掛	"Liberated and Carefree; 
Without worries."
自在	Carefree
自在人生	A Life at Ease
自在為樂	Happiness Can Be Found in Carefreeness
自作自受　業力隨身	"Suffer the Consequences of One's Actions; 
Karmic retributions will follow."
走出自己	Make Your Own Path
走四方風光地老天荒	Walk in Four Directions: glory till the end of time
祖堂集	Annals of the Ancestral Hall
鑽故紙堆　脫離現實	"Boring through Heaps of Old Papers; 
Detached from reality."
鑽水求酥　痴心妄想	"Churning Water, Seeking Butter; 
Wishful thinking."
最上三寶	Supreme Triple Gem
罪業深重　惡貫滿盈	"Grave Offenses; 
Full of unwholesomeness."
左穿右穴　了了分明	"To Know Something Inside and Out; 
Thorough understanding."
坐斷乾坤　超越時空	"Sitting Meditation, Severing Heaven and Earth; 
Beyond time and space."
坐斷十方　泯除分別	"Sitting Meditation, Severing the Ten Directions; 
Extinguishing all discrimination."
坐井觀天　眼界狹小	"Viewing the Sky from the Bottom of a Well; 
Narrow perspective and vision."
坐久成勞　方法不對	"Meditation Fatigue; 
Wrong method."
"坐破蒲團不用功，何時及第悟真空；
真是一番齊著力，桃花三月看飛紅。"	"With no real effort, even wearing out the sitting mat,
There will be no realization of the heart’s true emptiness.
After great effort is applied,
Life will be like the flying colors of the peach blossom in March."
做己貴人　自立自強	"The One Who Helps You Succeed is Yourself; 
Be self-reliant, be strong."
做自己的貴人	The One Who Helps You Succeed is Yourself
作繭自縛　自招苦果	"Tangled in One's Own Net; 
To cause one's troubles."
作如是觀　抱持看法	"One Shall Contemplate as Such; 
To uphold one's view."
作獅子吼　善於說法	"Lion's Roar; 
Eloquent in teaching the Dharma."
作死馬醫　好歹一試	"Treating a Dead Horse; 
Better than not trying."
作賊心虛　內心有愧	"Uneasiness in a Thief's Mind; 
A guilty conscience."
愛與和平祈福音樂會	Love and Peace Prayer Concert
安心悟道	attain awakening
安住身心	1. settle your body and mind; 2. Settle the Body and Mind in Peace
八宗兼弘	promotes all of the Eight Schools of Buddhism
把握當下	seize the present moment
"百川入海，同一鹹味
四姓出家，同為釋氏"	"All waters that flow into the ocean become of the same salinity.
All those of the four classes who enter the Sangha shall share the same name of Sakya."
百劫修相好，三祇修福慧	"It takes a hundred kalpas to perfect the marks of excellence and notable attributes of a Buddha, and three asamkhya kalpas to perfect
one’s virtues and wisdom."
百萬人興學紀念館落成感恩法會	Million-Member Fundraising Campaign Prayer Service of Gratitude
報身	reward body
本具	intrinsically possess
"般若為導，五度為伴
若無般若，五度如盲"	"Prajna is the guide which the other five perfections follow; 
Without it, the other five perfections are blind."
"不拜佛，不妄行一步
不看經，不隨便點燈"	Not taking a step unless it is to venerate the Buddha, and not lighting a lamp unless it is to read the sutras.
不斷大悲種	not severing the seeds of great compassion
不落因果	not subjected to karma
不昧因果	not ignorant to karma
不念舊惡	never hold an old grudge
不怕無明起，只怕覺照遲	Fear not the rise of ignorance, but the lack of awareness.
"不破參，不閉關
不開悟，不住山"	"No realization, no retreat.
No enlightenment, no seclusion."
不問蒼生問鬼神	seeking help from ghosts and spirits rather than people
不要而有	having by not wanting
不著相	detachment from form
不能不信因果	must not live without the belief in cause and effect
不侵犯他人	do not intrude on others
"1) 不染心相觸
2) 不盜人四錢
3) 不斷畜生命
4) 不小妄語
5) 不飲酒
6) 不非時食"	"1) Refrain from coming into contact with the opposite sex with a defiled mind.
2) Refrain from stealing four coins.
3) Refrain from killing animals.
4) Refrain from telling small lies.
5) Refrain from consuming intoxicants.
6) Refrain from eating at inappropriate times."
"不生不滅
不垢不淨
不增不減"	"neither arising nor ceasing, 
neither defiled nor pure, 
neither increasing nor decreasing"
不依規矩，不能成方圓	Without a compass and square, perfect squares and circles could not be formed.
不依國法，則佛法難立	Without adherence to the laws of the state, it is difficult for the Dharma to stand.
菜姑	Caigu
慚恥之服，無上莊嚴	Being clothed with a sense of shame is the foremost adornment.
慚愧	1. Shamefulness; 2. humility; 3. remorse
禪淨共修獻燈祈福法會	Chan and Pure Land Prayer Service
禪修法會	Meditation Retreats
長路相貫──茶馬古道上的人文歷史	Long Roads Together: The Human History of the Ancient Tea Horse Road
常慚愧僧	oft-repenting monk
"常行柔和忍辱法
安住慈悲喜捨中"	"Find joy in gentleness and patience;
Abide in kindness, compassion, joy, and equanimity."
常住大眾	monastery
常住三寶	the Abiding Triple Gem
超度法會	Memorial Dharma Service
初發心菩薩	initial aspiration bodhisattvas
"處處皆自在安樂
時時都歡喜吉祥"	In all places, may you be peaceful and at ease; At all times, may you enjoy happiness and auspiciousness!
穿越時空 ‧ 法寶再現	Timeless Dharma Treasures Reappearing
傳臨濟正宗第四十八世佛光山開山祖師星雲大師圓寂讚頌典禮	Memorial Service of Venerable Master Hsing Yun, the 48th Generation of the Linji School and Founding Master of Fo Guang Shan
吹打焰口調	wind-and-percussion melody of the Yogacara Flaming Mouth Dharma Service
春祭法會	Spring Memorial Dharma Service
此岸彼岸──星雲大師全集讀後	This Shore and the Other Shore—Book Review of the Complete Works of Venerable Master Hsing Yun
"此方真教體，清淨在音聞
欲取三摩提，實以聞中入"	"The essence of this true teaching is purely conveyed in voice and hearing. 
Anyone wishing to attain samadhi shall do so by truly hearing that voice."
"此方真教體，清淨在音聞
欲取三摩提，實以聞中入"	The essence of the true teachings here is purity in hearing; all those who wish to attain samadhi will surely find that hearing is the way to enter.
叢林有什麼？	“What’s in Tsung-Lin?”
打不還手，罵不還口	not to retaliate when one is physically or verbally abused
打得念頭死，許汝法身活	Only by beating your thoughts to death will your Dharma body be allowed to live.
"大馬好—
為國家祈願祝禱及音樂會"	Marvelous Malaysia Music Concert—Blessing for the Nation
大樹下的課堂	Under the Big Tree program
"但願眾生得離苦，
也為自己求安樂"	wishing that all beings be relieved from suffering while searching for peace and happiness for oneself
"當願眾生得離苦，
不為自己求安樂"	wishing that all beings be relieved from suffering without searching for peace and happiness for oneself
登雲路商店街	High Cloud Street Shops
"地獄不空，誓不成佛
眾生度盡，方證菩提"	"I shall not attain buddhahood until all hells are emptied; 
I shall not realize the bodhi vow until all sentient beings are liberated."
奠基	Foundation Laying Ceremony
定業	determined karma
對治百法	100 Remedies (see 百法對治百病)
頓漸一如	both sudden and gradual practices are the same
多聞薰習	deepened impression through accumulated hearing
"咄咄汝好睡，螺螄蚌蛤類
一睡一千年，不聞佛名字"	You sleep deeply, like snails and clams in their shells, sleeping a thousand years without hearing the Buddha’s name.
惡盡曰功　善滿稱德	"Eradicating all evil is called merit; 
Accumulating all goodness is called virtue."
惡口	harsh speech
耳根圓通	Interpenetration of ear faculty
耳不聽，眼不看，心不知	What the ears don’t hear and the eyes don’t see, the mind doesn’t know.
二板一鐘	twice on the board and once on the bell
二槌木魚	Signal to Start Short Walking Meditation
二合堂	Two Merge Classroom
發心	1. Resolve; 2. to resolve; 3. aspiration
"法本一宗，人有南北
法即一種，見有遲疾"	"The Dharma is inherently one school. It is people who distinguish as northerners or southerners.
There is one Dharma, but it might be a slow or quick process to realize it."
法不孤起　仗境方生	Dharmas do not arise independently, they are conditioned.
法幢不容傾倒，慧燈不可熄滅	The banner of Dharma cannot be toppled. The lamp of wisdom must never be extinguished.
法界一心	The Dharma Realm Is Embodied Within the Mind
法乳	the milk of Dharma
法王座下龍象	eminent and virtuous ones under the seat of the Dharma King
法無頓漸，人有利鈍，故名頓漸	"The Dharma is neither sudden nor gradual.
It is thus named because people have sharp or dull aptitudes."
方便教化	skillful teachings
"風來疏竹，風過而竹不留聲
雁渡寒潭，雁去而潭不留影"	"When the wind blows through scattered bamboos, as soon as it passes, the sound also leaves;
When a goose flies over a winter pond, as soon as it passes, its reflection too flies away."
佛寶讚	Buddha Gem Anthem
佛誕節暨多元文化嘉年華會	Buddha’s Day and Multicultural Festival
佛弟子	Buddhists
佛典故事	videos on Buddhist stories
佛佛道同，光光無礙	Each and every buddha walks on the same path with their radiance unobstructed by one another.
佛光山北美人間學院	FGS North America Humanistic Buddhism Courses
佛光山答謝代表團	Fo Guang Shan Appreciation Delegation
佛光山梵唄讚頌團	Fo Guang Shan Buddhist Choir
佛光山光明大學宿霧藝術學院	Fo Guang Shan Guang Ming Institute of Performing Arts Cebu
佛光山開山57周年全球同步抄經修持	Celebrating the 57th Year of Fo Guang Shan Global Sutra Transcription Event
佛光山開山祖師星雲大師出家紀念日信徒香會	Fo Guang Shan Founding Master—Venerable Master Hsing Yun’s Renunciation Day & Devotees’ Gathering
佛光山開山祖師星雲大師誕辰紀念日供僧法會	Fo Guang Shan Founding Master—Venerable Master Hsing Yun’s Birthday & Sangha Day Offering
佛光山開山祖師星雲大師舍利及法像供奉典禮	"Consecration and Inauguration Service of the Relic and Memorial Statue of
Venerable Master Hsing Yun—Founding Master of Fo Guang Shan"
佛光山開山祖師星雲大師圓寂紀念日	Fo Guang Shan Founding Master—Venerable Master Hsing Yun Memorial Day
佛光山馬來西亞東禪佛教學院	Fo Guang Shan Malaysia Dong Zen Institute of Buddhist Studies
佛光山全體宗委	Fo Guang Shan Board of Directors
佛光山社輔布教師	Fo Guang Shan Community Counselor
佛光山徒眾手冊	Fo Guang Shan Disciples Handbook
佛光世界	A World of Buddha’s Light
佛光書局	Fo Guang Bookstore
佛光體系青年大會師	Fo Guang Shan Youth Summit
佛教海線絲綢之路—新媒體藝術特展	Buddhist Maritime Silk Road—New Media Art Exhibition
佛如良醫	the Buddha as a good doctor
佛事	1. Buddhist endeavor; 2. Buddhist services
佛是人成	Buddhahood is attained by human beings.
"佛說一切法，為治一切心
若無一切心，何用一切法"	"All teachings expounded by the Buddha serve the purpose of remedying all minds;
Without the existence of all minds, such teachings serve no purpose at all."
佛陀的本懷	Buddha’s original intents
佛陀傳—悉達多太子	Siddhartha: The Musical
"佛以一音演說法
眾生隨類各得解"	"The Buddha taught with one voice;
 Sentient beings understood according to their own perspectives."
"1) 佛在世時我沉淪
2) 佛滅度後我出生
3) 懺悔此生多業障
4) 不見如來金色身"	"1) When the Buddha was in the world, I was lost,
2) After the Buddha entered nirvana, I was then born; 
3) I repent for all my many karmic obstacles, 
4) That have prevented me from seeing the Tathagata’s golden body."
佛制	established by the Buddha
福報	merit
福德善緣	meritorious, virtuous, and wholesome conditions
福德因緣	meritorious causes and conditions
福地福人居	Places of good fortune are taken by people of great merit.
福田僧	monastics as fields of merit
富有恆沙界，貴為人天師	Possessing Richness as Much as Sands in the Ganges Rivers, a Teacher of Humans and Heavenly Beings.
復蔬線上公益路跑	VEGRUN
復興中華文化，佛教不可缺席，尤其在全世界重視中華文化的現今	In the revival of Chinese culture, Buddhism cannot be absent, especially now when the whole world is placing significant importance on Chinese culture.
甘露歌	“Song of the Dharma Nectar”
高僧大德	eminent masters
高雄市榮譽市民證書	Honorary Citizen of Kaohsiung City Certificate
割肉餵鷹，捨身飼虎	sacrificing body and flesh to feed eagles and tigers
「耕耘心田」雲端講座	“Cultivating the Mind’s Field” cloud lectures
共生與共榮	Coexistence and Coprosperity
共識與開放	Consensus and Openness
供佛齋天法會	Offering to the Triple Gem and Celestial Protectors Dharma Service
供僧法會	1. Sangha Offering Ceremony; 2. Ullambana Festival
鼓山調	Gushan melody
關閉六根賊	To seclude the thieving Six Sense Organs
關房	retreat room
觀世音菩薩聖誕紀念日	Avalokitesvara’s Birthday
觀音法會	Avalokitesvara Bodhisattva Dharma Service
觀音靈感歌	“Amazing Guanyin”
光光無礙	Lights Are Mutually Unobstructed
廣結人緣	broadly form good affinities
"國際書展—
永遠從關懷出發不間斷"	Fo Guang Shan Buddha Museum International Book Fair: Never Stop Caring
果從因生，事待理成，有依空立	Effects arise from causes, phenomena emerge from underlying principles, and existence emerges from emptiness.
過午不食	fasting after noon
好的開始，是成功的一半	Well begun is half done.
好苗子人才扶植計畫	The Seeds of Hope talent fostering project
好苗子幸福學堂	Seeds of Hope Schools
和南聖眾	Respecting the Sacred Assembly
和氣致祥	harmony leads to auspiciousness
和顏悅色	peaceful and pleasant countenance
"橫看成嶺側成峰，遠近高低各不同
不識廬山真面目，只緣身在此山中"	"A range from across but a peak from the side,
Far, near, high and low, each a view by sight;
One fails to see Mount Lu’s real face,
All only because right inside Lu he is placed.
"
厚德載福	Virtues Carry Merits
護持正法	protect and uphold the righteous Dharma
花開四季　耕耘心田	Cultivate a Heart that Blooms in All Seasons
化緣	1. asking for donation; 2. lit. bringing forth conditions; 3. building affinities
慧燈可以破諸闇	the light of wisdom can expel all darkness
活菩薩	living bodhisattva
禍兮福所倚，福兮禍所伏	Good fortune follows upon disaster, and disaster lurks within good fortune.
"稽首天中天，毫光照大千
八風吹不動，端坐紫金蓮"	"I bow to the heaven above all heavens, whose aura shines on the great universe; 
Sitting upright on the purple-golden lotus, I remain unmoved by the Eight Winds."
機車環島跟著星雲大師去尋根	Motorcycle Marathon Around the Island in Venerable Master Hsing Yun’s Footsteps
吉祥臥	auspicious recline
"袈裟下失卻人身
地獄門前僧道多"	"Many have lost their humanity under the guise of monastic robes;
Crowds of monastics are often found at the gates of hell."
"見其生，不忍見其死
聞其聲，不忍食其肉
是以君子遠庖廚也"	"Seeing it alive, one cannot bear to witness its death;
Hearing its cry, one cannot bear to eat its flesh.
Therefore, the virtuous keep their distance from the kitchen."
"建寺安僧傳道五洲  猶似蓮花不著水
雲遊世界結緣十方  亦如日月住虛空"	"To establish temples and Sangha, and propagate the way on all Five Continents like the lotus that never touches the water;
To travel the world and broadly establish good affinities like the sun and moon that abide in emptiness."
解脫法門	the teaching of liberation
戒定真香讚	True Fragrance of Precept and Samadhi Anthem
戒臘	Ordination Year
戒條	precept
"戒為無上菩提本，
長養一切諸善根"	Precepts are the foundation of supreme Bodhi and nurture all wholesome roots.
"金剛非堅，願力最堅
虛空非大，心王最大"	"That which is unbreakable is not a diamond but a vow;
That which is boundless is not the void but one’s mind."
"金角落，銀角落，
不及自己一個窮角落"	Whether a house is made of silver or gold, it is still not as good as one’s humble abode.
禁遏妄想心	to restrain the deluding mind
經律論	Sutra, Vinaya, and Sastra
"精進勤於耕耘心田，
四季常栽智慧之花"	Practice diligently for the blooming of wisdom all year round.
精舍	Abode
淨財	Pure Wealth
淨化三業	purify the three types of karma
淨念	pure mind
靜慮	calmly reflect
靜心	serene mind
糾察師	disciplinarian
救苦救難	1. alleviate living beings from suffering and adversity; 2. relieve people from distress and suffering
開光	consecration ceremony; lit. initiating the light
開悟	attain enlightenment
"看山是山，看水是水
看山不是山，看水不是水
看山還是山，看水還是水"	"A mountain is a mountain, water is water.
A mountain is no longer a mountain, and water is no longer water.
Mountain is still a mountain, and water is still water."
空有一如	Emptiness and Existence Are One
"孔雀雖有色嚴身，不如鴻鵠能高飛
白衣雖有富貴力，不如出家功德深"	"A peacock may be well adorned with splendid feathers, but still incomparable to a wild goose that can fly long distances. 
A lay person may possess the power of wealth and fortune, but their merit is not as superior as that of one living a monastic life. "
口念彌陀心散亂，喊破喉嚨也徒然	With a scattered mind, you could be screaming Amitabha Buddha’s name at the top of your lungs until you are hoarse, you would still achieve nothing.
苦修	practice of austerities
老菩薩	senior bodhisattvas
離苦得樂	"free from suffering and obtain happiness; transcend suffering and attain happiness; 
escape from suffering, and attain joy"
理上有頓悟，事上要漸修	Awakening is sudden, but practice is gradual.
立志	establish resolve
良藥苦口　忠言逆耳	"Good medicine tastes bitter;
Honest advice is unpleasant to the ears."
梁皇法會	Emperor Liang Repentance Dharma Service
兩舌	divisive speech
了生脫死	transcend birth and death
靈感	1. spiritual insight; 2. Supernatural Response
六度萬行	all practices of the Six Paramitas
龍象	eminent and virtuous ones
"廬山煙雨浙江潮，未到千般恨不消
及至到來無一物，廬山煙雨浙江潮"	"Misty rains of Mount Lu, and tides in Zhejiang, unless really there, a thousand resentments will linger;
Having finally arrived, everything seemed purposeless, still the misty rains of Mount Lu, still the tides in Zhejiang."
爐香讚	Incense Cloud Anthem
律師	Vinaya Master
綠色公益基金會	iPure Green Foundation
論師	Sastra Master
落成法會	Dharma Service for Inauguration
"沒有心開意解，不可閉關
沒有開悟入道，不可住山"	"Without an untangled mind, do not enter into a retreat;
Without an awakened mind, do not live secluded in the mountains."
「迷悟之間」系列	videos on Between Ignorance and Enlightenment
密護根門	guarding the sense organs
"面上無瞋是供養，口裡無瞋出妙香
心中無瞋無價寶，不斷不滅是真常"	"A face without anger is a type of offering;
Speech without anger gives wonderful fragrances;
A heart without anger is like a priceless gem;
The eternal Truth is beyond worldly discrimination."
明鏡台	Bright Mirror Stand
末法時代，白衣上座	It is the Age of Declining Dharma when lay Buddhists teach.
莫忘初心	do not forget one’s initial vows
"莫嫌佛門茶飯淡
僧情不比俗情濃"	"Complain not of a temple’s bland tea and food;
The sentiment of a monastic is far less strong than that of a worldly person."
納骨塔	columbarium
納骨堂	Columbarium Hall
男菩薩	gentleman bodhisattvas
南美講堂	“South America Lecture Courses”
南天雲課堂	“Nan Tien Cloud Classes”
難調難伏	hard to subdue
難忍能忍，難行能行	tolerate the intolerable and do the undoable
內號	internal name
內外一如	the concepts of inside and outside become as one
"能大能小，能屈能伸
能有能無，能高能低"	"the ability to be both great and insignificant, to know when to yield and when not to; 
to have and not have, to be superior and inferior."
你跑步，我捐糧	You Run, I Give
念而不念，不念而念	recite without the thought of reciting, to not recite yet still be reciting.
念佛法會	Amitabha Dharma Service
"念佛一聲，罪滅河沙
禮佛一拜，福增無量"	"With a single recitation of Buddha’s name, transgressions as numerous as the sands in a river are extinguished;
With a single prostration to the Buddha, immeasurable blessings increase."
念念分明	Perfectly Clear With Every Thought
念僧	contemplating/mindful/chanting the Sangha
涅槃三昧	the Samadhi of Nirvana
女菩薩	lady bodhisattvas
攀緣	clinging to
跑香	walking meditation
翩翩舞廣袖，似鳥海東來	The wide, dancing sleeves move as gracefully as birds flying eastwards from the sea.
平常不做虧心事，夜半敲門心不驚	A clear conscience is a soft pillow.
菩薩低眉　金剛怒目	Bodhisattvas have compassionate brows while vajras hold a terrifying gaze.
"菩薩清涼月，常遊畢竟空
眾生心垢淨，菩提月現前"	"The Bodhisattva is like a clear cool moon, constantly coursing through the ultimate emptiness; 
Once the minds of sentient beings are purified, the bodhi moon shall manifest."
菩薩心，青年力	Bodhisattva Heart, and Youthful Strength
"菩提本無樹，明鏡亦非台
本來無一物，何處惹塵埃"	"Essentially, bodhi is not a tree.
The bright mirror is also not standing;
Inherently, there is no thing,
Where can it attract dust?"
普羅大眾	people in general
綺語	flattering speech
千佛法會	Thousand Buddhas Dharma Service
千僧萬眾祝佛誕，一心十願報母恩	A thousand monastics and ten-thousand devotees Bathing the Buddha Festival coming together to celebrate the Buddha’s Birthday, wholeheartedly vowing to repay the kindness of our mothers.
遷單	1. to expel; 2. Eviction
青年朋友菩薩	young/youth/youthful bodhisattvas
"青青翠竹皆是妙諦
鬱鬱黃花無非般若"	"Lush green bamboo are wondrous truths;
The luxuriant yellow flower is nothing but prajna."
清淨身口意	to purify the body, speech, and mind
清淨無為	Purity and Non-Doing
情與無情，同圓種智	Whether sentient or non-sentient, all will attain the Buddha’s wisdom.
請上堂	Host the Myriad of Beings in the Upper Halls
請下堂	Host the Myriad of Beings in the Lower Halls
慶祝佛誕法會	Buddha’s Birthday Celebrations
秋祭法會	Autumn Memorial Dharma Service
求佛不如行佛	practice the Buddha’s way over seeking the Buddha’s blessings
求人不如求己	1. it is better to help yourself than to seek help from others; 2. It Is Better to Rely on Self than to Rely on Others
全球線上佛學會考	Global Online Buddhist Examination
全聽	listen attentively
饒舌	Superfluous Talk
"人非聖賢，孰能無過
知錯必改，善莫大焉"	"To err is human; 
To correct a mistake is the greatest good."
人飢己飢　人溺己溺	"When others are hungry, I am hungry;
When others are drowning, I am drowning."
"人間池塘—
張大千、文人與荷花藝術大展"	The Earthly Pond: Artwork of Lotus by Chang Dai-chien and Other Artists
人間佛教思想十堂課	The Ten Lectures on Humanistic Buddhism
"人間佛教四個宗要
1. 家國為尊
2. 生活合理
3. 人事因緣
4. 心意和樂"	"The Core Ideas of Humanistic Buddhism:
1. Honor your family and nation;
2. Lead an appropriate lifestyle;
3. Establish right conditions for life and for people;
4. Maintain a harmonious and joyful mind."
人間佛教徒眾短期研究班	Short-Term Monastic Study Program
"人天路上，作福為先
生死海中，念佛第一"	"Cultivating merits come first on the path of the human and heavenly realms;
Chanting the Buddha’s name is the priority in the sea of birth and death."
人我一如	1. Unity Between Self and Others; 2. Self and Others Are One
人我一體	no difference between the self and others
人有利鈍，法無頓漸	People have sharp or dull aptitudes but the Dharma is neither sudden nor gradual.
人中獅子	A Lion Among Humans
仁慈應世　福滿人間	"Face the World with Benevolence and Kindness;
Fill the World with Good Fortune"
仁政仁心	Benevolent Government, Benevolent Mind 
忍苦容易忍氣難	Easy it is to endure suffering but harder to tolerate being wronged.
忍辱柔和	Tolerance and Gentleness
"忍一口氣，風平浪靜
退一步想，海闊天空"	"A moment of patience leads to calm and peace; 
A step in retreat opens up a bigger world."
"日可令冷，月可令熱
佛說四諦，不可令異"	"The moon may turn hot and the sun may grow cold; 
But the Four Noble Truths will never change."
日日觀音	Always a Guanyin
榮的由他榮，枯的由他枯	"Let the one that is flourishing flourish;
Let the one that is withering wither."
肉邊菜	the vegetables in meat dishes
"入道要門，發心為首
修行急務，立願居先
願立則眾生可度，
心發則佛道堪成"	"The most supreme amongst the essential elements to entering the Way is the making of vows; 
the making of vows is foremost in the extensive and important task of cultivation.
Once vows are made, sentient beings can be ferried to the other shore; 
once there is initiative, buddhahood will be reached."
"入世重於出世
生活重於生死
利他重於自利
普濟重於獨修"	"To prioritize this-­worldly issues over other­-worldly transcendence.
To prioritize real life over birth and death.
To prioritize the greater good over the lesser good.
To prioritize universal deliverance over individual liberation."
若不成正覺，誓不起此座	I will not rise from this seat until I become awakened.
若見諸相非相，即見如來	If you see that all forms are not forms, then you see the Tathagata.
若要佛法興，除非僧讚僧	For Buddhism to flourish, monastics must mutually praise one another.
"若以諍止諍，畢竟不得止
唯忍能止諍，是法真尊上"	"Fighting disputes with disputes is a never-ending cycle.
Ending disputes with patience is the true display of Dharma."
若有一人未度，切莫自己逃了	Do not shirk duty if there is even a single person left unliberated.
三寶讚	Triple Gem Anthems
三稱念	Three Mindful Recitations
三個臭皮匠，勝過一個諸葛亮	Two heads are better than one.
三好家庭	Three Acts of Goodness Family
三好四給人間佛教文化節	Ninth Annual 3G4G Festival of Cultural Sharing
三淨肉	eating meat that fulfills the three pure conditions
三千大千世界	trichiliocosm
三人行必有我師	If three people are walking together, one of them must be good enough to be my teacher.
色不迷人，人自迷	There is nothing desirable in form, but people still lose themselves to desire.
色身交給常住，性命付給龍天	Entrust one’s life to the Dharma and devote one’s physical body to the monastery.
僧才	monastic talents
僧戒	monastic precepts
僧伽月	Sangha month
僧如大地，能長養一切善法功德	"The sangha is like the great earth. 
It nurtures all wholesome merit and virtue."
僧如看護	the sangha are like nurses
僧信共有	shared by both monastics and laity
僧信平等、男女平等	equality between monastics and laity and equality between genders
僧眾作品聯展	Joint Exhibition of Monastic Artworks
僧自恣日	Pravarana Day
山川異域　日月同天	"1. Though Mountains and Rivers Are of Foreign Lands; 
The Sun and Moon Are All Beneath the Same Sky.
2. across the mountains, streams, and foreign lands, the sun and moon, all beneath the one sky"
山水人生	1. The Landscape of Life; 2. A Life of Mountain and Water
善惡	1. good and evil; 2. Wholesome and Unwholesome
善根	1. Wholesome Roots; 2. Virtuous Root
善巧	1. Skillful; 2. Expedient Means
善巧方便	Skillful and Expedient Means
善聽	listen skillfully
善業惡報	karmic rewards and retributions
"善有善報，惡有惡報
不是不報，時辰未到"	"Wholesome actions lead to wholesome retribution, unwholesome actions lead to unwholesome retribution;
Say not that there are not retributions, it is only matter of time."
善知識	1. virtuous companion; 2. Virtuous Company
上求佛道，下化眾生	striving upwards for buddhahood, but also turning back to liberate sentient beings
燒年香	offering New Year incense
燒頭香	1. to burn the first incense; 2. offering the first incense
捨我其誰	Who Else But Me
"誰道群生性命微，一般骨肉一般皮 
勸君莫打三春鳥，子在巢中望母歸"	"Who is to speak of the insignificance of animal life; They are just the same flesh and bones.
You are urged not to shoot the spring birds, For the nesting babies await their mother’s return."
身苦心不苦	the body may experience suffering, our mind does not have to
"身是菩提樹，心如明鏡台
時時勤拂拭，莫使惹塵埃"	"The body is a bodhi tree, the mind is like a bright standing mirror;
Diligently clean it at all times, so it does not attract dust.
"
神明聯誼會學術會議	When Buddha Meets the Gods Event Academic Conference
生從何來，死到何處去	Where does life begin, and where will one go after death?
生佛一如	Oneness of Buddhas and Sentient Beings
生公說法，頑石點頭	When Master Daosheng expounds the Dharma, even stones would nod.
生活即是修行	daily life itself is cultivation
十方共有	belonging to the world
十方供養	offerings from the Ten Directions
"十方來，十方去，共成十方事
萬人施，萬人捨，同結萬人緣"	"From the ten directions they come, 
To the ten directions they go, 
By efforts of the ten directions, 
Affairs concerning the world are thus achieved.
From tens of thousands, the giving;
By tens of thousands, the contribution;
With the effort of tens of thousands, 
Universal connections are thus established. "
十年寒窗苦讀	It takes ten years of  perseverance to achieve academic success.
十年磨一劍	It takes ten years to polish a sword.
"十五上燈，十八落燈
十九算帳，二十動身"	"Lanterns are lit on the 15th day of the Lunar New Year and extinguished on the 18th. 
Scores are settled on the 19th and journeys begin on the 20th."
石中之火，不打不發	Fire within a stone can only be sparked when hit.
識自本心，見自本性	understands the intrinsic mind and realizes the intrinsic nature
世間無常，國土危脆	This world is impermanent and nations are dangerous and fragile.
世界一家	One World, One Family
世界最多佛像與神像同時聚集的全球多元宗教聯誼會	Global Multireligious Reunion Attended by the Greatest Number of Deities in the World
事相	phenomenon
首座	Head Seat
蔬食A計畫	Vege Plan A
"數點浮萍容不得
如何肚裡好撐船"	If one cannot tolerate even bits of duckweed, how can one be expected to hold a ship within the mind?
水懺法會	Samadhi Water Repentance Service
水陸法會	Water and Land Dharma Service
水陸無遮大會	Water and Land Dharma Service
絲路光華—敦煌石窟藝術特展	Silk Road Splendor: Dunhuang Cave Art Exhibition
四大不調	the Four Elements are unbalanced
四大堂口	Four Main Halls
"四化的理念
1. 僧信平等化
2. 佛法人間化
3. 生活書香化
4. 寺院本土化"	"Four Trends:
1. Equality between monastic and lay Buddhists;
2. Humanization of Buddhist Teachings;
3. Reading for Life;
4. Localization of Buddhist Monasteries"
四念處	Four Stages of Mindfulness
四維八德	Four Moral Standards and Eight Virtues
"四正勤
1. 未生惡令不生
2. 已生惡令斷除
3. 未生善令生起
4. 已生善令增長"	"Four Right Efforts:
1. To prevent unwholesome states that have not yet arisen;
2. To end unwholesome states that have already arisen;
3. To develop wholesome states that have not yet arisen;
4. To strengthen wholesome states that have already arisen."
寺院就是學校，住持就是校長	a monastery is a school and its abbot, the principal.
寺院是人生的加油站	A temple is life’s gas station.
宿因	Past Causes
隨犯隨制	each violation brings about a new rule
隨喜	1. to rejoice [in the welfare of others]; With Joy
隨喜功德	the merit of rejoicing
隨緣合眾	going with conditions and being in harmony with others
塔院	columbarium pagoda
台灣情　中國夢	Taiwan Heart, China Dream
泰華佛典翻譯中心	Thai-Chinese Buddhist Texts Translation Center
"泰山不辭土壤
大海不拒細流"	"Mount Taishan is the highest because it does not reject even the smallest heaps of soil;
The sea is deep because it does not block out any narrow streams."
彈指	1. to snap the fingers; 2. Click of the Finger
醍醐	1. clarified butter; 2. Butter and Cream
天地人	Heaven, Earth, and Humanity
天龍八部	the Eight Groups of Heavenly Beings
天上天下，唯佛最尊	The Buddha is the uniquely honored one in the world.
天堂路	1. road to heaven; Path to Heaven
"天下唯心，法界悠然
盡未來際，佛在心裡"	"The world is but a creation of the mind, so is the Dharma realm. 
Even into the infinite future, the Buddha will always be in my heart."
天有天道，地有地道，人有人道	Heaven, Earth, and Humanity each has its laws.
條條大路通長安	All roads lead to Rome.
鐵打常住流水僧	The monastery always stays, yet the monastics come and go.
頭陀	1. austerities; 2. Itinerant Monks
突吉羅	duskrta
退居老和尚	Retired Most Venerable Elder
退心	give up
托缽	beg for alms
萬般帶不去，唯有業隨身	"Upon death, there is nothing you can bring with you; 
Only karma follows wherever one goes."
萬佛法會	Ten-Thousand-Buddhas Dharma Service
萬佛沙彌戒	Ten-thousand Buddha Sramanera Precepts
萬貫家財，不及一技隨身	Millions in wealth cannot compare to a skill acquired.
"往昔所造諸惡業
皆由無始貪瞋痴
從身語意之所生
一切我今皆懺悔"	"All unwholesome karmas created in the past,
Are created by greed, anger, and ignorance,
Arising from physical, verbal, and mental deeds,
Now, for all of them, I shall repent."
未成佛道，先結人緣	"Before attaining Buddhahood, 
one must first develop good affinities."
未來與希望—雲講堂	Future and Hope: Cloud Lecture Hall
"為新型肺炎疫情
向觀世音菩薩祈願文"	“A Prayer to Avalokitesvara Bodhisattva for Safety from the Coronavirus Outbreak”
問訊	Bowing
問政不干治	to care about political affairs without interference
我不如老農，不如老圃	I cannot compare to the old farmer or the old gardener.
"我不入地獄，誰入地獄
地獄不空，誓不成佛"	"If I do not enter hell to liberate the beings there, who will? 
I shall not attain Buddhahood until hell is empty."
我不是「呷教」的和尚	I Am Not a Monk “Sponging Off” Buddhism
我是佛光山	I am Fo Guang Shan.
"我一輩子只做一件事，
就是把出家人做好"	Throughout my entire life, I have only focused on doing one thing, that is, to play the role of a monastic well.
無量光華	Infinite Light
無明為父、貪愛為母	Ignorance as one’s father, and greed as one’s mother.
無畏	1. fearless; 2. Fearlessness; 3. without fear
無我	1. selfless; 2. No Self
無緣大慈，同體大悲	Cultivate unconditional loving-kindness and universal compassion.
無諍	1. non-contention; 2. No Disputes
無住而住	1. abiding in non-abiding; 2. Abiding in Non-Abidance
"五常
1. 仁
2. 義
3. 禮
4. 智
5. 信"	"Five Constant Virtues:
1. Humaneness;
2. Righteousness;
3. Propriety;
4. Wisdom;
5. Integrity"
五大施	Five Mahadanas/Five Great Offerings
五福臨門	May the Five Blessings arrive at this home.
"五和
1. 自心和悅
2. 家庭和順
3. 人我和敬
4. 社會和諧
5. 世界和平"	"Five Harmonies:
1. Individual harmony achieved through joy;
2. Family harmony achieved through deference;
3. Interpersonal harmony achieved through respect;
4. Social harmony achieved through cooperation;
5. World harmony achieved through peace"
五趣流轉，六道輪迴	transmigration within the Five Destinies and cyclic existence within the Six Realms
五堂功課	Five Sessions of Daily Practices
悟道	Attaining Enlightenment
"溪聲盡是廣長舌
山色無非清淨身
夜來八萬四千偈
他日如何舉似人"	"The babbling creeks are the broad, long tongue; The scenic mountains are nothing but the pure body.
Nightfall brings eighty-four thousand gathas; In the days ahead, how to present them to others?
"
習氣	1. habitual tendency; 2. habits
喜捨	1. joyful giving; 2. Equanimity; 3. Generosity
先天下之憂而憂，後天下之樂而樂	Regard as one’s top concern the state’s affairs, and place as one’s last goal one’s own enjoyments.
香積廚	1. Kitchen of Accumulated Fragrance; 2. Kitchen of Fragrance; 3. Kitchen of Fragrance Accumulation
香水海	1. ocean of fragrant water; 2. The Perfume Ocean; 3. Fragrant Ocean
降伏	1. to subdue; 2. tame
消災法會	Dharma Service for Eradicating Calamities
消災增福慧	eradicate misfortunes and increase merit and wisdom
小菩薩	little bodhisattvas
小疑小悟，大疑大悟，不疑不悟	"Small questions lead to small awakenings;
Major questions lead to major awakenings;
While no questions lead to no awakening."
孝道月	Meritorious Month
邪信	wrong faith
心的造作	the workings of the mind
"1) 心地無非自性戒
2) 心地無痴自性慧
3) 心地無亂自性定
4) 不增不減自金剛
5) 身去身來本三昧"	"1) When the mind is without wrong, this is the discipline of intrinsic nature. 
2) When the mind is without ignorance, this is the wisdom of intrinsic nature. 
3) When the mind is without distraction, this is the meditative concentration of intrinsic nature. 
4) Not increasing and not decreasing, the self is a vajra. 
5) The coming and going of this body is inherently samadhi."
心佛不二	The Mind and Buddha Are No Different
心、佛與眾生，是三無差別	The mind, the Buddha, and all sentient beings are all one and the same.
心淨國土淨	When the Mind Is Pure, the Land Is Pure
心量無限	the mind is infinitely magnanimous
"心平何勞持戒
行直何用參禪"	"With an even mind, why bother upholding precepts?
With an upright practice, why meditate?"
心如虛空	Mind Is Like the Vast Emptiness
心生歡喜	Joy Arises from the Heart
"心生，則種種法生
心滅，則種種法滅"	"When the mind arises, all phenomena arise.
When the mind ceases, all phenomena cease."
心外求道	seek beyond the mind for the truth
心香	1. A Fragrant Mind; 2. Fragrant Heart
"心性本淨，本來是佛
識心見性，即可頓悟成佛"	"The mind is inherently pure and intrinsically a buddha.
By knowing the mind and seeing the intrinsic nature, one will awaken suddenly and become a buddha."
心有大千	Embrace the World with Your Heart
心中有佛	Be Mindful of the Buddha
"心中有佛將心念
念得心空及第歸"	"The mind has the Buddha so recite Buddha with the mind;
Recite until the mind is empty and thus true attainment gained."
新寶橋	“new” Treasure Bridge
新春法會	Lunar New Year Dharma Service
新戒菩薩	new preceptee bodhisattvas
"新四化的想法
1. 會務制度化
2. 信仰專一化
3. 活動藝文化
4. 運用現代化"	"Four New Trends:
1. Systemization of the Association’s Affairs;
2. Unification of Beliefs;
3. Art and Literature for Activities;
4. Modernization of Application"
信受奉行	believe in, accept, and uphold the Dharma
信為道源功德母，長養一切諸善根	Faith is the mother of all merits which nurtures all roots of virtue.
"星雲大師紀念學術論壇—
佛教海線絲綢之路暨
佛陀紀念館十周年新書發布會"	Venerable Master Hsing Yun Memorial Academic Conference—Buddhist Maritime Silk Road and Fo Guang Shan Buddha Museum 10th Anniversary Book Launch Conference
"星雲大師人間佛教
理論實踐研究學術研討會"	Academic Conference on the Theory and Practice of Venerable Master Hsing Yun’s Humanistic Buddhism
星雲大師影音弘法	“Venerable Master Hsing Yun’s Audiovisual Dharma Teachings”
星雲大師雲端隨身聽	“Master Hsing Yun’s Audio Book”
星雲說喻中英對照版	Bodhi Light Tales
星雲文化教育公益基金會	Master Hsing Yun Public Education Trust Fund
行道天下　福滿人間	Every Journey in this World Is a Path to Happiness
行腳雲遊	learning through travel
"修福不修慧，大象披瓔珞
修慧不修福，羅漢應供薄"	"To cultivate merit without developing wisdom is like an elephant wearing a jewel necklace.
To develop wisdom without cultivating merit is like an arhat who rarely receives offerings."
修行要修心	Practicing the Dharma requires cultivating the mind.
"修行則勤勞暫時，安樂永劫
懈怠則偷安一世，受苦多生"	"Temporary is the arduousness of spiritual cultivation, prevalent is the arosen diligence, and forever the tranquility.
Laziness may win a lifetime of ease, only to be followed by many lifetimes of suffering."
玄關	1. entrance; 2. profound entrance
薰習	Influence on Learning
延生普佛	Longevity Dharma Service
"眼睛沒有心，就視而不見
耳朵沒有心，就聽而不聞"	Without the mind, one sees with a blind eye and hears with a deaf ear.
要學佛道，先結人緣	Before one learns the Buddha’s Way, one must first form affinities with others.
藥師法會	Medicine Buddha Dharma Service
業力	1. karmic effect; 2. Karmic Power
依止大和尚	Refuge Master
一步登天	instant accomplishment
一個不算少，萬億個不算多	One is not necessarily less, and neither is a billion many.
"一個人寧可以什麼都沒有，
但是不能沒有慈悲"	One can be without anything, but never without kindness and compassion.
一就是多，多就是一	One is many, many are one.
一念不生	1. Not a Single Thought Arising; 2. Not a Single Thought That Arises
"一念生淨信者，如來悉知悉見
是諸眾生得如是無量福德"	For a person who has one thought of pure belief, the Tathagata fully knows and fully sees that those sentient beings will attain such limitless merit.
一切眾生皆有佛性，皆得成佛	all sentient beings have the buddha-nature, and can all attain buddhahood
"一寺九門天下少，
兩廊十殿世間稀"	A temple with nine gateways and ten halls is a rarity in the world.
一悟明大千	the great illumination of the universe
一醉解千愁	the state of drunkenness to escape reality
以出世的思想做入世的事業	engage in worldly pursuits with a detached perspective
以法為家	to take the Dharma as one’s home
以和為貴	Peace is priceless.
以人為本、以眾為我	to put others before oneself and treat others as oneself
以師志為己志，師心為己心	regarding our teacher’s aspirations and mindset as our own
以無情對有情，以無理對有理	treat what is sentimental by being unfeeling, and deal with what is reasonable by being unreasonable
一筆字書法展	One-Stroke Calligraphy Exhibition
一闡提也能成佛	even icchantikas can attain buddhahood
一等教育專業獎章	First-Class Professional Education Medal
一江春水向東流	A river of spring water flowing east.
一時	one time
一頭霧水	Misty-Minded
義工護照	volunteer passport
義工菩薩	volunteer bodhisattvas
因果不二	cause and effect are non-dual
因緣和合	dependent on causes and conditions
因中有果，果中有因	Every cause will yield an effect, and every effect will give rise to a new cause.
應化	Transformation
應身	manifest body
友善校園獎—卓越學校	Friendly Campus Award for Outstanding Schools
有容乃大	Tolerance Makes Greatness
有捨才能得	To give is to gain
有形歸無形、有為歸無為	All forms can be seen as formless, and all conditioned phenomena as unconditioned.
"1) 有衣有食為何因？
前世茶飯施貧人
2) 無食無穿為何因？
前世未施半分文
3) 穿綢穿緞為何因？
前世施衣濟僧人
4) 相貌端嚴為何因？
前世採花供佛前"	"1) Why is that one has clothes and food? It results fromoffering tea and rice to the poor in the past. 
2) Why is that one does not have clothes and food? It results from not even offering half a coin in the past.
3) Why is that one can wear silk and satin? It results from offering robes to monastics in the past. 
4) Why is that one has dignified features? It results from offering flowers to the buddhas in the past."
愚者也有一得	even a fool can provide one good advice
雨花精舍	Yuhua Vihara
與佛同行	Walk With the Buddha
與佛同行—發現佛陀的故鄉	Walking with the Buddha: Discovering the Natal Landscape of the Buddha Exhibition
"欲知前世因，今生受者是
欲知來世果，今生做者是"	"Present life experiences are the results of deeds in the past life.
Present life deeds will be the cause of future life experiences."
"鬱鬱黃花無非般若
青青翠竹皆是法身"	"Luxuriant yellow flowers are nothing but prajna.
Lush green bamboos are the wondrous Truth."
冤親	foes and kin
緣	dependent origination; conditionality; affinities
緣結十方	Develop Connections with All
"願斷一切惡
願修一切善
誓度一切眾"	"I vow to eradicate all unwholesomeness,
I vow to practice all wholesomeness,
I vow to liberate all beings."
雲端浴佛	Fo Guang Shan Virtual Bathing of the Buddha
雲水僧	itinerant monastic
雲水自在　祥和歡喜	May You Be Free as Cloud and Water, Auspicious and Joyful
"在家懶惰，失於俗利
出家懈怠，喪於法寶"	"If laypeople are lazy, they lose the benefits of the mundane world.
If monastics are indolent, they lose the Dharma Gem."
在家信眾	lay devotees
早安佛光	“Good Morning Fo Guang”
造口業	Creating Verbal Karma
"責人之心責己
恕己之心恕人"	"Reproach yourself the way you reproach others;
Forgive others the way you forgive yourself"
增上緣	1. Positive Conditions; 2. contributory factor; 3. supporting condition
齋姑	zhaigu
齋會	vegetarian meal assembly
朝朝共佛起，夜夜伴佛眠	Wake up with the Buddha every morning, and fall asleep with the Buddha every evening.
真空生妙有	wondrous existence arises from true emptiness
真如海	1. sea of true thusness; 2. Ocean of True Thusness
真實義	1. true teachings; 2. true meaning
正思、善思、淨思、細思	reflect correctly, skillfully, purely, and comprehensively
正行	right action
"知足之人，雖臥地上，猶如天堂
不知足者，雖處天堂，亦如地獄"	"A contented person, though they may sleep on the floor, would still feel like they were in heaven. 
A discontented person, though in heaven, would still feel like they were in hell."
直下承擔	1. shoulder the responsibility; 2. Immediate Acceptance of Responsibilities
直指人心，見性成佛	directly point to one’s mind, and see one’s nature to attain buddhahood
止住	abide
智慧海	1. sea of wisdom; 2. Ocean of Wisdom
智慧權巧	skillful wisdom
中華傳統宗教總會幹部成長營	Chunghua Federation of Traditional Religious Associations Leadership Training Seminar
"中華團結
萬家生佛
社會和諧
人民安樂"	Unity of the Chinese people, let there be Buddha in every family, social harmony, and happiness for the people.
"終日尋春不見春
芒鞋踏破嶺頭雲
歸來偶把梅花嗅
春在枝頭已十分"	"1. Spending all day looking for spring without seeing spring;
Wearing out the straw sandals on these cloudy peaks.
Upon return, I casually sniff the plum blossoms;
Only to realize that Spring is already fully on the branch tips.;
2. The whole day spent looking for spring but not seeing spring;
Straw sandals worn out on cloud-covered peaks.
Return to casually sniff the plum blossoms;
Spring is already fully on the branch tips."
種善因得善果、種惡因得惡果	wholesome causes reap wholesome effects, while unwholesome causes reap unwholesome effects
"種一收十
種十收百"	"Plant one and harvest ten;
Plant ten and harvest a hundred"
眾人不請，友而安之	be a friend who offers support without being expected
眾緣和合	conditions will come together; harmonious coexistence; harmony and unity
"諸惡莫作
眾善奉行
自淨其意
是諸佛教"	"Do nothing that is unwholesome.
Do all that is wholesome.
Purify the mind.
This is the teaching of all buddhas."
"轉惡為善、轉迷為悟、
轉妄為真、轉識成智。"	Transform a mind of unwholesomeness to wholesomeness, ignorance to enlightenment, delusion to the truth, and consciousness into wisdom.
緇素	monastic and laity
自度度他，自利利人	simultaneously liberate and benefit self and others
自覺、覺他、覺行圓滿	the awakening of self, the awakening of others, and the awakening of perfected conduct
自覺行佛	Self-Awareness and Practice the Buddha’s Way
自行三寶	Intrinsic Triple Gem
自性三寶	Intrinsic Triple Gem
宗風	1. Doctrinal Philosophy; 2. FGS Philosophy
"宗教融和—
世界神明聯誼會論文集"	Religious Syncretism: Collection of Papers on When Buddha Meets the Gods Event
總持	1. to hold to the good, total retention; 2. Uphold
"走出去，就有希望
走出去，就有未來"	Hope and a bright future come with willingness to reach out.
最初三寶	the Original Triple Gem
尊證師	Witnessing Masters
"昨日之我，已非今日之我
今日之我，亦非明日之我"	"I am not who I was yesterday.
I am not who I will be tomorrow."
"坐破蒲團不用功
何時及第悟心空"	"Try meditating absent-mindedly and wear out the sitting mat;
See if emptiness and enlightenment are ever within reach."
作息	routines