#Chinese	#English	#Sentences
七誡運動歌	Song of Encouragement
 	 	國際佛光會的會議上，與會者齊聲高唱七誡運動歌，力爭發揚光大。
 	 	At the International Buddha's Light Association meeting, participants sang the Song of Encouragement in unison, striving to promote its values.
 	 	在頒獎典禮上，七誡運動歌響起，大家都被那份熱情和力量所感染。
 	 	During the awards ceremony, the Song of Encouragement was played, and everyone was moved by its passion and strength.
 	 	這首七誡運動歌強調了自律和團結的重要性，是我們理事會成員開會的必備曲目。
 	 	The Song of Encouragement emphasizes the importance of self-discipline and unity, making it a staple at our council member meetings.
 	 	行政文書組設計的海報上，特別引用了七誡運動歌中的句子，提醒大家時時自我反省。
 	 	The poster designed by the administrative documentation team featured quotes from the Song of Encouragement, reminding everyone to reflect on themselves regularly.
三壇大戒	Triple Platform Full Ordination Ceremony
 	 	在國際佛光會的年度三壇大戒上，大量來自世界各地的信徒聚集於此，接受戒律。
 	 	At the annual Triple Platform Full Ordination Ceremony of BLIA, a large number of devotees from around the world gathered to receive the precepts.
 	 	三壇大戒是僧人們恢復本心的一次誠心實修的重要儀式。
 	 	The Triple Platform Full Ordination Ceremony is a crucial ritual for monks to sincerely practice and restore their original mind.
 	 	參加三壇大戒，需要深入理解佛法的教義，同時也必須具備高度的道德標準。
 	 	Participating in the Triple Platform Full Ordination Ceremony requires a deep understanding of Buddhist teachings and a high moral standard.
 	 	在這次三壇大戒中，新戒者們將經歷三個階段的授戒過程，以全面學習佛教的戒律。
 	 	During this Triple Platform Full Ordination Ceremony, the new ordinands will undergo a three-stage ordination process to comprehensively learn the Buddhist precepts.
三好微電影國際創作競賽	Three Acts of Goodness International Microfilm Contest
 	 	這位年輕導演在今年的三好微電影國際創作競賽中榮獲大獎，展示了她對善行的獨特詮釋。
 	 	The young director won the grand prize at this year's Three Acts of Goodness International Microfilm Contest, showcasing her unique interpretation of acts of goodness.
 	 	三好微電影國際創作競賽吸引了來自全球的創作者，共同分享及推廣善良的價值。
 	 	The Three Acts of Goodness International Microfilm Contest attracts creators from around the world to share and promote the value of kindness.
 	 	每一部參賽作品在三好微電影國際創作競賽中都必須展現善良、慈悲與智慧的元素。
 	 	Every entry in the Three Acts of Goodness International Microfilm Contest must showcase the elements of kindness, compassion, and wisdom.
 	 	國際佛光會作為主辦單位之一，致力於通過三好微電影國際創作競賽來激勵年輕一代實踐三好精神。
 	 	As one of the organizers, the BLIA is committed to inspiring the younger generation to practice the Three Acts of Goodness through the International Microfilm Contest.
三寶頌	Ode To the Triple Gem
 	 	在佛教儀式中，信徒們會一起吟誦三寶頌，以表示對佛、法、僧三寶的敬仰。
 	 	During Buddhist ceremonies, devotees chant the Ode To the Triple Gem together to express their reverence for the Buddha, Dharma, and Sangha.
 	 	國際佛光會的理事會在會議開始時，集體吟唱了三寶頌，藉此凝聚所有成員的心靈。
 	 	The BLIA council sang the Ode To the Triple Gem collectively at the start of the meeting to unify the spirit of all members.
 	 	這本書的序言部分引用了三寶頌的內容，以強調佛教信仰的核心價值。
 	 	The foreword of the book quotes the Ode To the Triple Gem to emphasize the core values of Buddhist belief.
 	 	主持人在閉幕儀式中帶領大家誦念三寶頌，畫下活動的完美句點。
 	 	During the closing ceremony, the MC led everyone in reciting the Ode To the Triple Gem, marking a perfect conclusion to the event.
三皈五戒	Taking Refuge and Five Precepts Ceremony
 	 	參加三皈五戒的儀式，可以幫助信眾深入了解佛教的基本信仰。
 	 	Participating in the Taking Refuge and Five Precepts Ceremony can help followers gain a deeper understanding of the fundamental beliefs of Buddhism.
 	 	他昨日在國際佛光會的寺院舉行了三皈五戒的儀式，並承諾遵循佛教徒的生活方式。
 	 	Yesterday, he participated in the Taking Refuge and Five Precepts Ceremony at a temple of the BLIA and vowed to follow the Buddhist way of life.
 	 	在佛光會擔任主席的她，經常主持三皈五戒的儀式，帶領新人進入佛教的大家庭。
 	 	As the chairperson of the BLIA, she often leads the Taking Refuge and Five Precepts Ceremony, guiding newcomers into the Buddhist family.
 	 	三皈五戒不僅是儀式，更是一種對道德和精神成長的承諾。
 	 	The Taking Refuge and Five Precepts Ceremony is not just a ritual; it's a commitment to moral and spiritual growth.
上座部發展委員會	Theravada Affairs Committee
 	 	上座部發展委員會最近召開會議，探討如何推廣上座部佛教的教義。
 	 	The Theravada Affairs Committee recently held a meeting to discuss how to promote the teachings of Theravada Buddhism.
 	 	作為上座部發展委員會的一員，他參與制定了許多有關社區服務的計劃。
 	 	As a member of the Theravada Affairs Committee, he participated in drafting many community service programs.
 	 	上座部發展委員會的主席強調了加強地區之間合作的重要性。
 	 	The chairman of the Theravada Affairs Committee emphasized the importance of enhancing cooperation between regions.
 	 	國際佛光會的上座部發展委員會致力於促進多元文化交流。
 	 	The Theravada Affairs Committee of the BLIA is committed to promoting multicultural exchanges.
世大會籌備委員會	General Conference Organizing Committee
 	 	國際佛光會的世大會籌備委員會負責制訂大會的日程安排。
 	 	The General Conference Organizing Committee of BLIA is responsible for outlining the agenda of the conference.
 	 	她被任命為國際佛光會世大會籌備委員會的主席，協調各項準備工作。
 	 	She was appointed as the chairperson of the General Conference Organizing Committee of BLIA, coordinating various preparations.
 	 	世大會籌備委員會的成員正在加緊努力，以確保活動順利進行。
 	 	Members of the General Conference Organizing Committee are working diligently to ensure the event runs smoothly.
 	 	國際佛光會的世大會籌備委員會將向理事會匯報最新的進度。
 	 	The General Conference Organizing Committee of BLIA will report the latest progress to the council.
世界佛光童軍大會	World BLIA Scout Jamboree
 	 	今年的世界佛光童軍大會聚集了來自世界各地的年輕人，分享文化和培養領導力技能。
 	 	This year's World BLIA Scout Jamboree brought together young people from around the world to share cultures and develop leadership skills.
 	 	作為世界佛光童軍大會的一部分，參與者參加了多樣的戶外活動和工作坊。
 	 	As part of the World BLIA Scout Jamboree, participants engaged in various outdoor activities and workshops.
 	 	世界佛光童軍大會的開幕式由國際佛光會會長主持。
 	 	The opening ceremony of the World BLIA Scout Jamboree was hosted by the President of the BLIA.
 	 	許多家長對他們的孩子參加世界佛光童軍大會表示支持，認為這是一次難得的成長機會。
 	 	Many parents supported their children's participation in the World BLIA Scout Jamboree, believing it to be a valuable growth opportunity.
世界佛光青年大會	International Buddha’s Light Young Adult Conference
 	 	今年的世界佛光青年大會在澳洲舉行，吸引了來自全球的佛教年輕人參加。
 	 	This year's International Buddha’s Light Young Adult Conference was held in Australia, attracting young Buddhists from around the world.
 	 	在世界佛光青年大會上，年輕人有機會學習佛教經典，並參加多樣化的研討會和活動。
 	 	At the International Buddha’s Light Young Adult Conference, young people have the opportunity to learn Buddhist scriptures and participate in a variety of seminars and activities.
 	 	世界佛光青年大會促進了國際間的文化交流與友誼，建立了深厚的同仁關係。
 	 	The International Buddha’s Light Young Adult Conference promotes cultural exchange and friendship internationally, building deep ties among colleagues.
 	 	作為世界佛光青年大會的志願者，他負責協調各活動的安排，並提供翻譯服務。
 	 	As a volunteer for the International Buddha’s Light Young Adult Conference, he coordinated the arrangements of various activities and provided translation services.
世界傑出婦女會議	World Conference of Outstanding Buddhist Women
 	 	在今年的世界傑出婦女會議上，各國佛光會的成員分享了她們的成功故事。
 	 	At this year's World Conference of Outstanding Buddhist Women, members from various chapters of BLIA shared their success stories.
 	 	世界傑出婦女會議旨在促進性別平等並提升佛教婦女的地位。
 	 	The World Conference of Outstanding Buddhist Women aims to promote gender equality and enhance the status of Buddhist women.
 	 	她在世界傑出婦女會議中擔任主講人，分享她對於領導力的看法。
 	 	She served as a keynote speaker at the World Conference of Outstanding Buddhist Women, sharing her insights on leadership.
 	 	國際佛光會的會長在世界傑出婦女會議上發表了激勵人心的開幕致辭。
 	 	The president of BLIA delivered an inspiring opening speech at the World Conference of Outstanding Buddhist Women.
世界大會	General Conference
 	 	國際佛光會每年舉辦世界大會，來自全球的成員齊聚一堂，分享他們的經驗和智慧。
 	 	The General Conference of BILA is held annually, where members from around the world gather to share their experiences and wisdom.
 	 	今年的世界大會將在巴黎舉行，預計將有超過五千名代表參加。
 	 	This year's General Conference will be held in Paris, with over five thousand delegates expected to attend.
 	 	世界大會的主題是如何通過合作推動佛教的全球發展。
 	 	The theme of the General Conference is advancing the global development of Buddhism through collaboration.
 	 	在世界大會的開幕式上，會長強調了和平與和諧的重要性。
 	 	During the opening ceremony of the General Conference, the president emphasized the importance of peace and harmony.
世界急難救助委員會	International Emergency Relief Committee
 	 	國際佛光會的世界急難救助委員會最近籌集了大筆資金以援助遭受洪水侵襲的地區。
 	 	The International Emergency Relief Committee of the BLIA recently raised a significant amount of funds to aid flood-stricken regions.
 	 	她在世界急難救助委員會工作多年，為許多不同的國家提供了緊急援助。
 	 	She has worked with the International Emergency Relief Committee for many years, providing emergency aid to various countries.
 	 	當地的志工團隊在世界急難救助委員會的指導下組織了多次救援行動。
 	 	The local volunteer team, under the guidance of the International Emergency Relief Committee, organized several rescue operations.
 	 	世界急難救助委員會在地震發生後幾個小時內就發起了緊急行動。
 	 	The International Emergency Relief Committee launched an emergency operation within hours of the earthquake.
世界總會總會長	World Headquarters President
 	 	世界總會總會長在年度大會上發表了激勵人心的演講，鼓勵全體會員攜手前行。
 	 	The World Headquarters President delivered an inspiring speech at the annual conference, encouraging all members to move forward together.
 	 	在國際佛光會中，世界總會總會長的職責是制定組織的總體戰略和方針。
 	 	In the BLIA, the responsibility of the World Headquarters President is to formulate the organization's overall strategy and direction.
 	 	世界總會總會長與各地分會的會長保持密切聯繫，以確保全球活動的順利進行。
 	 	The World Headquarters President maintains close contact with branch presidents worldwide to ensure the smooth running of global activities.
 	 	世界總會總會長的新政策獲得了理事會的強烈支持，將推動組織的持續成長。
 	 	The new policies of the World Headquarters President have received strong support from the Council, and are set to drive continued growth of the organization.
中南美洲聯誼委員會	Central and South America Fellowship Committee
 	 	中南美洲聯誼委員會每年都會組織多文化交流活動，以促進各國之間的友好關係。
 	 	The Central and South America Fellowship Committee organizes multicultural exchange events annually to promote friendly relations among countries.
 	 	她擔任中南美洲聯誼委員會的主席，致力於推動跨文化對話。
 	 	She serves as the chair of the Central and South America Fellowship Committee, dedicated to promoting cross-cultural dialogue.
 	 	中南美洲聯誼委員會在最近的一次會議中討論了環保合作的可能性。
 	 	The Central and South America Fellowship Committee discussed the possibilities of environmental cooperation in their recent meeting.
 	 	國際佛光會的成員表示，中南美洲聯誼委員會的努力已經取得了顯著的成功。
 	 	Members of BLIA noted that the efforts of the Central and South America Fellowship Committee have achieved remarkable success.
中國佛教經典寶藏精選白話版	Excerpts of Chinese Buddhist Tripitaka in Modern Textes
 	 	這本中國佛教經典寶藏精選白話版讓不懂文言文的讀者也能夠接觸到佛法的智慧。
 	 	This Excerpts of Chinese Buddhist Tripitaka in Modern Textes allows readers who are not familiar with classical Chinese to access the wisdom of Buddhism.
 	 	國際佛光會的圖書館中收藏了多本中國佛教經典寶藏精選白話版，供大眾借閱和學習。
 	 	The BLIA library holds several copies of the Excerpts of Chinese Buddhist Tripitaka in Modern Textes, available for the public to borrow and learn from.
 	 	佛教會長在演講中多次引用中國佛教經典寶藏精選白話版中的經文來闡述佛理。
 	 	In his speech, the BLIA President frequently quoted passages from the Excerpts of Chinese Buddhist Tripitaka in Modern Textes to explain Buddhist doctrines.
 	 	這次出版的中國佛教經典寶藏精選白話版由一群學者共同翻譯，力求忠於原著。
 	 	The recently published Excerpts of Chinese Buddhist Tripitaka in Modern Textes were collaboratively translated by a group of scholars, striving to remain faithful to the original texts.
中華佛光青年團員大會	BLIA-YAD Chunghua General Conference
 	 	中華佛光青年團員大會今年將在台北舉行，吸引來自各地的青年團員熱情參與。
 	 	The BLIA-YAD Chunghua General Conference will be held in Taipei this year, attracting enthusiastic participation from young members from various regions.
 	 	作為國際佛光會青年部的一員，我期待參加中華佛光青年團員大會，並且學習來自其他團體的經驗。
 	 	As a member of the BLIA Youth Division, I look forward to attending the BLIA-YAD Chunghua General Conference and learning from the experiences of other groups.
 	 	中華佛光青年團員大會的主題演講將探討青年在現代社會中的角色和貢獻。
 	 	The keynote speech at the BLIA-YAD Chunghua General Conference will explore the role and contributions of youth in modern society.
 	 	國際佛光會會長將在中華佛光青年團員大會上致辭，鼓勵青年團員積極參與社會服務。
 	 	The President of the BLIA will give a speech at the BLIA-YAD Chunghua General Conference, encouraging young members to actively participate in social service.
中華文教開發委員會	Chinese Culture and Education Development Committee
 	 	中華文教開發委員會致力於促進海內外文化交流與教育合作。
 	 	The Chinese Culture and Education Development Committee is dedicated to promoting cultural exchange and educational cooperation domestically and internationally.
 	 	在國際佛光會的支持下，中華文教開發委員會舉辦了一系列文化講座。
 	 	With the support of BLIA, the Chinese Culture and Education Development Committee organized a series of cultural seminars.
 	 	中華文教開發委員會的使命是提升文化素養，推廣中文教育。
 	 	The mission of the Chinese Culture and Education Development Committee is to enhance cultural literacy and promote Chinese language education.
 	 	作為中華文教開發委員會的成員，他積極參加了各項教育發展計劃。
 	 	As a member of the Chinese Culture and Education Development Committee, he actively participated in various educational development programs.
主任委員	Committee Director
 	 	王先生被選為國際佛光會的主任委員，負責協調各項會務的推進。
 	 	Mr. Wang was elected as the Committee Director of the BLIA, responsible for coordinating the advancement of various association affairs.
 	 	作為主任委員，李女士努力促進企業社會責任的實施，並與其他組織緊密合作。
 	 	As the Committee Director, Ms. Li strives to promote the implementation of corporate social responsibility and works closely with other organizations.
 	 	主任委員強調，團隊合作對於完成這個項目的成功至關重要。
 	 	The Committee Director emphasized that teamwork is crucial for the successful completion of the project.
 	 	他的經驗和領導能力使他在選舉中成為擔任國際佛光會主任委員的最佳人選。
 	 	His experience and leadership skills made him the best candidate in the election for the position of Committee Director at the BLIA.
主席	Chairperson
 	 	他被選為國際佛光會的主席，負責帶領理事會的工作。
 	 	He was elected as the chairperson of the BLIA, responsible for leading the board of directors' efforts.
 	 	作為主席，她主持了年度大會，並發表了重要演講。
 	 	As the chairperson, she presided over the annual conference and delivered a significant speech.
 	 	主席的職責包括統籌各個分會的活動與計畫。
 	 	The chairperson's duties include coordinating activities and plans across various chapters.
 	 	主席強調團隊合作對於成功的重要性，特別是在國際項目中。
 	 	The chairperson emphasized the importance of teamwork for success, especially in international projects.
主題演說	Keynote Speech
 	 	在今年的國際佛光會年會上，會長發表了一場激勵人心的主題演說。
 	 	At this year's BLIA annual conference, the president delivered an inspiring keynote speech.
 	 	主題演說聚焦於未來的佛光計畫，強調全球合作的重要性。
 	 	The keynote speech focused on the future BLIA projects, emphasizing the importance of global cooperation.
 	 	他的主題演說以環保為題，呼籲各界積極參與環境保護行動。
 	 	His keynote speech was centered on environmental protection, calling on all sectors to engage actively in conservation efforts.
 	 	這次大會的主題演說嘉賓是一位著名的佛學專家，以其智慧和洞察力聞名。
 	 	The keynote speaker for this conference was a renowned Buddhist scholar known for their wisdom and insights.
人間佛教唱歌比賽	Humanistic Buddhism Singing Contest
 	 	國際佛光會的學生會正在準備人間佛教唱歌比賽，吸引了許多青年歌手報名參加。
 	 	The BLIA Student Association is preparing for the Humanistic Buddhism Singing Contest, attracting many young singers to participate.
 	 	今年的人間佛教唱歌比賽將在佛光山大雄寶殿舉行，吸引了許多佛教音樂愛好者。
 	 	This year's Humanistic Buddhism Singing Contest will be held at the Fo Guang Shan Main Shrine, drawing many Buddhist music enthusiasts.
 	 	在去年的人間佛教唱歌比賽中，小美以她清亮的嗓音贏得了第一名。
 	 	In last year's Humanistic Buddhism Singing Contest, Xiao Mei won first place with her clear voice.
 	 	理事會決定將人間佛教唱歌比賽納入年度活動計劃，以增進會員之間的文化交流。
 	 	The Council has decided to include the Humanistic Buddhism Singing Contest in the annual event plan to enhance cultural exchange among members.
人間佛教宣講員	Humanistic Buddhism Speaker
 	 	她被任命為國際佛光會的正式人間佛教宣講員，負責在海外推廣佛教思想。
 	 	She was appointed as an official Humanistic Buddhism Speaker for the BLIA, tasked with promoting Buddhist philosophy overseas.
 	 	這位人間佛教宣講員在靜思堂的演講吸引了大量聽眾，大家都被他的智慧和靈感深深吸引。
 	 	The Humanistic Buddhism Speaker's talk at the Jing Si Hall attracted a large audience, who were deeply inspired by his wisdom and insight.
 	 	作為國際佛光會的人間佛教宣講員，他不僅要掌握豐富的佛教知識，還需具備良好的溝通技巧。
 	 	As a Humanistic Buddhism Speaker for the BLIA, he needs to have not only extensive Buddhist knowledge but also excellent communication skills.
 	 	宣講員在年度大會上與會長一起分享了人間佛教的核心價值觀，深化了大家的理解。
 	 	The Humanistic Buddhism Speaker shared the core values of Humanistic Buddhism with the President at the annual conference, deepening everyone's understanding.
人間佛教宣講員培訓	Humanistic Buddhism Speakers Online Training
 	 	國際佛光會會長宣布了一項新的人間佛教宣講員培訓計劃，旨在提高成員的宣講能力。
 	 	The president of BLIA announced a new Humanistic Buddhism Speakers Online Training program aimed at enhancing members' speaking skills.
 	 	參加人間佛教宣講員培訓的學員需要通過一系列的考核才能獲得證書。
 	 	Participants in the Humanistic Buddhism Speakers Online Training must pass a series of assessments to receive certification.
 	 	這次人間佛教宣講員培訓將由經驗豐富的法師們親自指導，課程內容豐富多樣。
 	 	This Humanistic Buddhism Speakers Online Training will be guided by experienced Dharma masters, offering a variety of rich content.
 	 	完成此次人間佛教宣講員培訓的學員將有機會在國際佛光會的各項活動中擔任宣講員。
 	 	Those who complete the Humanistic Buddhism Speakers Online Training will have the opportunity to serve as speakers at various BLIA events.
人間佛教宣講示範	Humanistic Buddhism Speaker Training
 	 	為了提高義工們的講解能力，我們即將舉辦一場人間佛教宣講示範。
 	 	To enhance the communication skills of our volunteers, we are organizing a Humanistic Buddhism Speaker Training session.
 	 	在本次人間佛教宣講示範中，參加者將有機會練習演講技巧。
 	 	During the Humanistic Buddhism Speaker Training, participants will have the opportunity to practice their public speaking skills.
 	 	國際佛光會的理事會高度重視人間佛教宣講示範，以推廣佛教價值觀。
 	 	The BLIA Board of Directors places great importance on the Humanistic Buddhism Speaker Training to promote Buddhist values.
 	 	這次人間佛教宣講示範吸引了來自不同地方的青年佛教徒參加。
 	 	This Humanistic Buddhism Speaker Training attracted young Buddhists from various regions.
人間佛教研習會	Seminar on Humanistic Buddhism
 	 	國際佛光會的理事會正在籌備本年度的人間佛教研習會，邀請全球知名學者參與。
 	 	The BLIA council is organizing this year's Seminar on Humanistic Buddhism and inviting renowned scholars from around the world to participate.
 	 	在上次的人間佛教研習會中，來自多國的僧侶和學者分享了他們對人間佛教理念的獨特見解。
 	 	During the last Seminar on Humanistic Buddhism, monks and scholars from various countries shared their unique insights on the philosophy of Humanistic Buddhism.
 	 	李教授在此次人間佛教研習會上發表了關於禪修如何促進日常生活平和的演講。
 	 	Professor Li delivered a lecture on how meditation can promote peace in daily life at the Seminar on Humanistic Buddhism.
 	 	人間佛教研習會提供了一個平台，讓參與者能深入探討佛教如何融入現代社會。
 	 	The Seminar on Humanistic Buddhism provided a platform for participants to explore in depth how Buddhism can integrate into modern society.
人間佛教讀書會初階帶領人培訓	Humanistic Buddhism Reading Group Leadership Training for Beginners
 	 	國際佛光會將舉辦一場人間佛教讀書會初階帶領人培訓，歡迎對佛學有熱情的新手參加。
 	 	BLIA will host a Humanistic Buddhism Reading Group Leadership Training for Beginners, welcoming newcomers with a passion for Buddhism.
 	 	參加人間佛教讀書會初階帶領人培訓的學員將有機會提升他們的領導能力和組織技巧。
 	 	Participants in the Humanistic Buddhism Reading Group Leadership Training for Beginners will have the opportunity to enhance their leadership and organizational skills.
 	 	這次人間佛教讀書會初階帶領人培訓將由資深的講師進行授課，確保學員能夠充分了解和掌握基本技能。
 	 	The Humanistic Buddhism Reading Group Leadership Training for Beginners will be conducted by experienced instructors to ensure participants fully understand and acquire basic skills.
 	 	完成這個人間佛教讀書會初階帶領人培訓後，學員將能夠自主地組織並引導新的讀書小組。
 	 	After completing the Humanistic Buddhism Reading Group Leadership Training for Beginners, participants will be able to independently organize and lead new reading groups.
人間福報	Merit Times
 	 	人間福報是一本提供正面訊息並啟迪人心的報紙。
 	 	Merit Times is a newspaper that provides positive messages and inspires minds.
 	 	我的文章最近在《人間福報》上刊登，這讓我感到非常榮幸。
 	 	My article was recently published in the Merit Times, which made me feel very honored.
 	 	每天早晨，他都閱讀《人間福報》來開始一天的生活。
 	 	Every morning, he reads the Merit Times to start his day.
 	 	人間福報的特別報導引起了讀者的廣泛關注。
 	 	The special report in Merit Times attracted widespread attention from readers.
人間與生活	The Human World and Life
 	 	佛教教義常常談論人間與生活，使我們了解到日常生活中的智慧和慈悲。
 	 	Buddhist teachings often discuss the human world and life, helping us understand wisdom and compassion in our daily lives.
 	 	國際佛光協會的會長在講座中闡述了人間與生活的哲學理念，強調了和平共處的重要性。
 	 	The President of the BLIA elaborated on the philosophy of the human world and life in the lecture, emphasizing the importance of harmonious coexistence.
 	 	在面對人間與生活的挑戰時，他選擇以佛教的方式來解決問題，尋求人生的意義。
 	 	When facing the challenges of the human world and life, he chooses to address issues through Buddhist ways, seeking the meaning of life.
 	 	國際佛光協會理事會定期安排講座，幫助會員更深入地理解人間與生活的相互關係。
 	 	The BLIA Board of Directors regularly organizes seminars to help members gain a deeper understanding of the interrelation between the human world and life.
佛光三昧修持法	Buddha's Light Meditation Practice
 	 	他每天早晨都進行佛光三昧修持法，以提升他的內在平和和專注力。
 	 	He practices the Buddha's Light Meditation Practice every morning to enhance his inner peace and concentration.
 	 	在國際佛光會的禪修活動中，老師們教授了佛光三昧修持法的基本技巧。
 	 	During the BLIA's meditation retreat, instructors taught the basic techniques of the Buddha's Light Meditation Practice.
 	 	據說，持之以恆地修習佛光三昧修持法，可以激發內在的智慧與慈悲。
 	 	It is said that consistent practice of the Buddha's Light Meditation Practice can awaken inner wisdom and compassion.
 	 	佛光三昧修持法是許多修行者用來達到正念的主要方法之一，有助於他們的靈性成長。
 	 	The Buddha's Light Meditation Practice is one of the primary methods used by practitioners to achieve mindfulness and aid in their spiritual growth.
佛光世紀	Buddha's Light Newsletter
 	 	新一期的佛光世紀提供了國際佛光會最新的活動資訊和會務動態。
 	 	The latest issue of the Buddha's Light Newsletter provides the newest activity updates and organizational developments of the Buddha's Light International Association (BLIA).
 	 	佛光世紀是聯絡會員和全球分會的重要平台。
 	 	The Buddha's Light Newsletter is an important platform for connecting members and global chapters.
 	 	今年的佛光世紀特刊專題報導了國際佛光會全球會員大會的精彩回顧。
 	 	This year's special edition of the Buddha's Light Newsletter featured an in-depth coverage of the BLIA World Conference.
 	 	作為行政文書組的成員，他負責編輯和發行佛光世紀。
 	 	As a member of the Administrative Documentation Team, he is responsible for editing and distributing the Buddha's Light Newsletter.
佛光之友	Friends of Buddha's Light
 	 	佛光之友組織每月舉辦一次聚會，以促進彼此的聯繫與修行。
 	 	The Friends of Buddha's Light organize a monthly gathering to foster connection and practice among its members.
 	 	她加入了佛光之友，幫助推廣社區服務和佛教文化。
 	 	She joined the Friends of Buddha's Light to help promote community service and Buddhist culture.
 	 	佛光之友在世界各地都有分會，旨在傳播佛教智慧。
 	 	Friends of Buddha's Light have chapters all around the world, aiming to spread Buddhist wisdom.
 	 	作為佛光之友的一員，他參與了多次慈善活動，並從中獲益良多。
 	 	As a member of the Friends of Buddha's Light, he participated in numerous charitable activities and gained much from the experience.
佛光之夜	Night of the Buddha’s Light
 	 	在每年的佛光之夜，全世界的信徒聚集在佛光山慶祝這個神聖的節日。
 	 	During the annual Night of the Buddha’s Light, devotees from all over the world gather at Fo Guang Shan to celebrate this sacred occasion.
 	 	佛光之夜的活動包括祈禱、冥想以及薪火相傳的燈火儀式。
 	 	The events of the Night of the Buddha’s Light include prayers, meditation, and the ceremonial passing of the light.
 	 	這位國際佛光會的會長強調佛光之夜的意義在於傳播和平和智慧。
 	 	The president of the BLIA emphasized that the significance of the Night of the Buddha’s Light lies in spreading peace and wisdom.
 	 	許多文化團體會在佛光之夜上演精彩的表演，使整個夜晚洋溢著藝術和信仰的氛圍。
 	 	Many cultural groups perform captivating shows during the Night of the Buddha’s Light, filling the entire evening with an atmosphere of art and faith.
佛光事業人才推薦委員會	BLIA Human Resource Allocation Committee
 	 	佛光事業人才推薦委員會負責協調各地佛光會的人才招募工作，確保組織內部運作的順利。
 	 	The BLIA Human Resource Allocation Committee is responsible for coordinating talent recruitment across different BLIA chapters to ensure smooth internal operations.
 	 	國際佛光會會長表示，佛光事業人才推薦委員會的成立是提升整體組織效能的重要一步。
 	 	The president of BLIA stated that the establishment of the BLIA Human Resource Allocation Committee is a crucial step in enhancing the overall organizational efficiency.
 	 	在今年的年會中，佛光事業人才推薦委員會提交了一份詳細的報告，著重於未來三年的發展計劃。
 	 	At this year's annual meeting, the BLIA Human Resource Allocation Committee submitted a detailed report focusing on developmental plans for the next three years.
 	 	佛光事業人才推薦委員會的成員來自世界各地，都是熱衷於推動佛教事業的專業人才。
 	 	The members of the BLIA Human Resource Allocation Committee come from all over the world, all of whom are professionals passionate about advancing the Buddhist cause.
佛光人	Fo Guang member; Buddha’s Light member
 	 	作為佛光人，他積極參加各項社區服務活動，幫助有需要的人。
 	 	As a Fo Guang member, he actively participates in various community service activities to help those in need.
 	 	佛光人的價值觀強調慈善、服務和尊重所有生命。
 	 	The values of Buddha’s Light members emphasize charity, service, and respect for all life.
 	 	每週五，佛光人聚在一起參加修持活動，以提高個人的身心靈修養。
 	 	Every Friday, Fo Guang members gather to participate in cultivation activities to enhance their personal spiritual and mental development.
 	 	成為佛光人後，她發現自己的生活不僅變得更有意義，也更加富有愛心。
 	 	After becoming a Buddha’s Light member, she found her life not only more meaningful but also filled with greater compassion.
佛光大學	Fo Guang University
 	 	佛光大學以其優秀的人文教育而著稱，吸引了國內外的優秀學生。
 	 	Fo Guang University is renowned for its excellent humanities education, attracting outstanding students from both domestic and international locations.
 	 	今年，佛光大學的佛學研究中心推出了一系列具有國際影響力的研討會。
 	 	This year, the Fo Guang University's Center for Buddhist Studies launched a series of internationally influential seminars.
 	 	佛光大學致力於推廣佛學和文化的交流，為學生提供多樣化的學習機會。
 	 	Fo Guang University is committed to promoting Buddhist studies and cultural exchange, providing students with diverse learning opportunities.
 	 	許多來自世界各地的學者前來佛光大學進行學術交流與合作。
 	 	Many scholars from around the world come to Fo Guang University for academic exchanges and collaboration.
佛光大藏經	Fo Guang Buddhist Canon
 	 	佛光大藏經是國際佛光會在全球推廣佛法的一項重要計畫。
 	 	The Fo Guang Buddhist Canon is an important project by the BLIA to promote Buddhism globally.
 	 	研究佛光大藏經的學者們在研討會上分享了他們的最新發現。
 	 	The scholars studying the Fo Guang Buddhist Canon shared their latest findings at the seminar.
 	 	佛光大藏經的編纂過程涉及大量的學術研究和專家審查。
 	 	The compilation of the Fo Guang Buddhist Canon involves extensive academic research and expert review.
 	 	他拜訪了佛光山，參觀了珍藏於其圖書館中的佛光大藏經。
 	 	He visited Fo Guang Shan and viewed the Fo Guang Buddhist Canon housed in their library.
佛光大辭典	Fo Guang Buddhist Dictionary
 	 	佛光大辭典是研究佛教經典的重要工具，對於學者和修行者提供了豐富的參考資料。
 	 	The Fo Guang Buddhist Dictionary is an important tool for studying Buddhist scriptures, providing scholars and practitioners with a wealth of reference material.
 	 	在編寫論文時，他頻繁地查閱佛光大辭典，以確保使用正確的佛教術語。
 	 	When writing his thesis, he frequently consulted the Fo Guang Buddhist Dictionary to ensure the correct use of Buddhist terminology.
 	 	佛光大辭典的編纂者們致力於收錄各宗派的重要概念，促進佛教文化的理解與交流。
 	 	The compilers of the Fo Guang Buddhist Dictionary are committed to including essential concepts from various sects to promote understanding and exchanges in Buddhist culture.
 	 	新加入的會員們被建議參考佛光大辭典，以增進對佛教基本教義的認識。
 	 	New members are advised to refer to the Fo Guang Buddhist Dictionary to enhance their understanding of basic Buddhist doctrines.
佛光婦女	BLIA Women
 	 	佛光婦女組織積極參加社區服務活動，並致力於慈善事業。
 	 	The BLIA Women actively participate in community service activities and are committed to charitable endeavors.
 	 	作為國際佛光會員，佛光婦女促進文化交流和促進佛法的傳播。
 	 	As members of BLIA, the BLIA Women promote cultural exchange and the propagation of Dharma.
 	 	佛光婦女與其他國際分會合作，組織年度婦女論壇以探討社會現象。
 	 	The BLIA Women collaborate with other international chapters to organize the annual Women's Forum to discuss social phenomena.
 	 	佛光婦女成員經常在活動中擔任義工，展現了她們的熱情與奉獻精神。
 	 	Members of the BLIA Women often volunteer at events, demonstrating their enthusiasm and dedication.
佛光婦女聯誼委員會	Buddha's Light Women's Fellowship Committee
 	 	佛光婦女聯誼委員會最近舉辦了一場慈善活動，籌集資金幫助貧困家庭。
 	 	The Buddha's Light Women's Fellowship Committee recently organized a charity event to raise funds for underprivileged families.
 	 	作為佛光婦女聯誼委員會的會長，她鼓勵成員多參加社區服務。
 	 	As the president of the Buddha's Light Women's Fellowship Committee, she encouraged members to participate more in community services.
 	 	佛光婦女聯誼委員會定期舉行研討會，提升會員的靈性和文化素養。
 	 	The Buddha's Light Women's Fellowship Committee regularly holds seminars to enhance the spiritual and cultural literacy of its members.
 	 	佛光婦女聯誼委員會的成員們每月一次聚會，分享彼此的生活經驗。
 	 	Members of the Buddha's Light Women's Fellowship Committee meet monthly to share their life experiences with each other.
佛光學	Fo Guang Buddhist / Buddha's Light Studies
 	 	他在大學選擇了佛光學作為他的主修科目，致力於研究佛教文化和哲學。
 	 	He chose Fo Guang Buddhist Studies as his major in university, dedicating himself to the study of Buddhist culture and philosophy.
 	 	佛光學會的會長邀請著名學者來講解最新的佛學研究成果。
 	 	The president of the BLIA Fo Guang Buddhist Studies Society invited renowned scholars to discuss the latest findings in Buddhist studies.
 	 	參加佛光學的研討會讓我對佛教的智慧和歷史有了更深刻的理解。
 	 	Attending the Buddha's Light Studies seminar gave me a deeper understanding of the wisdom and history of Buddhism.
 	 	她希望通過學習佛光學，能夠將心靈的平和帶給更多人。
 	 	She hopes that by studying Buddha's Light Studies, she can bring peace of mind to more people.
佛光家庭	BLIA Family
 	 	在這個充滿愛與支持的佛光家庭裡，我們一起修行，一起成長。
 	 	In this loving and supportive BLIA Family, we practice together and grow together.
 	 	身為佛光家庭的一員，每個人都感受到溫暖和鼓勵。
 	 	As a member of the BLIA Family, everyone feels warmth and encouragement.
 	 	佛光家庭的活動總是充滿歡樂與學習的機會。
 	 	Events within the BLIA Family are always filled with joy and learning opportunities.
 	 	他在佛光家庭中找到了生命的意義以及追求慈善的熱情。
 	 	He found the meaning of life and a passion for charity within the BLIA Family.
佛光寶寶祝福禮	Fo Guang (Buddha's Light as well) Baby Blessing Ceremony
 	 	上週末，我們參加了婆婆參加了國際佛光會舉辦的佛光寶寶祝福禮，看到小朋友們個個都非常可愛。
 	 	Last weekend, my mother-in-law attended the Fo Guang (Buddha's Light as well) Baby Blessing Ceremony organized by the BLIA, and we saw all the children looking very adorable.
 	 	在佛光寶寶祝福禮上，法師們為每個寶寶進行加持，祝願他們健康快樂成長。
 	 	At the Fo Guang (Buddha's Light as well) Baby Blessing Ceremony, the venerable priests bestowed blessings upon each baby, wishing them to grow up healthy and happy.
 	 	佛光寶寶祝福禮是一個充滿愛和祝福的活動，讓家長們感受到社區的溫暖支持。
 	 	The Fo Guang (Buddha's Light as well) Baby Blessing Ceremony is an event full of love and blessings, providing parents with a sense of warm community support.
 	 	我們希望能夠每年參加佛光寶寶祝福禮，見證寶寶的成長和變化。
 	 	We hope to participate in the Fo Guang (Buddha's Light as well) Baby Blessing Ceremony every year to witness our baby's growth and changes.
佛光山國際翻譯中心	Fo Guang Shan International Translation Center
 	 	佛光山國際翻譯中心致力於促進全球佛教經典的翻譯工作。
 	 	The Fo Guang Shan International Translation Center is dedicated to promoting the translation of Buddhist scriptures worldwide.
 	 	作為佛光山國際翻譯中心的主任，她負責監督各種翻譯項目的進度。
 	 	As the director of the Fo Guang Shan International Translation Center, she oversees the progress of various translation projects.
 	 	來自世界各地的學者在佛光山國際翻譯中心參加年度佛教翻譯研討會。
 	 	Scholars from around the world attend the annual Buddhist translation seminar at the Fo Guang Shan International Translation Center.
 	 	佛光山國際翻譯中心最近出版了一本新的中英文佛教詞彙手冊。
 	 	The Fo Guang Shan International Translation Center recently published a new bilingual handbook of Buddhist terminology.
佛光山教團	Fo Guang Shan Buddhist Order
 	 	佛光山教團致力於推廣人間佛教的理念，促進世界和平與互助。
 	 	The Fo Guang Shan Buddhist Order is dedicated to promoting the philosophy of Humanistic Buddhism and fostering world peace and mutual assistance.
 	 	她在佛光山教團擔任志工多年，在修行中找到了自我提升的途徑。
 	 	She has been volunteering with the Fo Guang Shan Buddhist Order for many years and has found a path to self-improvement through spiritual practice.
 	 	佛光山教團的僧團定期舉辦誦經和禪修活動，吸引來自世界各地的信徒參加。
 	 	The monastic community of the Fo Guang Shan Buddhist Order regularly organizes chanting and meditation events, attracting devotees from around the world.
 	 	佛光山教團在各大洲建立了許多道場，成為全球佛教徒的信仰中心。
 	 	The Fo Guang Shan Buddhist Order has established many temples across the continents, serving as a center of faith for Buddhists worldwide.
佛光成年禮	Buddha's Light Adulthood Ceremony
 	 	今年的佛光成年禮在佛光山隆重舉行，吸引了眾多信徒參加。
 	 	This year's Buddha's Light Adulthood Ceremony was grandly held at Fo Guang Shan, attracting numerous devotees.
 	 	在佛光成年禮上，青年們立下了成為負責任成年人的誓言。
 	 	At the Buddha's Light Adulthood Ceremony, the youths pledged to become responsible adults.
 	 	佛光成年禮的儀式包含多項傳統活動，讓參與者感受到佛教文化的深厚意義。
 	 	The rituals of the Buddha's Light Adulthood Ceremony include various traditional activities, allowing participants to feel the profound significance of Buddhist culture.
 	 	國際佛光會會長在佛光成年禮上發表了講話，鼓勵青年們以慈悲和智慧面對未來的挑戰。
 	 	The president of BLIA delivered a speech at the Buddha's Light Adulthood Ceremony, encouraging youths to face future challenges with compassion and wisdom.
佛光攝影委員會	BLIA Photography Committee
 	 	佛光攝影委員會每年舉辦國際攝影比賽，吸引了來自世界各地的攝影師參加。
 	 	The BLIA Photography Committee hosts an international photography contest annually, attracting photographers from around the world.
 	 	作為佛光攝影委員會的成員，他負責策劃每月攝影講座。
 	 	As a member of the BLIA Photography Committee, he is responsible for organizing monthly photography seminars.
 	 	佛光攝影委員會最近推出了一本攝影畫冊，展示了來自成員的精彩作品。
 	 	The BLIA Photography Committee recently published a photo album showcasing the outstanding works of its members.
 	 	我參加了由佛光攝影委員會舉辦的攝影研討會，學到了許多攝影技巧。
 	 	I attended a photography workshop hosted by the BLIA Photography Committee and learned many new photography techniques.
佛光教科書	Fo Guang Textbooks
 	 	國際佛光會提供的佛光教科書已成為各地佛學班的重要資源。
 	 	The Fo Guang Textbooks provided by the BLIA have become an essential resource for Buddhist classes worldwide.
 	 	佛光教科書涵蓋了廣泛的主題，適合各個年齡層的學習者。
 	 	Fo Guang Textbooks cover a wide range of topics suitable for learners of all ages.
 	 	在理事會的會議上，決定增加更多語言的佛光教科書版本，以擴大其影響力。
 	 	At the council meeting, it was decided to introduce more language versions of the Fo Guang Textbooks to expand its influence.
 	 	每年的暑期班，學生們都會收到最新版本的佛光教科書供學習使用。
 	 	During the annual summer classes, students receive the latest edition of the Fo Guang Textbooks for their studies.
佛光日	Buddha's Light Day
 	 	每年的佛光日，國際佛光會的成員們都會聚集在一起舉辦盛大的慶祝活動。
 	 	Every year on Buddha's Light Day, members of the BLIA gather to hold a grand celebration.
 	 	在佛光日這天，我們重申我們的信仰和對和平的承諾。
 	 	On Buddha's Light Day, we reaffirm our faith and commitment to peace.
 	 	佛光日不僅僅是一個節日，它還是一個讓社會更和諧的契機。
 	 	Buddha's Light Day is more than just a festival; it is an opportunity to make society more harmonious.
 	 	孩子們在佛光日表演舞蹈和唱頌佛教經文，為這一天增添了一份喜悅。
 	 	Children perform dances and chant Buddhist scriptures on Buddha's Light Day, adding joy to the occasion.
佛光會幹部叢林生活營	BLIA Executive Training Seminar
 	 	佛光會幹部叢林生活營為全球成員提供了學習領導技能的寶貴機會。
 	 	The BLIA Executive Training Seminar offers a valuable opportunity for members worldwide to learn leadership skills.
 	 	在成功完成佛光會幹部叢林生活營後，他們獲得了深入的領導經驗。
 	 	Upon successfully completing the BLIA Executive Training Seminar, they gained profound leadership experience.
 	 	佛光會幹部叢林生活營的課程設計涵蓋了多方面的管理及溝通技巧。
 	 	The course design of the BLIA Executive Training Seminar covers various aspects of management and communication skills.
 	 	參加佛光會幹部叢林生活營讓我對如何更有效地服務社群有了全新的認識。
 	 	Attending the BLIA Executive Training Seminar gave me a new understanding of how to serve the community more effectively.
佛光會督導研習營	BLIA Elder Advisors Seminar
 	 	這次的佛光會督導研習營吸引了來自世界各地的成員參加，旨在提升督導的領導能力。
 	 	This year's BLIA Elder Advisors Seminar attracted members from around the world, aiming to enhance leadership skills among the advisors.
 	 	在佛光會督導研習營中，與會者們學習了如何更有效地管理和協調地方分會的活動。
 	 	At the BLIA Elder Advisors Seminar, participants learned how to more effectively manage and coordinate activities of local chapters.
 	 	佛光會督導研習營提供了一個寶貴的機會，讓長者督導們交流經驗和想法。
 	 	The BLIA Elder Advisors Seminar provided a valuable opportunity for senior advisors to exchange experiences and ideas.
 	 	這次佛光會督導研習營的主題聚焦於如何在現代社會傳播佛教教義和價值觀。
 	 	The theme of this year's BLIA Elder Advisors Seminar focused on how to propagate Buddhist teachings and values in modern society.
佛光獎學金籌備委員會	BLIA Scholarship Organizing Committee
 	 	佛光獎學金籌備委員會正在籌劃如何提高獎學金的受益範圍。
 	 	The BLIA Scholarship Organizing Committee is planning how to expand the reach of the scholarship.
 	 	擔任佛光獎學金籌備委員會的主席需要強大的組織能力和溝通技巧。
 	 	Serving as the chairperson of the BLIA Scholarship Organizing Committee requires strong organizational skills and communication abilities.
 	 	他們在佛光獎學金籌備委員會的支持下，成功地舉行了一場籌款活動。
 	 	With the support of the BLIA Scholarship Organizing Committee, they successfully held a fundraising event.
 	 	佛光獎學金籌備委員會的成員來自各行各業，攜手合作推動教育。
 	 	Members of the BLIA Scholarship Organizing Committee come from various sectors, working together to promote education.
佛光祈願文	Fo Guang Prayer
 	 	每天早晨，她都誠心誦讀佛光祈願文，祈求世界和平與人類幸福。
 	 	Every morning, she sincerely recites the Fo Guang Prayer, wishing for world peace and human happiness.
 	 	在法會上，會長帶領大眾誦念佛光祈願文，以凝聚眾人的心力。
 	 	During the dharma assembly, the President led the congregation in chanting the Fo Guang Prayer to unite everyone's hearts and minds.
 	 	佛光祈願文深具啟發性，激勵人們追求智慧與慈悲的生活。
 	 	The Fo Guang Prayer is deeply inspiring, motivating people to pursue a life of wisdom and compassion.
 	 	許多人在特殊的佛教節日會互相傳誦佛光祈願文，以希望祝福傳至四方。
 	 	Many people share the Fo Guang Prayer with each other during special Buddhist festivals, hoping to spread blessings far and wide.
佛光童軍團	BLIA Scouts Division
 	 	佛光童軍團近日舉辦了一次環保活動，帶領大家一起清理社區的公園。
 	 	The BLIA Scouts Division recently organized an environmental event, leading everyone in cleaning up the community park.
 	 	作為佛光童軍團的團長，他的領導才能備受好評。
 	 	As the leader of the BLIA Scouts Division, his leadership skills are highly praised.
 	 	佛光會長贊揚了佛光童軍團在促進青少年發展上的傑出表現。
 	 	The BLIA president commended the BLIA Scouts Division for their outstanding performance in promoting youth development.
 	 	佛光童軍團計劃在今年夏天舉辦一次露營活動，增強成員們的團隊合作能力。
 	 	The BLIA Scouts Division is planning to hold a camping event this summer to enhance team-building skills among its members.
佛光童軍委員會	BLIA Scouts Committee
 	 	佛光童軍委員會近期舉辦了一次國際交流活動，吸引了許多來自不同國家的會員參加。
 	 	The BLIA Scouts Committee recently organized an international exchange event, attracting many members from different countries.
 	 	作為佛光童軍委員會的成員，他每週都參加義工活動，服務社會。
 	 	As a member of the BLIA Scouts Committee, he participates in volunteer activities every week to serve the community.
 	 	佛光童軍委員會今年的目標是提升年輕人的環保意識，推廣可持續發展的理念。
 	 	This year, the BLIA Scouts Committee aims to enhance young people's environmental awareness and promote the concept of sustainable development.
 	 	李先生被選為佛光童軍委員會的顧問，負責提供政策和戰略方面的指導。
 	 	Mr. Li was elected as an advisor to the BLIA Scouts Committee, responsible for providing guidance on policy and strategy.
佛光童軍服務員知能研習營	Buddha’s Light Scouts Staff Seminar
 	 	佛光童軍服務員知能研習營旨在提升志工的組織和領導能力。
 	 	The Buddha’s Light Scouts Staff Seminar aims to enhance the organizational and leadership skills of volunteers.
 	 	她每年都參加佛光童軍服務員知能研習營，以提升自己的專業能力。
 	 	She attends the Buddha’s Light Scouts Staff Seminar every year to improve her professional capabilities.
 	 	在這次佛光童軍服務員知能研習營中，我們學到了許多應對緊急狀況的技巧。
 	 	During this Buddha’s Light Scouts Staff Seminar, we learned numerous techniques for handling emergencies.
 	 	佛光童軍服務員知能研習營提供了一個絕佳的平台，讓成員們交流經驗並分享學習心得。
 	 	The Buddha’s Light Scouts Staff Seminar provides an excellent platform for members to exchange experiences and share learning insights.
佛光菩提眷屬慶祝賀禮	Fo Guang Bodhi Couple Vow Renewal Ceremony
 	 	每年，成千上萬的夫婦參加佛光菩提眷屬慶祝賀禮，以重溫他們的誓言。
 	 	Every year, thousands of couples attend the Fo Guang Bodhi Couple Vow Renewal Ceremony to renew their vows.
 	 	在佛光菩提眷屬慶祝賀禮上，會長致辭祝福所有參與的夫妻幸福美滿。
 	 	At the Fo Guang Bodhi Couple Vow Renewal Ceremony, the president delivered a speech blessing all participating couples for happiness and fulfillment.
 	 	這次佛光菩提眷屬慶祝賀禮是由國際佛光會理事會精心籌辦的。
 	 	The Fo Guang Bodhi Couple Vow Renewal Ceremony was meticulously organized by the BLIA Board of Directors.
 	 	參加佛光菩提眷屬慶祝賀禮的夫妻們收到了一份特別設計的禮物，以紀念這一重要時刻。
 	 	Couples attending the Fo Guang Bodhi Couple Vow Renewal Ceremony received a specially designed gift to commemorate the important occasion.
佛光藝術委員會	Buddha's Light Art Committee
 	 	佛光藝術委員會正在策劃一場大型的藝術展覽，旨在展現佛教藝術的多樣性。
 	 	The Buddha's Light Art Committee is organizing a grand art exhibition aimed at showcasing the diversity of Buddhist art.
 	 	她被選為佛光藝術委員會的成員，負責協調各種跨文化的藝術活動。
 	 	She was chosen as a member of the Buddha's Light Art Committee, responsible for coordinating various cross-cultural art activities.
 	 	佛光藝術委員會每年都會邀請知名藝術家參加國際佛教藝術研討會。
 	 	Every year, the Buddha's Light Art Committee invites renowned artists to participate in the International Buddhist Art Symposium.
 	 	佛光藝術委員會的使命是通過藝術推廣佛教文化，促進國際間的理解和交流。
 	 	The mission of the Buddha's Light Art Committee is to promote Buddhist culture through art, fostering international understanding and exchange.
佛光道場	Fo Guang Shan Dharma Center
 	 	佛光道場每週舉辦禪修活動，吸引了許多來自世界各地的修行者。
 	 	The Fo Guang Shan Dharma Center holds weekly meditation sessions, attracting practitioners from around the world.
 	 	上週我參加了佛光道場的佛學課程，獲益良多。
 	 	Last week, I attended a Buddhism class at the Fo Guang Shan Dharma Center, and I gained a lot of insight.
 	 	她是佛光道場的一名義工，協助管理各類活動。
 	 	She is a volunteer at the Fo Guang Shan Dharma Center, helping to organize various activities.
 	 	佛光道場將於下月舉行一場大型的傳法儀式，預計參加人數眾多。
 	 	The Fo Guang Shan Dharma Center will hold a large Dharma transmission ceremony next month, expecting a significant number of attendees.
佛光金剛	BLIA Men
 	 	在這次活動中，佛光金剛們展現了強大的團隊合作精神，讓整個活動進行得非常順利。
 	 	During the event, the BLIA Men demonstrated a strong team spirit, ensuring everything proceeded smoothly.
 	 	國際佛光會會長讚揚佛光金剛的成員為促進佛教文化交流所做的努力。
 	 	The President of BLIA praised the members of the BLIA Men for their efforts in promoting Buddhist cultural exchange.
 	 	佛光金剛定期舉行會議，討論如何更好地支援國際佛光會的各項活動。
 	 	The BLIA Men regularly hold meetings to discuss ways to better support various activities of the BLIA.
 	 	作為佛光金剛的一員，他致力於宣導社會服務，積極參與社區計劃。
 	 	As a member of the BLIA Men, he is committed to advocating for social services and actively participates in community programs.
佛光金剛聯誼委員會	Buddha's Light Men's Fellowship Committee
 	 	佛光金剛聯誼委員會在本周末舉辦了一場主題為慈悲與善行的研討會。
 	 	The Buddha's Light Men's Fellowship Committee held a seminar themed 'Compassion and Good Deeds' this weekend.
 	 	李先生成為佛光金剛聯誼委員會的新任會長。
 	 	Mr. Li has become the new chairman of the Buddha's Light Men's Fellowship Committee.
 	 	佛光金剛聯誼委員會的成員每月舉行一次聚會以促進團結和友誼。
 	 	Members of the Buddha's Light Men's Fellowship Committee meet monthly to foster unity and friendship.
 	 	作為佛光金剛聯誼委員會的核心成員，他們致力於支持社區的各種活動。
 	 	As core members of the Buddha's Light Men's Fellowship Committee, they are dedicated to supporting various community activities.
佛光青年團	BLIA Young Adult Division
 	 	佛光青年團在這次活動中展示了豐富的創意和活力，赢得了眾多的讚譽。
 	 	The BLIA Young Adult Division showcased abundant creativity and energy in the event, earning much praise.
 	 	作為佛光青年團的一員，她積極參加各項國際交流活動，增進了文化理解。
 	 	As a member of the BLIA Young Adult Division, she actively participated in international exchange activities, enhancing cultural understanding.
 	 	佛光青年團的成員們舉辦了一場慈善募捐活動，籌集資金幫助有需要的人。
 	 	Members of the BLIA Young Adult Division organized a charity fundraising event to raise money to help those in need.
 	 	我們邀請佛光青年團的代表來分享他們在社區服務中的寶貴經驗。
 	 	We invited representatives from the BLIA Young Adult Division to share their valuable experiences in community service.
佛光青年幹部成長營	Buddha’s Light Young Adult Executive Growth And Development Camp
 	 	今年的佛光青年幹部成長營吸引了來自世界各地的青年領袖參加。
 	 	This year's Buddha’s Light Young Adult Executive Growth And Development Camp attracted young leaders from around the world.
 	 	在佛光青年幹部成長營中，參加者學習了如何增強管理能力和承擔領導責任。
 	 	During the Buddha’s Light Young Adult Executive Growth And Development Camp, participants learned how to enhance their managerial skills and take on leadership responsibilities.
 	 	佛光青年幹部成長營在國際佛光會的支持下，每年舉辦一次。
 	 	The Buddha’s Light Young Adult Executive Growth And Development Camp is held annually with the support of the BLIA.
 	 	許多青年幹部通過參加佛光青年幹部成長營取得了巨大進步，並將所學運用到實際工作中。
 	 	Many young executives have made significant progress by attending the Buddha’s Light Young Adult Executive Growth And Development Camp and have applied what they learned to their actual work.
佛光青年成年禮	Fo Guang Adulthood Ceremony
 	 	佛光青年成年禮是國際佛光會每年舉辦的重要活動之一，為青年會員提供成長的機會。
 	 	The Fo Guang Adulthood Ceremony is one of the important events held annually by BLIA, providing growth opportunities for young members.
 	 	在佛光青年成年禮上，年輕人穿著傳統服飾，象徵著他們從青少年邁向成年的重要時刻。
 	 	During the Fo Guang Adulthood Ceremony, young people wear traditional attire, symbolizing their significant transition from adolescence to adulthood.
 	 	今年的佛光青年成年禮特別邀請了國際佛光會會長致詞，激勵青年們持續追求心靈上的成長。
 	 	This year's Fo Guang Adulthood Ceremony specially invited the president of BLIA to speak, inspiring the youth to continue their pursuit of spiritual growth.
 	 	佛光青年成年禮不僅僅是一個儀式，更是一個讓青年們反思未來，設定人生目標的平台。
 	 	The Fo Guang Adulthood Ceremony is not just a ritual, but also a platform for young people to reflect on their future and set life goals.
佛光青年白象幹部培訓	BLIA-YAD White Elephant Training Workshop
 	 	佛光青年白象幹部培訓今年吸引了來自全球的青年會員參加，共同學習領導技能。
 	 	This year's BLIA-YAD White Elephant Training Workshop attracted young members from around the globe to learn leadership skills together.
 	 	國際佛光會的理事會特別強調佛光青年白象幹部培訓對於組織發展的重要性。
 	 	The BLIA council highlighted the importance of the BLIA-YAD White Elephant Training Workshop for the organization's development.
 	 	她在參加佛光青年白象幹部培訓後，獲得了寶貴的知識和啟發，對未來充滿信心。
 	 	After attending the BLIA-YAD White Elephant Training Workshop, she gained valuable insights and inspiration, feeling confident about the future.
 	 	BLIA-YAD白象幹部培訓結束後，每位參與者都獲得了證書，作為他們努力學習的見證。
 	 	Upon completion of the BLIA-YAD White Elephant Training Workshop, each participant received a certificate as a testament to their dedicated learning.
佛光體系青年大會師	Fo Guang Shan Youth Summit
 	 	國際佛光會的成員們正積極籌備即將舉行的佛光體系青年大會師。
 	 	Members of the BLIA are actively preparing for the upcoming Fo Guang Shan Youth Summit.
 	 	在佛光體系青年大會師上，各國青年領袖分享了他們對佛教未來發展的看法。
 	 	At the Fo Guang Shan Youth Summit, youth leaders from various countries shared their views on the future development of Buddhism.
 	 	這次青年大會師旨在激勵青年人參與佛教文化的推廣和實踐。
 	 	This Youth Summit aims to inspire young people to participate in the promotion and practice of Buddhist culture.
 	 	佛光體系青年大會師吸引了來自世界各地的熱情青年，大家齊聚一堂探索佛教智慧。
 	 	The Fo Guang Shan Youth Summit attracted enthusiastic youth from around the world, gathering together to explore Buddhist wisdom.
佛光鬆柔法	Buddha's Light Relaxation Exercises
 	 	每週三，寺院都會舉辦佛光鬆柔法課程，吸引了許多當地居民參加。
 	 	Every Wednesday, the temple hosts Buddha's Light Relaxation Exercises classes, attracting many local residents.
 	 	佛光鬆柔法不僅能舒緩身心，還能增強精神專注力。
 	 	Buddha's Light Relaxation Exercises can not only relieve the body and mind but also enhance mental focus.
 	 	國際佛光會會長強調佛光鬆柔法在現代生活中對緩解壓力的重要性。
 	 	The President of BLIA emphasized the importance of Buddha's Light Relaxation Exercises for stress relief in modern life.
 	 	實踐佛光鬆柔法讓她的生活變得更加平和與和諧。
 	 	Practicing Buddha's Light Relaxation Exercises made her life more peaceful and harmonious.
佛寶節	Buddha Day
 	 	每年佛寶節，國際佛光會的會員們都會舉行隆重的慶典活動，以紀念釋迦牟尼佛的誕生。
 	 	Every year on Buddha Day, members of the BLIA hold grand celebrations to commemorate the birth of Shakyamuni Buddha.
 	 	佛寶節當天，大家齊聚寺廟，誦經祈福，共同感受佛法的慈悲精神。
 	 	On Buddha Day, people gather at the temple to chant sutras and pray, experiencing the compassion of the Dharma together.
 	 	小朋友們在佛寶節上參加手工制作活動，學習佛教的慈悲與智慧。
 	 	Children participate in craft activities on Buddha Day to learn about the compassion and wisdom of Buddhism.
 	 	今年的佛寶節，會長在開幕式上發表了鼓舞人心的講話，激勵大家在日常生活中實踐佛法。
 	 	This year on Buddha Day, the president gave an inspiring speech at the opening ceremony, encouraging everyone to practice the Dharma in daily life.
佛教兒童教育委員會	Children's Education Committee
 	 	佛教兒童教育委員會正在舉辦一個關於培養正念的兒童夏令營。
 	 	The Children's Education Committee is organizing a children's summer camp focused on cultivating mindfulness.
 	 	她被任命為佛教兒童教育委員會的新任會長，負責領導新的教育計畫。
 	 	She was appointed as the new chairperson of the Children's Education Committee, responsible for leading new educational initiatives.
 	 	佛教兒童教育委員會與當地學校合作，推廣慈悲和智慧的教育課程。
 	 	The Children's Education Committee collaborates with local schools to promote educational programs centered on compassion and wisdom.
 	 	佛教兒童教育委員會的目標是提供適合兒童的佛學教義材料。
 	 	The goal of the Children's Education Committee is to provide Buddhist teachings materials suitable for children.
佛教有聲出版委員會	Buddhist Audio-Visual Promotion Committee
 	 	國際佛光會的佛教有聲出版委員會致力於推動佛教文化的傳播。
 	 	The Buddhist Audio-Visual Promotion Committee of the BLIA is dedicated to promoting the spread of Buddhist culture.
 	 	明年的國際佛光大會邀請了佛教有聲出版委員會制定媒體計劃。
 	 	The Buddhist Audio-Visual Promotion Committee has been invited to devise a media plan for next year's BLIA convention.
 	 	佛教有聲出版委員會的作品集在全球各地廣受好評。
 	 	The works of the Buddhist Audio-Visual Promotion Committee have been widely acclaimed worldwide.
 	 	因為有禦寒衣物短缺，佛教有聲出版委員會主辦了名為「音繪暖意」的慈善活動。
 	 	Owing to a shortage of warm clothing, the Buddhist Audio-Visual Promotion Committee organized a charity event called 'Warmth Through Sound and Image'.
佛教翻譯委員會	Buddhism Translation Committee
 	 	佛教翻譯委員會負責將重要的經典翻譯成多種語言以廣傳佛法。
 	 	The Buddhism Translation Committee is responsible for translating significant scriptures into multiple languages to widely disseminate the Dharma.
 	 	在這次國際會議上，佛教翻譯委員會分享了最新的翻譯技術與成果。
 	 	At the international conference, the Buddhism Translation Committee shared their latest translation technologies and achievements.
 	 	她被選為佛教翻譯委員會的一員，協助進行經文英譯工作。
 	 	She was selected as a member of the Buddhism Translation Committee to assist in the English translation of scriptures.
 	 	佛光山寺的法師常常與佛教翻譯委員會合作，確保翻譯的準確性和信達雅。
 	 	Monks from Fo Guang Shan Temple often collaborate with the Buddhism Translation Committee to ensure the translations are accurate and elegant.
佛教青年委員會	Buddhist Young Adult Outreach Committee
 	 	佛教青年委員會在國際佛光會的領導下，積極舉辦活動，以鼓勵年輕人參與佛教事務。
 	 	The Buddhist Young Adult Outreach Committee under the leadership of BLIA actively organizes events to encourage young people to participate in Buddhist affairs.
 	 	作為佛教青年委員會的領導者，他們負責協調青年志工的活動和培訓。
 	 	As the leaders of the Buddhist Young Adult Outreach Committee, they are responsible for coordinating activities and training for young volunteers.
 	 	佛教青年委員會最近發起了一項環保運動，以提高環境意識。
 	 	The Buddhist Young Adult Outreach Committee recently launched an environmental campaign to raise awareness about environmental protection.
 	 	加入佛教青年委員會的成員可以參加全球各地的佛學研討會和工作坊。
 	 	Members of the Buddhist Young Adult Outreach Committee can participate in Buddhist seminars and workshops around the world.
佛誕浴佛法會	Bathing the Buddha Celebration
 	 	每年國際佛光會在世界各地舉行佛誕浴佛法會，吸引許多信徒參加。
 	 	Every year, BLIA holds the Bathing the Buddha Celebration worldwide, attracting many devotees.
 	 	參加佛誕浴佛法會是傳統習俗，代表著清淨和新生的象徵。
 	 	Participating in the Bathing the Buddha Celebration is a traditional custom that symbolizes purity and renewal.
 	 	法會上，信眾們虔誠地為佛像進行淨水灌頂，祈求佛光加持。
 	 	During the celebration, devotees devoutly perform the ritual of pouring purifying water over the Buddha statue, praying for the blessings of Buddha's light.
 	 	今年的佛誕浴佛法會將由國際佛光會的主席主持。
 	 	This year's Bathing the Buddha Celebration will be presided over by the president of BLIA.
佛陀紀念館	Buddha's Relic Pagoda
 	 	佛陀紀念館吸引了來自世界各地的參觀者，他們前來祈禱並沈浸在神聖的氛圍中。
 	 	The Buddha's Relic Pagoda attracts visitors from all over the world, who come to pray and immerse themselves in the sacred atmosphere.
 	 	國際佛光會的年度會議今年在佛陀紀念館舉行，眾多會員參與了會議分享。
 	 	This year, the International BLIA annual meeting is held at the Buddha's Relic Pagoda, with many members participating in the discussions.
 	 	每年的佛誕節期間，佛陀紀念館都會舉辦一系列活動，吸引信眾參與慶祝。
 	 	During the annual Buddha's birthday festival, the Buddha's Relic Pagoda hosts a series of events that draw devotees to participate in the celebrations.
 	 	在週末，許多家庭來到佛陀紀念館，享受那裡的平靜和自然美景。
 	 	On weekends, many families visit the Buddha's Relic Pagoda to enjoy its tranquility and natural beauty.
信仰與傳承	Faith and Legacy
 	 	國際佛光會的一大使命是促進佛教的信仰與傳承，讓佛法的智慧遍及全球。
 	 	One of the primary missions of BLIA is to promote the faith and legacy of Buddhism, spreading the wisdom of Dharma worldwide.
 	 	他的家族一直以宗教信仰與傳承為榮，代代相傳著這份精神遺產。
 	 	His family has always taken pride in their religious faith and legacy, passing down this spiritual heritage through generations.
 	 	透過教育與文化活動，年輕一代可以學習佛光山開創者的信仰與傳承。
 	 	Through educational and cultural activities, the younger generation can learn about the faith and legacy of the founders of Fo Guang Shan.
 	 	在佛誕大典上，會長強調了信仰與傳承對於未來和平的關鍵作用。
 	 	During the Buddha’s Birthday celebration, the President emphasized the crucial role of faith and legacy in achieving future peace.
信徒大學	Devotees' University
 	 	信徒大學提供多樣化的禪修課程，提高學生的內心平和與專注。
 	 	Devotees' University offers a variety of meditation courses to enhance students' inner peace and focus.
 	 	作為信徒大學的校長，他致力於推廣佛教教育並提升學生的道德素養。
 	 	As the president of Devotees' University, he is committed to promoting Buddhist education and enhancing students' moral values.
 	 	信徒大學的畢業生在各行各業中展現優秀的領導能力和慈悲心。
 	 	Graduates of Devotees' University demonstrate exceptional leadership skills and compassion in various fields.
 	 	國際佛光會行政文書組與信徒大學合作開發新的培訓計劃。
 	 	The BLIA's Administration Documentation Department collaborates with Devotees' University to develop new training programs.
個人會員	Individual Member
 	 	作為國際佛光會的個人會員，他積極參加每週的佛學課程。
 	 	As an individual member of the Buddha's Light International Association (BLIA), he actively participates in the weekly Dharma classes.
 	 	她以個人會員的身份捐款支持國際佛光會的慈善活動。
 	 	She donated to support the Buddha's Light International Association's charitable activities as an individual member.
 	 	每位個人會員都可以提出建議，幫助改善國際佛光會的會務運作。
 	 	Each individual member can make suggestions to help improve the operations of the Buddha's Light International Association.
 	 	在年度大會上，個人會員有權利分享他們的意見和想法。
 	 	At the annual convention, individual members have the right to share their opinions and ideas.
僧寶節	Sangha Day
 	 	國際佛光會的會員們在僧寶節這天聚集在寺廟，共同慶祝這個意義深遠的節日。
 	 	Members of BLIA gathered at the temple on Sangha Day to celebrate this meaningful festival together.
 	 	在僧寶節那天，佛教徒們通常會捐贈義務時間，為社區服務以表達對僧團的感恩。
 	 	On Sangha Day, Buddhists typically donate volunteer hours to serve the community as a gesture of gratitude towards the Sangha.
 	 	僧寶節讓信徒們有機會重新審視他們對僧團的支持和承諾。
 	 	Sangha Day provides devotees with the opportunity to reflect on their support and commitment to the Sangha.
 	 	在這個特別的僧寶節，寺院的住持組織了一個冥想工作坊，以促進心靈的寧靜。
 	 	On this special Sangha Day, the abbot of the temple organized a meditation workshop to promote peace of mind.
公共關係組	Public Relations Unit
 	 	國際佛光會公共關係組負責策劃各類活動，以提升組織的知名度和形象。
 	 	The Public Relations Unit of the BLIA is responsible for organizing various events to raise the organization's visibility and image.
 	 	公共關係組的成員經常與媒體聯繫，以確保國際佛光會的聲音能夠被廣泛傳播。
 	 	Members of the Public Relations Unit frequently liaise with the media to ensure the voice of BLIA is widely broadcast.
 	 	她在公共關係組的工作中表現優異，因此獲得了年度最佳貢獻獎。
 	 	Her outstanding performance in the Public Relations Unit earned her the Best Contribution Award of the year.
 	 	公共關係組不僅僅負責對外公關，還協助組內的各個項目進行有效的溝通。
 	 	The Public Relations Unit is not only responsible for external PR but also facilitates effective communication within various projects in the organization.
公是公非	One Truth for All
 	 	在理事會的會議上，大家都遵循公是公非的原則來進行討論，確保每個決策都公平公正。
 	 	During the council meeting, everyone adhered to the principle of 'One Truth for All' to ensure every decision was fair and just.
 	 	作為國際佛光會的會長，他以身作則，事事皆以公是公非的標準來對待。
 	 	As the president of BLIA, he sets an example by treating every matter with the standard of 'One Truth for All'.
 	 	在這個問題上，我們必須保持公是公非的態度，以便找出解決方案。
 	 	On this issue, we must maintain an attitude of 'One Truth for All' in order to find a solution.
 	 	行政文書組在處理文件時始終堅持公是公非，確保每個步驟的透明和準確。
 	 	The administrative documentation group always adheres to 'One Truth for All' when handling documents to ensure transparency and accuracy at every step.
公是與公非	One Truth for All
 	 	在理事會的討論中，他們達成了公是與公非的共識，強調所有人應該遵循共同的價值觀。
 	 	During the council's discussion, they reached an agreement on one truth for all, emphasizing that everyone should adhere to shared values.
 	 	主席在演講中指出，社會和諧的實現需要我們認識到公是與公非的重要性。
 	 	In his speech, the Chairperson highlighted that achieving social harmony requires us to recognize the importance of one truth for all.
 	 	作為國際佛光會的一員，她始終堅持公是與公非的信念，以此作為她決策的原則。
 	 	As a member of BLIA, she consistently upholds the belief in one truth for all as the guiding principle for her decisions.
 	 	在這場辯論中，公是與公非的觀念成為了討論的核心，影響著每個與會者的立場。
 	 	In this debate, the concept of one truth for all became the focal point, influencing the stance of each participant.
共生與共榮	Coexistence and Coprosperity
 	 	國際佛光會致力於推動全球的共生與共榮，使不同文化與宗教背景的人們能夠和諧共處。
 	 	The Buddha's Light International Association is committed to promoting global coexistence and coprosperity, enabling people from diverse cultural and religious backgrounds to live together harmoniously.
 	 	在理事會的會議上，會長強調共生與共榮是組織發展的核心理念。
 	 	At the council meeting, the president emphasized that coexistence and coprosperity are core principles for the organization's development.
 	 	透過共生與共榮的理念，他們成功地建立了多元包容的社會環境。
 	 	Through the concept of coexistence and coprosperity, they successfully established a diverse and inclusive social environment.
 	 	我們相信共生與共榮的精神能夠促進國際間的和平與友誼。
 	 	We believe that the spirit of coexistence and coprosperity can foster international peace and friendship.
共識與開放	Consensus and Openness
 	 	在國際佛光會的理事會會議中，所有成員達成了關於新年度計畫的共識與開放態度。
 	 	In the board meeting of the BLIA, all members reached a consensus and openness regarding the new annual plan.
 	 	共識與開放是國際佛光會行政文書組持續發展與創新的基礎。
 	 	Consensus and openness are the foundation for continuous development and innovation in the administrative documentation team of BLIA.
 	 	作為國際佛光會的會長，他強調在組織中建立共識與開放的重要性。
 	 	As the president of BLIA, he emphasized the importance of establishing consensus and openness within the organization.
 	 	在推進國際佛光會的新方案時，共識與開放使整個團隊更加和諧合作。
 	 	While advancing the new initiatives of BLIA, consensus and openness brought more harmonious collaboration to the entire team.
分會	Subchapter
 	 	國際佛光會的台北分會舉辦了一場大型的佛學研討會，吸引了數百名信徒參加。
 	 	The Taipei subchapter of BLIA organized a large-scale Buddhist seminar, attracting hundreds of devotees.
 	 	作為分會會長，她每月都會主持會議，確保所有活動順利進行。
 	 	As the subchapter president, she presides over monthly meetings to ensure all activities run smoothly.
 	 	分會的成員積極參與社區服務，展現了佛教徒的慈悲與奉獻精神。
 	 	The members of the subchapter actively participate in community service, demonstrating the compassion and dedication of Buddhists.
 	 	新成立的分會致力於推動禪修課程，以促進會員的身心健康。
 	 	The newly established subchapter is committed to promoting meditation classes to enhance the physical and mental well-being of its members.
分會副會長	Subchapter Vice President
 	 	國際佛光會台北分會的分會副會長在年度會議中發表了重要的演講。
 	 	The Subchapter Vice President of the BLIA Taipei Chapter delivered an important speech at the annual meeting.
 	 	這位新任分會副會長正在籌備即將舉行的文化交流活動。
 	 	The newly appointed Subchapter Vice President is organizing the upcoming cultural exchange event.
 	 	分會副會長參與了由總部理事會舉辦的研討會，並分享了他們的經驗。
 	 	The Subchapter Vice President participated in a seminar organized by the headquarters' council and shared their experiences.
 	 	在分會的慶祝晚宴上，分會副會長被表彰其卓越的領導能力。
 	 	At the chapter's celebration dinner, the Subchapter Vice President was recognized for their outstanding leadership.
分會會長	Subchapter President
 	 	李先生被選為當地佛光會的分會會長，他感到非常榮幸。
 	 	Mr. Li was elected as the Subchapter President of the local BLIA, and he felt very honored.
 	 	分會會長親自主持了此次的重要會議，確保一切井然有序。
 	 	The Subchapter President personally chaired the important meeting, ensuring that everything was in order.
 	 	在他的領導下，分會會長促進了社區中多項文化交流活動。
 	 	Under his leadership, the Subchapter President promoted numerous cultural exchange activities within the community.
 	 	分會會長致力於推廣佛教文化，凝聚了會員們的向心力。
 	 	The Subchapter President is committed to promoting Buddhist culture, thus uniting the members' focus and dedication.
副主任委員	['Deputy Executive Director', 'Deputy Committee Director (BLIA)']
 	 	李先生被任命為國際佛光會的副主任委員，協助管理理事會的日常事務。
 	 	Mr. Li was appointed as the Deputy Executive Director of the BLIA, assisting in managing the daily affairs of the board.
 	 	作為國際佛光會的副主任委員，她在多項國際會議中發揮了關鍵作用。
 	 	As the Deputy Committee Director of the BLIA, she played a crucial role in several international conferences.
 	 	他的職責作為副主任委員包括監督多項社區服務項目。
 	 	His responsibilities as the Deputy Executive Director include overseeing various community service projects.
 	 	在成為國際佛光會的副主任委員之前，他已經在行政文書組工作了多年。
 	 	Before becoming the Deputy Committee Director (BLIA), he had worked for many years in the administrative document section.
副會長	Vice President
 	 	國際佛光會的副會長對本次會議的成功舉辦起到了重要的作用。
 	 	The Vice President of BLIA played a crucial role in the success of this conference.
 	 	在行政文書組中，副會長經常協助制定政策和舉辦活動。
 	 	Within the Administrative Documents Section, the Vice President frequently assists in policy-making and organizing events.
 	 	副會長於年度大會上發表了一篇關於全球合作的重要演講。
 	 	The Vice President delivered an important speech on global cooperation at the annual convention.
 	 	新當選的副會長承諾會增強青年會員的參與和影響力。
 	 	The newly elected Vice President promised to enhance the participation and influence of young members.
副法制長	Deputy Legal Affairs Officer
 	 	國際佛光會副法制長在會議中提出了修訂章程的建議。
 	 	The Deputy Legal Affairs Officer of BLIA proposed amendments to the bylaws during the meeting.
 	 	作為副法制長，他的責任包括協助處理法律相關問題。
 	 	As the Deputy Legal Affairs Officer, his responsibilities include assisting with legal matters.
 	 	副法制長主持了關於非營利組織法律合規的培訓研討會。
 	 	The Deputy Legal Affairs Officer conducted a training seminar on legal compliance for non-profit organizations.
 	 	她被任命為副法制長，致力於確保國際佛光會的活動合乎法律規範。
 	 	She was appointed as the Deputy Legal Affairs Officer, dedicated to ensuring BLIA's activities are legally compliant.
副秘書長	Deputy Secretary-General
 	 	國際佛光會的副秘書長在年會上發表了演講，分享了組織未來的發展計劃。
 	 	The Deputy Secretary-General of the BLIA delivered a speech at the annual meeting, sharing the organization's future development plans.
 	 	作為副秘書長，她協助秘書長協調各部門的工作，確保活動順利進行。
 	 	As the Deputy Secretary-General, she assists the Secretary-General in coordinating the work of various departments to ensure the smooth progress of activities.
 	 	副秘書長的責任包括管理行政事務和組織國際會議。
 	 	The responsibilities of the Deputy Secretary-General include managing administrative affairs and organizing international conferences.
 	 	他被任命為國際佛光會的副秘書長，以其優秀的領導能力和組織能力聞名。
 	 	He was appointed as the Deputy Secretary-General of the BLIA, renowned for his exceptional leadership and organizational skills.
副財務長	Deputy Treasurer
 	 	在上週的理事會會議中，副財務長提出了一項新的預算計劃。
 	 	At last week's board meeting, the Deputy Treasurer proposed a new budget plan.
 	 	副財務長的主要責任是協助財務長管理財務報告和資金分配。
 	 	The primary responsibility of the Deputy Treasurer is to assist the Treasurer in managing financial reports and fund allocation.
 	 	國際佛光會的副財務長正在推動一項新的籌款活動。
 	 	The Deputy Treasurer of the Buddha's Light International Association is initiating a new fundraising campaign.
 	 	副財務長强調準時提交財務報告對於組織運營的關鍵性。
 	 	The Deputy Treasurer emphasized the importance of promptly submitting financial reports for effective organizational operations.
創會總會長	Founding President
 	 	國際佛光會的創會總會長在開幕典禮上分享了創會精神與願景。
 	 	The Founding President of BLIA shared the founding spirit and vision at the opening ceremony.
 	 	作為創會總會長，他致力於推廣佛教，致力於各地的社區服務。
 	 	As the Founding President, he dedicated himself to promoting Buddhism and community service in various regions.
 	 	創會總會長在離職後仍活躍於國際佛光會的各種活動中。
 	 	Even after stepping down, the Founding President remained active in various BLIA events.
 	 	許多人感激創會總會長的遠見，為國際佛光會打下了堅實的基礎。
 	 	Many people are grateful for the Founding President's vision, which laid a solid foundation for BLIA.
功德主會	Patrons Conference
 	 	國際佛光會的功德主會是為了表彰那些在寺廟建設中作出重大貢獻的捐贈者。
 	 	The Patrons Conference of BLIA is to honor those donors who have made significant contributions to the construction of the temple.
 	 	在每年的功德主會上，主辦方會頒發獎狀以感謝慈善家的無私奉獻。
 	 	At the annual Patrons Conference, the organizers present certificates of appreciation to philanthropists for their selfless contributions.
 	 	功德主會的參加者來自世界各地，表明國際佛光會的影響力日益擴大。
 	 	Participants of the Patrons Conference come from all over the world, indicating the growing influence of the BLIA.
 	 	身為功德主會的成員，他感到非常榮幸能夠為佛教文化的弘揚貢獻一己之力。
 	 	As a member of the Patrons Conference, he feels honored to contribute to the promotion of Buddhist culture.
化世與益人	Change the World and Benefit Humanity
 	 	國際佛光會會長強調，化世與益人是我們每個成員應該秉持的宗旨。
 	 	The BLIA president emphasized that to change the world and benefit humanity is the principle every member should uphold.
 	 	這場大型社區活動旨在化世與益人，期望吸引更多市民參與。
 	 	The large community event aims to change the world and benefit humanity, hoping to attract more public participation.
 	 	理事會討論了如何透過教育計劃實現化世與益人的目標。
 	 	The council discussed how to achieve the goal of changing the world and benefiting humanity through educational programs.
 	 	她一直認為自己的工作不僅是職業，更是一種化世與益人的使命。
 	 	She has always believed her work is not just a career, but a mission to change the world and benefit humanity.
北美洲線上聯誼會	BLIA North America Online Fellowship Meeting
 	 	我們參加了由國際佛光會舉辦的北美洲線上聯誼會，見到了許多來自不同地區的會員。
 	 	We attended the BLIA North America Online Fellowship Meeting hosted by BLIA and met many members from different regions.
 	 	北美洲線上聯誼會為我們提供了分享修行心得的寶貴平台。
 	 	The BLIA North America Online Fellowship Meeting provided us with a valuable platform to share our cultivation experiences.
 	 	在北美洲線上聯誼會中，理事會成員討論了未來的活動計畫。
 	 	During the BLIA North America Online Fellowship Meeting, council members discussed future activity plans.
 	 	因疫情影響，今年的北美洲聯誼會首次以線上方式舉行，使更多人能夠參與。
 	 	Due to the pandemic, this year's BLIA North America Fellowship Meeting was held online for the first time, allowing more people to participate.
協會	Chapter
 	 	這個協會的會長正在努力推動新的社會公益活動。
 	 	The president of the chapter is actively promoting new social welfare activities.
 	 	國際佛光會的協會每年都會舉辦多次社區服務活動。
 	 	The chapter of BLIA organizes multiple community service events every year.
 	 	協會的理事會決定將會議地點改到新的場所，以便參加者更方便。
 	 	The council of the chapter decided to change the venue for the meeting to make it more convenient for participants.
 	 	他加入了當地的協會，希望能通過這個平台貢獻他的時間和技能。
 	 	He joined the local chapter, hoping to contribute his time and skills through this platform.
同體與共生	Oneness and Coexistence
 	 	國際佛光會的成員深信同體與共生的價值，積極參與社區活動促進和諧。
 	 	Members of BLIA steadfastly believe in the values of oneness and coexistence, actively participating in community activities to foster harmony.
 	 	理事會會長在演講中提到，只有透過同體與共生，我們才能面對現代社會的挑戰。
 	 	The president of the council mentioned in the speech that only through oneness and coexistence can we face the challenges of modern society.
 	 	佛教教義強調同體與共生的重要性，提醒我們珍視地球和所有生命。
 	 	Buddhist teachings emphasize the importance of oneness and coexistence, reminding us to cherish the Earth and all living beings.
 	 	行政文書組成員合作無間，體現了同體與共生的理想，確保活動有序進行。
 	 	Members of the administrative documentation team worked seamlessly together, embodying the ideals of oneness and coexistence, ensuring the orderly conduct of events.
問病喪葬儀禮	Patients Visit and Funeral Rites
 	 	國際佛光會的成員定期參與問病喪葬儀禮，以提供支持和關懷。
 	 	Members of the BLIA regularly participate in patients visit and funeral rites to offer support and compassion.
 	 	她在問病喪葬儀禮中表現出深厚的同情心，為眾人樹立了榜樣。
 	 	She demonstrated profound empathy during the patients visit and funeral rites, setting an example for others.
 	 	問病喪葬儀禮是國際佛光會慈悲活動的重要組成部分。
 	 	Patients visit and funeral rites are an integral part of the compassionate activities of the BLIA.
 	 	在問病喪葬儀禮期間，志工們提供精神上的支持與慰藉。
 	 	During the patients visit and funeral rites, volunteers provide spiritual support and solace.
國定佛誕節暨母親節慶祝大會	National Buddha’s Day and Mother’s Day Celebration
 	 	國際佛光會每年都會舉辦國定佛誕節暨母親節慶祝大會，吸引了成千上萬的信眾參加。
 	 	The BLIA holds the National Buddha’s Day and Mother’s Day Celebration every year, attracting thousands of devotees.
 	 	在國定佛誕節暨母親節慶祝大會上，會長發表了感人至深的演講，慶祝這兩個重要的節日。
 	 	During the National Buddha’s Day and Mother’s Day Celebration, the president gave a touching speech in honor of these two significant occasions.
 	 	今年的國定佛誕節暨母親節慶祝大會將包括特別的法會和母親節特別活動。
 	 	This year's National Buddha’s Day and Mother’s Day Celebration will include special ceremonies and exclusive Mother's Day activities.
 	 	理事會決定在國定佛誕節暨母親節慶祝大會上推出新的社區服務計劃。
 	 	The council decided to launch a new community service initiative during the National Buddha’s Day and Mother’s Day Celebration.
國定佛誕節浴佛大會	National Buddha’s Birthday Bathing the Buddha Celebration
 	 	今年，我們的國定佛誕節浴佛大會在盛大的儀式中舉行，吸引了全國各地的佛教信徒參與。
 	 	This year, our National Buddha’s Birthday Bathing the Buddha Celebration was held with grand ceremonies, attracting Buddhist followers from all over the country.
 	 	國際佛光會的和尚們在國定佛誕節浴佛大會中主持儀式，引導民眾以虔誠心浴佛。
 	 	Monks from the BLIA led the ceremonies at the National Buddha’s Birthday Bathing the Buddha Celebration, guiding the public to bathe the Buddha with devotion.
 	 	國定佛誕節浴佛大會是增進心靈淨化的重要活動，參與者從中獲得了佛法的智慧與啟發。
 	 	The National Buddha’s Birthday Bathing the Buddha Celebration is an important event for spiritual cleansing, where participants gain wisdom and inspiration from the Dharma.
 	 	理事會決定在今年的國定佛誕節浴佛大會中採用新的環保措施，推動綠色生活。
 	 	The council decided to adopt new eco-friendly measures during this year’s National Buddha’s Birthday Bathing the Buddha Celebration to promote green living.
國際佛光日	International Buddha’s Light Day
 	 	每年的國際佛光日，世界各地的佛光會員舉辦盛大的活動來慶祝。
 	 	Every year on International Buddha’s Light Day, BLIA members worldwide hold grand events to celebrate.
 	 	國際佛光日旨在宣揚佛教教義與普世價值，增進社會和諧。
 	 	International Buddha’s Light Day aims to promote Buddhist teachings and universal values, fostering social harmony.
 	 	在國際佛光日上，主席致力於鼓勵青年參與宗教交流與社會服務。
 	 	On International Buddha’s Light Day, the chairperson is committed to encouraging youth involvement in religious dialogues and community service.
 	 	我們理事會準備在今年的國際佛光日推出一系列線上活動，以吸引更多人參與。
 	 	Our council is planning to launch a series of online activities for this year's International Buddha’s Light Day to engage more participants.
國際佛光會	Buddha's Light International Association (BLIA)
 	 	她是國際佛光會的熱心會員，經常參與各種佛教活動和社會服務項目。
 	 	She is an enthusiastic member of the Buddha's Light International Association (BLIA), frequently participating in various Buddhist activities and social service projects.
 	 	國際佛光會在全球各地推廣佛教的慈悲及智慧理念。
 	 	The Buddha's Light International Association (BLIA) promotes the ideals of compassion and wisdom of Buddhism worldwide.
 	 	他被任命為國際佛光會的會長，負責協調國際事務。
 	 	He has been appointed as the president of the Buddha's Light International Association (BLIA), responsible for coordinating international affairs.
 	 	國際佛光會的理事會最近決定在當地社區開設一所新的佛光學校。
 	 	The board of directors of the Buddha's Light International Association (BLIA) recently decided to open a new Fo Guang school in the local community.
國際佛光會洛杉磯分會	BLIA Los Angeles SubChapter
 	 	國際佛光會洛杉磯分會今天舉行了一場盛大的茶會，吸引了許多當地會員參加。
 	 	The BLIA Los Angeles SubChapter held a grand tea gathering today, attracting many local members.
 	 	作為國際佛光會洛杉磯分會的會長，他致力於推廣佛教文化和社會服務。
 	 	As the president of the BLIA Los Angeles SubChapter, he is dedicated to promoting Buddhist culture and social services.
 	 	國際佛光會洛杉磯分會的成員每月都會組織一次社區服務活動。
 	 	Members of the BLIA Los Angeles SubChapter organize a community service event every month.
 	 	加入國際佛光會洛杉磯分會可以讓你接觸到豐富的佛教學習資源。
 	 	Joining the BLIA Los Angeles SubChapter allows you to access a wealth of Buddhist learning resources.
國際佛光會洛杉磯協會	BLIA Los Angeles Chapter
 	 	他最近被任命為國際佛光會洛杉磯協會的會長，負責組織和領導當地的佛教活動。
 	 	He was recently appointed as the President of the BLIA Los Angeles Chapter, responsible for organizing and leading local Buddhist activities.
 	 	國際佛光會洛杉磯協會將舉辦一場大型的佛教文化節，歡迎所有對佛教文化感興趣的人參加。
 	 	The BLIA Los Angeles Chapter will host a large Buddhist Cultural Festival, welcoming everyone interested in Buddhist culture to participate.
 	 	國際佛光會洛杉磯協會的成員們定期舉行會議，以討論如何更好地服務社區和弘揚佛法。
 	 	Members of the BLIA Los Angeles Chapter regularly hold meetings to discuss how to better serve the community and promote the Dharma.
 	 	加入國際佛光會洛杉磯協會讓我有機會參與到各種慈善活動中，並結識了許多志同道合的朋友。
 	 	Joining the BLIA Los Angeles Chapter gave me the opportunity to participate in various charitable activities and meet many like-minded friends.
國際佛光會世界大會	BLIA World Headquarters General Conference
 	 	國際佛光會世界大會匯聚了來自世界各地的法師和信徒，共同探討佛教的全球發展問題。
 	 	The BLIA World Headquarters General Conference gathered monastics and devotees from around the world to discuss issues concerning the global development of Buddhism.
 	 	在今年的國際佛光會世界大會上，會長強調了推動佛教教育的重要性。
 	 	At this year's BLIA World Headquarters General Conference, the president emphasized the importance of promoting Buddhist education.
 	 	每兩年一度的國際佛光會世界大會是一些佛教領袖分享理念和經驗的平台。
 	 	The biennial BLIA World Headquarters General Conference serves as a platform for Buddhist leaders to share their ideas and experiences.
 	 	本屆國際佛光會世界大會的主題是「慈悲與智慧」，旨在促進全球佛教徒的交流合作。
 	 	The theme of this year's BLIA World Headquarters General Conference is 'Compassion and Wisdom,' aimed at promoting collaboration and communication among Buddhists worldwide.
國際佛光會世界總會	BLIA World Headquarters
 	 	國際佛光會世界總會每年都舉辦全球會議，召集來自世界各地的成員共同討論佛教事務。
 	 	The BLIA World Headquarters hosts an annual global conference, gathering members from around the world to discuss Buddhist affairs.
 	 	作為國際佛光會世界總會的會長，他肩負著推廣佛教文化的重任。
 	 	As the President of the BLIA World Headquarters, he bears the responsibility of promoting Buddhist culture.
 	 	國際佛光會世界總會設有多個部門，如教育推廣部和公益服務部，以促進各種正念活動。
 	 	The BLIA World Headquarters has several departments, such as the Education Promotion Department and the Public Service Department, to support various mindfulness activities.
 	 	國際佛光會世界總會將在明年春天推出一個新的全球聯繫計畫，旨在加強各個成員國之間的合作。
 	 	The BLIA World Headquarters will launch a new global liaison program next spring, aiming to strengthen cooperation among member countries.
國際佛光會世界總會亞洲辦事處	BLIA World Headquarters Asia Regional Office
 	 	國際佛光會世界總會亞洲辦事處最近舉辦了一場關於佛教文化的研討會。
 	 	The BLIA World Headquarters Asia Regional Office recently held a seminar on Buddhist culture.
 	 	他被任命為國際佛光會世界總會亞洲辦事處的主任，負責監督所有亞洲地區的項目。
 	 	He was appointed as the director of the BLIA World Headquarters Asia Regional Office, responsible for overseeing all regional projects in Asia.
 	 	國際佛光會世界總會亞洲辦事處的義工團體定期組織社區服務活動。
 	 	The volunteer group at the BLIA World Headquarters Asia Regional Office regularly organizes community service activities.
 	 	亞洲各地的會員常與國際佛光會世界總會亞洲辦事處保持聯繫，以協調共同的活動。
 	 	Members from across Asia often stay in contact with the BLIA World Headquarters Asia Regional Office to coordinate joint events.
國際佛光會世界總會會員代表大會	BLIA General Conference
 	 	在本年度的國際佛光會世界總會會員代表大會上，各國代表熱烈討論未來的活動計畫。
 	 	At this year's BLIA General Conference, representatives from various countries engaged in lively discussions about future activities.
 	 	國際佛光會世界總會會員代表大會是全球佛光人增進交流的重要平台。
 	 	The BLIA General Conference serves as an essential platform for fostering communication among BLIA members worldwide.
 	 	參加國際佛光會世界總會會員代表大會的會員，能夠分享各地的慈善工作經驗。
 	 	Members attending the BLIA General Conference can share their experiences in charitable work from different regions.
 	 	國際佛光會世界總會會員代表大會吸引了來自五大洲的成員參與。
 	 	The BLIA General Conference attracted participants from five continents.
國際佛光會世界總會理事會議	BLIA World Headquarters Board of Directors Meeting
 	 	國際佛光會世界總會理事會議將於下週舉行，所有理事應準時出席。
 	 	The BLIA World Headquarters Board of Directors Meeting will be held next week, and all directors are expected to attend punctually.
 	 	在國際佛光會世界總會理事會議上，會長宣布了新的年度計劃。
 	 	During the BLIA World Headquarters Board of Directors Meeting, the president announced the new annual plan.
 	 	國際佛光會世界總會理事會議討論了未來的擴展策略與資金分配。
 	 	The BLIA World Headquarters Board of Directors Meeting discussed future expansion strategies and funding allocation.
 	 	理事們在國際佛光會世界總會理事會議中分享了各自分會的運作進展。
 	 	The directors shared updates on their respective chapter operations during the BLIA World Headquarters Board of Directors Meeting.
國際佛光會中華總會	BLIA Chunghua Headquarters
 	 	國際佛光會中華總會近日舉辦了一場大型佛教文化展。
 	 	BLIA Chunghua Headquarters recently held a large Buddhist cultural exhibition.
 	 	她剛被任命為國際佛光會中華總會的主席。
 	 	She was just appointed as the president of BLIA Chunghua Headquarters.
 	 	國際佛光會中華總會在全球有多個分會，致力於弘揚佛教精神。
 	 	BLIA Chunghua Headquarters has multiple chapters worldwide, dedicated to promoting the spirit of Buddhism.
 	 	今年的年會將在國際佛光會中華總會舉行，預計有數百名會員參加。
 	 	This year's annual conference will be held at BLIA Chunghua Headquarters, with hundreds of members expected to attend.
國際佛光會日	Buddha’s Light Day
 	 	每年，國際佛光會日讓世界各地的會員齊聚一堂，慶祝普及佛法的成就。
 	 	Every year, Buddha’s Light Day brings together members worldwide to celebrate the propagation of Dharma achievements.
 	 	在國際佛光會日的活動中，會長發表了關於全球佛教發展的演講。
 	 	During the Buddha’s Light Day events, the president delivered a speech on the global development of Buddhism.
 	 	國際佛光會日是推廣和平與慈悲價值的重要日子。
 	 	Buddha’s Light Day is an important day for promoting the values of peace and compassion.
 	 	志工們在國際佛光會日積極參加各種佛教公益活動。
 	 	Volunteers actively participate in various Buddhist charity events on Buddha’s Light Day.
國際佛光會會徽	The BLIA logo
 	 	國際佛光會會徽象徵著光明和智慧，激勵著成員共同推廣佛法。
 	 	The BLIA logo symbolizes enlightenment and wisdom, inspiring members to collectively promote the Dharma.
 	 	全新的國際佛光會會徽設計在今年的年會上揭幕，備受成員讚賞。
 	 	The new design of the BLIA logo was unveiled at this year's annual conference and was widely praised by members.
 	 	他為國際佛光會會徽的設計貢獻了自己獨特的創意，使其更具時代感。
 	 	He contributed his unique creativity to the design of the BLIA logo, making it more contemporary.
 	 	國際佛光會會徽被精緻地繡在所有會服的胸口位置，象徵著會員對佛教信仰的尊崇。
 	 	The BLIA logo is exquisitely embroidered on the chest of all uniforms, symbolizing the members' reverence for their Buddhist faith.
國際佛光會會旗	The BLIA flag
 	 	國際佛光會會旗象徵著世界各地佛教徒的團結與和諧。
 	 	The BLIA flag symbolizes the unity and harmony of Buddhists around the world.
 	 	在慶典結束時，志工們謹慎地降下了國際佛光會會旗。
 	 	At the end of the celebration, volunteers carefully lowered the BLIA flag.
 	 	每年的大會開始時，國際佛光會會旗都會在會場正中央飄揚。
 	 	Each year at the start of the convention, the BLIA flag is flown prominently at the center of the venue.
 	 	國際佛光會會旗的設計融合了佛教元素，象徵著信仰與傳承。
 	 	The design of the BLIA flag incorporates Buddhist elements, symbolizing faith and tradition.
國際佛光會會歌	BLIA Anthem
 	 	國際佛光會會歌在每次大會的開幕式上響起，激勵著所有的與會者。
 	 	The BLIA Anthem is played during the opening ceremony of every conference, inspiring all the participants.
 	 	這首國際佛光會會歌由著名的作曲家專門為推廣佛法而創作。
 	 	The BLIA Anthem was specially composed by a renowned musician to promote the teachings of Buddhism.
 	 	國際佛光會的成員們常在聚會中合唱會歌，以表達團結和信心。
 	 	Members of BLIA often sing the anthem together during gatherings to express unity and confidence.
 	 	每個國際佛光會新成員入會時，都會學習並唱響這首會歌。
 	 	Every new member of the BLIA learns and sings the anthem upon joining the association.
國際佛光會檀講師	BLIA Lay Dharma Lecturers
 	 	國際佛光會檀講師定期組織各種佛法課程，帶領參加者深入了解佛教思想。
 	 	BLIA Lay Dharma Lecturers regularly organize various Dharma courses, leading participants to gain a deeper understanding of Buddhist philosophy.
 	 	作為國際佛光會檀講師，她不斷提升自己的講課能力，以便更好地服務大眾。
 	 	As a BLIA Lay Dharma Lecturer, she continuously enhances her teaching skills to better serve the public.
 	 	每年，國際佛光會的檀講師們都會齊聚一堂，分享教學經驗與心得。
 	 	Each year, BLIA Lay Dharma Lecturers gather to share their teaching experiences and insights.
 	 	國際佛光會檀講師追求的不僅是傳授佛法知識，還包括實踐慈悲精神，造福社會。
 	 	BLIA Lay Dharma Lecturers seek not only to impart Buddhist knowledge but also to practice the spirit of compassion to benefit society.
國際佛光會青年總團	Buddha’s Light International Association Young Adult Division (BLIA-YAD)
 	 	國際佛光會青年總團最近舉辦了一個全國性的文化交流活動，吸引了成千上萬的參與者。
 	 	The Buddha’s Light International Association Young Adult Division (BLIA-YAD) recently organized a nationwide cultural exchange event, attracting thousands of participants.
 	 	作為國際佛光會青年總團的成員，他們定期參加各種義工活動，以弘揚佛教精神。
 	 	As members of the Buddha’s Light International Association Young Adult Division (BLIA-YAD), they regularly participate in various volunteer activities to promote the spirit of Buddhism.
 	 	國際佛光會青年總團致力於培養青年領袖，希望未來能為社會帶來更大的改變。
 	 	The Buddha’s Light International Association Young Adult Division (BLIA-YAD) is committed to cultivating young leaders, hoping they can bring about greater changes in society in the future.
 	 	每年，國際佛光會青年總團都會舉辦國際青年研討會，邀請全球各地的青年共襄盛舉。
 	 	Every year, the Buddha’s Light International Association Young Adult Division (BLIA-YAD) hosts an international youth symposium, inviting young people from all over the world to join.
國際佛光青年會議	International Buddha’s Light BLIA Young Adult Conference
 	 	她參加了國際佛光青年會議，並從中學到了很多寶貴的經驗和知識。
 	 	She attended the International Buddha’s Light BLIA Young Adult Conference and gained valuable experience and knowledge.
 	 	國際佛光青年會議每年都吸引來自世界各地的青年佛教徒，共同交流和學習。
 	 	The International Buddha’s Light BLIA Young Adult Conference attracts young Buddhists from around the world each year for exchange and learning.
 	 	在國際佛光青年會議上，他們探討了環境保護與佛教的關聯。
 	 	At the International Buddha’s Light BLIA Young Adult Conference, they discussed the relationship between environmental protection and Buddhism.
 	 	國際佛光會理事會支持國際佛光青年會議的舉辦，為青年人提供一個進步的平台。
 	 	The BLIA Board of Directors supports the International Buddha’s Light BLIA Young Adult Conference, providing a platform for young people to advance.
圓滿與自在	Wholeness and Freeness
 	 	在追求個人圓滿與自在的過程中，他學會了如何接受自己的不完美。
 	 	In the pursuit of personal wholeness and freeness, he learned how to accept his imperfections.
 	 	這個修行的目標是達到內心的圓滿與自在，融入每一個當下。
 	 	The aim of this practice is to achieve inner wholeness and freeness by integrating into every present moment.
 	 	她從事瑜伽修行多年，最終感受到內在的圓滿與自在。
 	 	After practicing yoga for many years, she finally experienced an inner sense of wholeness and freeness.
 	 	圓滿與自在的境界使他在面對挑戰時，依然保持心靈的平和。
 	 	The state of wholeness and freeness allows him to maintain mental peace even when facing challenges.
團體會員	Corporate Member
 	 	國際佛光會的團體會員致力於弘揚佛教精神，積極參加各項活動。
 	 	The corporate members of BLIA are dedicated to promoting the spirit of Buddhism and actively participate in various activities.
 	 	作為國際佛光會的團體會員，他們享有特別的諮詢服務和資源。
 	 	As a corporate member of BLIA, they are entitled to special advisory services and resources.
 	 	他們成為國際佛光會的團體會員已有多年，並持續支持協會的使命。
 	 	They have been a corporate member of BLIA for many years, continuously supporting the association's mission.
 	 	國際佛光會邀請更多企業加入成為團體會員，共同為社會作出貢獻。
 	 	BLIA invites more companies to join as corporate members to collectively contribute to society.
執行委員會	Executive Committee
 	 	國際佛光會的執行委員會每季度召開會議，以審議和制定未來的發展策略。
 	 	The Executive Committee of BLIA meets quarterly to review and develop future development strategies.
 	 	執行委員會負責協調各地分會的活動，確保合乎組織的宗旨和目標。
 	 	The Executive Committee is responsible for coordinating the activities of local chapters to ensure they are aligned with the organization's mission and objectives.
 	 	作為執行委員會的一員，他需要在各個任務之間平衡時間和精力。
 	 	As a member of the Executive Committee, he needs to balance his time and energy across various tasks.
 	 	執行委員會正在籌劃一場全球性的會議，以促進跨文化的交流與合作。
 	 	The Executive Committee is planning a global conference to promote cross-cultural exchange and collaboration.
基本代表	Mandatory Delegate
 	 	在年度大會上，每個國家的基本代表都必須出席，以確保重要決策的有效性。
 	 	At the annual conference, a mandatory delegate from each country must attend to ensure the validity of crucial decisions.
 	 	這次會議的基本代表將負責向理事會匯報相關進展。
 	 	The mandatory delegate for this meeting will be responsible for reporting the relevant progress to the board of directors.
 	 	基本代表的意見通常在討論中具有決定性影響。
 	 	The mandatory delegate's opinions often have a decisive impact during discussions.
 	 	作為基本代表，他的任務是在國際佛光會的全球會議上發表觀點。
 	 	As a mandatory delegate, his task is to present viewpoints at the global conference of BLIA.
大慈育幼院	Ta Tzu Children's Home
 	 	他在大慈育幼院擔任志工，為孩子們的生活帶來了許多歡樂和溫暖。
 	 	He volunteers at Ta Tzu Children's Home, bringing joy and warmth to the children's lives.
 	 	大慈育幼院最近舉辦了籌款活動，以改善孩子們的學習環境。
 	 	Ta Tzu Children's Home recently held a fundraising event to improve the learning environment for the children.
 	 	她決定每月捐款給大慈育幼院，支持他們為孤兒提供的各項服務。
 	 	She decided to donate monthly to Ta Tzu Children's Home to support the various services they provide for orphans.
 	 	我們計劃在大慈育幼院舉辦一場音樂會，以以此活動增進社區對育幼院的了解。
 	 	We plan to host a concert at Ta Tzu Children's Home to increase community awareness about the orphanage.
大洋洲聯誼委員會	Oceania Fellowship Committee
 	 	大洋洲聯誼委員會將於下個月舉辦年度會議，分享各國的實踐經驗。
 	 	The Oceania Fellowship Committee will host the annual meeting next month to share best practices from various countries.
 	 	她被任命為大洋洲聯誼委員會的主席，負責協調活動和增進成員間的相互理解。
 	 	She was appointed as the chairperson of the Oceania Fellowship Committee, responsible for coordinating events and fostering mutual understanding among members.
 	 	大洋洲聯誼委員會計劃組織國際佛光會青年成員之間的交流活動。
 	 	The Oceania Fellowship Committee plans to organize exchange events between young members of the BLIA.
 	 	在大洋洲聯誼委員會的支持下，當地分會得以順利推行許多社會服務計劃。
 	 	With the support of the Oceania Fellowship Committee, the local chapters were able to successfully implement several social service programs.
大洋洲聯誼會	BLIA Oceania Fellowship Meeting
 	 	今年的大洋洲聯誼會將在悉尼舉行，來自各地的會員將相聚一堂，分享修行經驗。
 	 	This year's BLIA Oceania Fellowship Meeting will be held in Sydney, where members from various regions will gather to share their cultivation experiences.
 	 	在大洋洲聯誼會上，會長強調了社區服務對於身心靈發展的重要性。
 	 	At the BLIA Oceania Fellowship Meeting, the president emphasized the importance of community service for personal and spiritual growth.
 	 	大洋洲聯誼會的主題是『和諧與共生』，以提升社會和諧為目標。
 	 	The theme of the BLIA Oceania Fellowship Meeting is 'Harmony and Coexistence', aimed at enhancing social harmony.
 	 	參加大洋洲聯誼會的同時，會員們也能體驗當地的文化活動，增進國際文化交流。
 	 	While attending the BLIA Oceania Fellowship Meeting, members also have the opportunity to experience local cultural activities, promoting international cultural exchange.
大眾傳播委員會	Media Committee
 	 	大眾傳播委員會負責規劃和執行所有國際佛光會媒體相關活動。
 	 	The Media Committee is responsible for planning and executing all media-related activities for the BLIA.
 	 	在國際佛光大會上，大眾傳播委員會展示了他們最新的多媒體宣傳影片。
 	 	At the International BLIA Conference, the Media Committee presented their latest multimedia promotional video.
 	 	大眾傳播委員會的成員都接受了專業訓練，以確保他們能夠高效地管理各類媒體資源。
 	 	Members of the Media Committee have received professional training to ensure they can effectively manage various media resources.
 	 	李先生被任命為大眾傳播委員會的主席，並負責統籌整個委員會的工作。
 	 	Mr. Lee was appointed as the Chairperson of the Media Committee, responsible for coordinating the entire committee's efforts.
天馬幹部	Pegasus Executive
 	 	作為天馬幹部，他在國際佛光會的戰略計劃中扮演著重要角色。
 	 	As a Pegasus Executive, he plays a vital role in the strategic planning of BLIA.
 	 	她被提升為天馬幹部，因為她的優秀領導才能和卓越的績效。
 	 	She was promoted to Pegasus Executive because of her excellent leadership skills and outstanding performance.
 	 	天馬幹部在國際會議上提出了一系列新的倡議，以促進全球的和諧與理解。
 	 	The Pegasus Executive proposed a series of new initiatives at the international conference to promote global harmony and understanding.
 	 	面對挑戰，天馬幹部總是能夠一心不二地找到解決方案。
 	 	Faced with challenges, the Pegasus Executive always manages to single-heartedly find solutions.
委任證書	Certificate of Appointment
 	 	他在國際佛光會的年度大會上獲得了委任證書，成為新的會長。
 	 	He received the Certificate of Appointment at the annual conference of the BLIA, becoming the new president.
 	 	委任證書由理事會正式簽發，以確認該會員的新職位。
 	 	The Certificate of Appointment was officially issued by the Council to confirm the member's new position.
 	 	她因在行政文書組中的傑出表現而獲頒委任證書。
 	 	She was awarded a Certificate of Appointment due to her outstanding performance in the Administrative Documentation Unit.
 	 	這份委任證書象徵著對他多年服務與貢獻的認可。
 	 	The Certificate of Appointment symbolizes recognition for his years of service and contributions.
委員	Committee Member
 	 	作為國際佛光會的委員，他積極參與所有會議，發表了許多建設性的意見。
 	 	As a committee member of the BLIA, he actively attended all meetings and offered many constructive suggestions.
 	 	她在國際佛光會的理事會中擔任委員，負責推動青年事務的發展。
 	 	She serves as a committee member in the BLIA board, responsible for promoting youth affairs development.
 	 	他是一位有經驗的委員，致力於在國際佛光會內推行文化交流的項目。
 	 	He is an experienced committee member, dedicated to implementing cultural exchange programs within the BLIA.
 	 	在加入國際佛光會之前，她曾是一個國際環保組織的委員，對可持續發展有深入的研究。
 	 	Before joining the BLIA, she was a committee member of an international environmental organization, conducting in-depth research on sustainable development.
宣誓典禮	Individual Member Oath Taking Ceremony
 	 	在國際佛光會的總部，李會長主持了一場莊嚴的宣誓典禮，新會員們皆表達了對於佛教精神的承諾。
 	 	At the headquarters of the BLIA, President Li presided over a solemn Individual Member Oath Taking Ceremony, where new members pledged their commitment to the Buddhist spirit.
 	 	每年的新會員宣誓典禮都是佛教徒的重要儀式，象徵著他們正式加入這個全球佛教社群。
 	 	The annual Individual Member Oath Taking Ceremony is a significant ritual for Buddhists, symbolizing their formal entry into the global Buddhist community.
 	 	宣誓典禮上，每位新入會者都在佛光的見證下，發誓遵循佛教教義並參與社會服務。
 	 	At the Individual Member Oath Taking Ceremony, each new inductee took an oath to follow Buddhist teachings and engage in community service, witnessed by the Buddha's light.
 	 	當年，在那場令人難忘的宣誓典禮後，我們大家都感受到了一種前所未有的責任感和使命感。
 	 	Following that memorable Individual Member Oath Taking Ceremony, we all felt an unprecedented sense of responsibility and mission.
尊重與包容	Respect and Tolerance
 	 	在國際佛光會理事會的會議中，成員們強調了尊重與包容的重要性，以促進和諧的合作關係。
 	 	During the BLIA council meeting, members emphasized the importance of respect and tolerance to foster harmonious collaboration.
 	 	學習尊重與包容不同文化背景的人，能夠使我們的世界更加和諧。
 	 	Learning to respect and tolerate people from different cultural backgrounds can make our world more harmonious.
 	 	國際佛光會會長呼籲成員們以尊重與包容的精神參與社區活動。
 	 	The president of BLIA urged members to participate in community events with a spirit of respect and tolerance.
 	 	老師教導學生們，尊重與包容是解決衝突的有效工具。
 	 	The teacher taught the students that respect and tolerance are effective tools for resolving conflicts.
常務理事	Executive Director
 	 	國際佛光會的常務理事在年度會議上分享了未來一年的計劃。
 	 	The Executive Director of the BLIA shared the plans for the upcoming year at the annual meeting.
 	 	作為常務理事，他負責監督所有主要的慈善活動和項目。
 	 	As the Executive Director, he is responsible for overseeing all major charitable activities and projects.
 	 	常務理事主持了這次國際佛教會議，並確保所有活動順利進行。
 	 	The Executive Director chaired the international Buddhist conference and ensured that all events proceeded smoothly.
 	 	他剛被任命為國際佛光會的常務理事，期待著能夠促進該組織的進一步發展。
 	 	He was recently appointed as the Executive Director of the BLIA and looks forward to fostering further development of the organization.
常設委員會	Working Committee
 	 	國際佛光會為了有效運作，在組織內設立了一個常設委員會。
 	 	The BLIA established a working committee within its organization for effective operations.
 	 	常設委員會負責定期檢討和更新國際佛光會的活動規劃。
 	 	The working committee is responsible for regularly reviewing and updating the activity plans of BLIA.
 	 	會長特別強調常設委員會在推動佛教事務中的關鍵角色。
 	 	The president particularly emphasized the pivotal role of the working committee in advancing Buddhist affairs.
 	 	她被任命為常設委員會的成員，負責協調國際活動。
 	 	She was appointed as a member of the working committee, tasked with coordinating international events.
平等與和平	Equality and Peace
 	 	在他的講話中，國際佛光會會長強調了平等與和平的重要性，呼籲全球合作。
 	 	In his speech, the president of BLIA emphasized the importance of equality and peace, calling for global cooperation.
 	 	國際佛光會的理事會致力於促進平等與和平，以建設一個更加包容的社會。
 	 	The BLIA board is dedicated to promoting equality and peace to build a more inclusive society.
 	 	他在和平會議上指出，宗教對話可以促進文化間的平等與和平。
 	 	He pointed out at the peace conference that interfaith dialogue can promote equality and peace between cultures.
 	 	我們的社區活動旨在加強對於平等與和平的承諾，並促進各種族間的和諧共處。
 	 	Our community activities aim to strengthen the commitment to equality and peace, promoting harmonious coexistence among different ethnicities.
幸福與安樂	Happiness and Peace
 	 	他覺得真正的幸福與安樂來自內心的平靜與對生活的滿足。
 	 	He believes that true happiness and peace come from inner calm and satisfaction with life.
 	 	佛教徒透過冥想與修行來追求幸福與安樂。
 	 	Buddhists seek happiness and peace through meditation and spiritual practice.
 	 	國際佛光會的宗旨之一是讓每一個成員在服務社會中找到幸福與安樂。
 	 	One of the goals of BLIA is to help each member find happiness and peace through serving society.
 	 	在動蕩的時代，人們更渴望找到心靈的幸福與安樂。
 	 	In turbulent times, people yearn more for finding happiness and peace of mind.
幹部講習會	Leadership Training Seminar
 	 	國際佛光會的年輕幹部積極參加幹部講習會，以提升領導能力和溝通技巧。
 	 	Young leaders of BLIA actively participated in the Leadership Training Seminar to enhance their leadership abilities and communication skills.
 	 	這次幹部講習會由佛光山高僧主持，內容涵蓋現代管理理論與佛教實用智慧。
 	 	The Leadership Training Seminar was led by a senior monk from Fo Guang Shan, covering modern management theories and practical Buddhist wisdom.
 	 	參加幹部講習會的成員表示，這次培訓增強了他們的團隊合作精神。
 	 	Participants of the Leadership Training Seminar stated that the training enhanced their team spirit.
 	 	在幹部講習會中分享經驗與心得是提升組織凝聚力的一種方式。
 	 	Sharing experiences and insights during the Leadership Training Seminar is a way to enhance organizational cohesion.
廣播電視組	Radio & TV Broadcasting Unit
 	 	廣播電視組正在籌備一場特別節目，旨在弘揚佛教文化。
 	 	The Radio & TV Broadcasting Unit is preparing a special program aimed at promoting Buddhist culture.
 	 	國際佛光會的廣播電視組提供了針對不同年齡層的佛教學習資源。
 	 	The BLIA's Radio & TV Broadcasting Unit provides Buddhist learning resources tailored for different age groups.
 	 	他在廣播電視組工作多年，熟悉各類型節目的製作流程。
 	 	He has worked in the Radio & TV Broadcasting Unit for many years and is familiar with the production processes of various types of programs.
 	 	廣播電視組的成員每月討論最新的技術趨勢，以改進節目的質量。
 	 	Members of the Radio & TV Broadcasting Unit meet monthly to discuss the latest technological trends to improve the quality of their programs.
廣電推展委員會	Radio and TV Broadcasting Promotion and Development Committee
 	 	廣電推展委員會今年將推出一系列的佛教紀錄片，以促進對佛教文化的認識和理解。
 	 	The Radio and TV Broadcasting Promotion and Development Committee will launch a series of Buddhist documentaries this year to enhance the understanding and awareness of Buddhist culture.
 	 	國際佛光會的廣電推展委員會希望透過多媒體宣傳計劃吸引年輕一代。
 	 	The BLIA's Radio and TV Broadcasting Promotion and Development Committee aims to attract the younger generation through its multimedia promotion strategy.
 	 	為了更好地執行任務，廣電推展委員會舉辦了多場培訓會議。
 	 	To better fulfill its mission, the Radio and TV Broadcasting Promotion and Development Committee has held numerous training seminars.
 	 	廣電推展委員會正在與其他國際組織合作，製作一份全球佛教的廣播節目。
 	 	The Radio and TV Broadcasting Promotion and Development Committee is collaborating with other international organizations to produce a global Buddhist radio program.
弘導師	Monastic Dharma Mentor
 	 	弘導師在週日的講座中分享了關於慈悲智慧的深刻見解。
 	 	The Monastic Dharma Mentor shared profound insights about compassion and wisdom during the Sunday lecture.
 	 	這位弘導師在國際佛光會的理事會中扮演著重要的指導角色。
 	 	The Monastic Dharma Mentor plays a vital guiding role on the board of directors of BLIA.
 	 	學生們非常感激這位弘導師的耐心教導和靈性引導。
 	 	The students are very grateful for the Monastic Dharma Mentor's patient teaching and spiritual guidance.
 	 	在寺院裡，弘導師負責每日經典研討會的主持工作。
 	 	In the monastery, the Monastic Dharma Mentor is responsible for leading the daily scripture study sessions.
弘教師	Monastic Dharma Teacher
 	 	國際佛光會邀請了一位資深弘教師來主持這次的佛學講座。
 	 	The BLIA invited a senior Monastic Dharma Teacher to host this Buddhist studies lecture.
 	 	這位弘教師以淺顯易懂的方式解說佛法，深受學員們的歡迎。
 	 	This Monastic Dharma Teacher explained the Dharma in an accessible way, earning the appreciation of the students.
 	 	弘教師肩負著傳遞佛法智慧的使命，無私奉獻於各大寺廟。
 	 	The Monastic Dharma Teacher bears the mission of imparting the wisdom of the Dharma, selflessly dedicating themselves at various temples.
 	 	在會長的支持下，這位弘教師策劃了年度禪修活動。
 	 	With the support of the president, the Monastic Dharma Teacher organized the annual meditation retreat.
弘講師	Monastic Dharma Lecturer
 	 	弘講師向聽眾們闡述了慈悲和智慧之間的緊密聯繫。
 	 	The Monastic Dharma Lecturer explained to the audience the close connection between compassion and wisdom.
 	 	作為弘講師，他走遍世界各地進行佛學演講，增進各國學者間的交流。
 	 	As a Monastic Dharma Lecturer, he traveled around the world giving lectures on Buddhism, enhancing exchanges among scholars from different countries.
 	 	國際佛光會每年舉辦多場由弘講師主持的專題研討會。
 	 	The BLIA organizes multiple thematic seminars each year hosted by Monastic Dharma Lecturers.
 	 	弘講師的職責包括為國際佛光會理事會提供教育與文化建議。
 	 	The responsibilities of a Monastic Dharma Lecturer include providing educational and cultural advice to the BLIA Council.
復蔬線上公益路跑	VEGRUN
 	 	今年的復蔬線上公益路跑吸引了來自世界各地的參加者，共同支持環保和健康的理念。
 	 	This year's VEGRUN attracted participants from around the world, united in their support for environmental and health initiatives.
 	 	小明正在準備參加他人生中的第一次復蔬線上公益路跑，期待以健康的生活方式來支持慈善事業。
 	 	Xiao Ming is preparing to participate in his first VEGRUN, eager to support charity through a healthy lifestyle.
 	 	國際佛光會鼓勵所有成員參加復蔬線上公益路跑，以提倡綠色生活和健康飲食。
 	 	The BLIA encourages all members to join the VEGRUN to promote green living and healthy eating.
 	 	參加復蔬線上公益路跑不僅能鍛煉身體，還能為慈善事業盡一份力。
 	 	Participating in the VEGRUN not only serves as a physical exercise but also contributes to charitable causes.
心定和尚	Elder Monk Hsin Ting
 	 	心定和尚以其智慧和慈悲聞名於世，許多信徒都慕名前來聆聽他的開示。
 	 	Elder Monk Hsin Ting is renowned for his wisdom and compassion, attracting followers from all over the world to hear his teachings.
 	 	心定和尚於國際佛光會擔任會長，致力於推動全球佛教的和平與合作。
 	 	Elder Monk Hsin Ting serves as the president of BLIA, dedicated to promoting peace and cooperation among the global Buddhist community.
 	 	在禪修課程中，心定和尚指導參加者如何透過禪定來安住身心。
 	 	During the meditation retreat, Elder Monk Hsin Ting guided participants on how to achieve tranquility of body and mind through meditation.
 	 	許多人感謝心定和尚的指引，並表示他的開示對他們的人生具有深遠的影響。
 	 	Many people express their gratitude for Elder Monk Hsin Ting's guidance, stating that his teachings have had a profound impact on their lives.
憲章	Bylaws
 	 	國際佛光會的憲章詳述了組織的目的和成員的責任。
 	 	The bylaws of the BLIA outline the purposes of the organization and the responsibilities of its members.
 	 	在成為正式成員之前，所有申請者必須閱讀並同意遵守組織的憲章。
 	 	All applicants must read and agree to abide by the organization's bylaws before becoming official members.
 	 	會長在理事會會議中提議修改憲章以適應新形勢的需要。
 	 	The president proposed amendments to the bylaws during the council meeting to adapt to the new circumstances.
 	 	行政文書組負責保管並更新最新版本的憲章。
 	 	The Administration Documentation Unit is responsible for keeping and updating the latest version of the bylaws.
成立證書	Inauguration Certificate
 	 	國際佛光會新成立的分會舉行了成立證書頒發儀式。
 	 	The new chapter of the BLIA held an inauguration certificate awarding ceremony.
 	 	會長親自簽署了這份成立證書，以示對新單位的支持與期望。
 	 	The president personally signed the inauguration certificate to show support and expectation for the new unit.
 	 	這張成立證書象徵著國際佛光會的新步伐。
 	 	This inauguration certificate symbolizes a new step for the BLIA.
 	 	行政文書組負責準備所有成立證書的文件和程序。
 	 	The Administrative Documents Team is responsible for preparing all the documents and procedures for the inauguration certificates.
成立辦法	Formation Procedure
 	 	國際佛光會的理事會最近修訂了新的成立辦法，以確保所有分會的成立程序標準化。
 	 	The BLIA Board recently revised the new formation procedure to standardize the establishment process for all branches.
 	 	根據新的成立辦法，會長需要親自審批每一個新申請的分會。
 	 	According to the new formation procedure, the president must personally approve each newly applying branch.
 	 	行政文書組負責確保各個分會了解並遵循最新的成立辦法。
 	 	The administrative documentation unit is responsible for ensuring that all branches understand and follow the latest formation procedure.
 	 	這些新的成立辦法已經發送給所有國際佛光會的成員，以便他們能夠熟悉所需的步驟。
 	 	The new formation procedures have been sent to all members of the BLIA so that they can familiarize themselves with the necessary steps.
手印	BLIA Mudra
 	 	在國際佛光會的開幕儀式上，會長展示了特別設計的手印，象徵和平與和諧。
 	 	During the inauguration ceremony of BLIA, the president showcased the specially designed BLIA Mudra, symbolizing peace and harmony.
 	 	這個手印在佛教活動中經常使用，以幫助修行者集中精神。
 	 	This BLIA Mudra is often used in Buddhist activities to aid practitioners in focusing their minds.
 	 	義工們學習如何正確地展示手印，以便在冥想時能夠更快進入狀態。
 	 	Volunteers learn how to display the BLIA Mudra correctly to enter a meditative state more easily.
 	 	在佛光青年團的聚會上，老師教導學生手印的歷史與象徵意義。
 	 	At the BLIA youth group's gathering, the teacher explains the history and symbolism of the BLIA Mudra to the students.
教師聯誼委員會	Teachers Fellowship Committee
 	 	國際佛光會的教師聯誼委員會每年都舉辦一次大型的教育研討會。
 	 	The Teachers Fellowship Committee of BLIA organizes a major educational seminar every year.
 	 	作為教師聯誼委員會的成員，他積極參與各項教育交流活動。
 	 	As a member of the Teachers Fellowship Committee, he actively participates in various educational exchange activities.
 	 	教師聯誼委員會安排了多場講座，以提升教師們的教學技能。
 	 	The Teachers Fellowship Committee arranged several lectures to enhance the teaching skills of the educators.
 	 	新的學年開始了，教師聯誼委員會也推出了新的專業發展計畫。
 	 	With the new academic year beginning, the Teachers Fellowship Committee has launched a new professional development program.
教育研習組	Educational Research Unit
 	 	國際佛光會的教育研習組負責開發新的學習課程，以弘揚佛教教育。
 	 	The Educational Research Unit of BLIA is responsible for developing new learning programs to promote Buddhist education.
 	 	教育研習組近日舉辦了一場研討會，吸引了來自全球的學者與會。
 	 	Recently, the Educational Research Unit organized a seminar that attracted scholars from around the world.
 	 	作為教育研習組的負責人，王教授強調了持續學習的重要性。
 	 	As the head of the Educational Research Unit, Professor Wang emphasized the importance of continuous learning.
 	 	教育研習組正在開發一個在線學習平台，以便於國際佛光會會員的學習。
 	 	The Educational Research Unit is developing an online learning platform to facilitate the learning of BLIA members.
文化活動組	Cultural Activities Unit
 	 	她被任命為國際佛光會文化活動組的組長，負責策劃年度文化節。
 	 	She was appointed as the head of the Cultural Activities Unit of BLIA, responsible for organizing the annual cultural festival.
 	 	文化活動組近日舉辦了一場大型禪修活動，吸引了眾多社區居民參加。
 	 	Recently, the Cultural Activities Unit organized a large-scale meditation event, attracting numerous community members.
 	 	作為文化活動組的一員，他主要協助策劃各類傳統藝術展覽。
 	 	As a member of the Cultural Activities Unit, he mainly assists in planning various traditional art exhibitions.
 	 	文化活動組長期致力於推動佛教文化的普及與宣傳，成效顯著。
 	 	The Cultural Activities Unit has long been dedicated to promoting and advocating Buddhist culture, with significant success.
文宣教材組	Educational Material Circulation Unit
 	 	文宣教材組負責編輯和分發所有佛教活動的教材資料。
 	 	The Educational Material Circulation Unit is responsible for editing and distributing educational resources for all Buddhist activities.
 	 	在國際佛光會的會議上，文宣教材組簡報了他們最新的出版物清單。
 	 	At the BLIA meeting, the Educational Material Circulation Unit presented a briefing of their latest publication list.
 	 	文宣教材組的成員們經常參加培訓，以提升他們的撰寫和編輯能力。
 	 	Members of the Educational Material Circulation Unit regularly participate in training to enhance their writing and editing skills.
 	 	文宣教材組正在翻譯佛教經典，使其能夠廣泛流通於更多文化背景的讀者。
 	 	The Educational Material Circulation Unit is translating Buddhist scriptures to make them accessible to readers from more diverse cultural backgrounds.
文教推廣組	Cultural & Educational Promotion Unit
 	 	文教推廣組負責規劃年度文化活動，以促進社區對佛教文化的認識。
 	 	The Cultural & Educational Promotion Unit is responsible for planning annual cultural activities to promote community awareness of Buddhist culture.
 	 	在上週的會議中，文教推廣組介紹了新的教育方案，旨在透過講座與工作坊提升學員的知識水平。
 	 	During last week’s meeting, the Cultural & Educational Promotion Unit introduced a new education program aimed at enhancing participants' knowledge through lectures and workshops.
 	 	文教推廣組的成員經常走訪不同的學校與社區，以宣揚教育的重要性和佛教的價值觀。
 	 	Members of the Cultural & Educational Promotion Unit frequently visit various schools and communities to advocate for the importance of education and the values of Buddhism.
 	 	國際佛光會主席讚揚了文教推廣組在推動文化進步與教育提升方面的傑出貢獻。
 	 	The BLIA president praised the Cultural & Educational Promotion Unit for its outstanding contributions to cultural advancement and educational enhancement.
文教資訊委員會	Cultural and Educational Information Committee
 	 	國際佛光會的文教資訊委員會正籌備一場大型的文化展覽，以促進佛教文化的交流。
 	 	The Cultural and Educational Information Committee of the BLIA is organizing a major cultural exhibition to promote the exchange of Buddhist culture.
 	 	文教資訊委員會於今早召開了一次會議，以討論新的教育項目計劃。
 	 	The Cultural and Educational Information Committee held a meeting this morning to discuss plans for new educational projects.
 	 	作為文教資訊委員會的成員，她負責策劃和推動佛光山的文化活動。
 	 	As a member of the Cultural and Educational Information Committee, she is responsible for planning and promoting cultural activities at Foguangshan.
 	 	文教資訊委員會致力於提供有關佛教文化的多種資訊和資源，促進學術研究。
 	 	The Cultural and Educational Information Committee is dedicated to providing diverse information and resources about Buddhist culture to promote academic research.
星雲大師	Ven. Master Hsing Yun
 	 	星雲大師是一位著名的佛教領袖，他創立了國際佛光會，致力於弘揚人間佛教。
 	 	Ven. Master Hsing Yun is a renowned Buddhist leader who founded the Buddha's Light International Association, dedicated to promoting Humanistic Buddhism.
 	 	在星雲大師的指導下，許多佛教徒學會了如何在日常生活中實踐佛法。
 	 	Under the guidance of Ven. Master Hsing Yun, many Buddhists have learned how to practice Dharma in their daily lives.
 	 	星雲大師的著作涵蓋了廣泛的主題，從禪修到生活哲學，廣受讀者歡迎。
 	 	Ven. Master Hsing Yun's writings cover a wide range of topics, from meditation to life philosophy, and are popular among readers.
 	 	每年，成千上萬的人參加星雲大師主持的法會，從中獲得啟發和指引。
 	 	Each year, thousands of people attend the Dharma assemblies conducted by Ven. Master Hsing Yun, gaining inspiration and guidance.
普門雜誌	Universal Gate Magazine
 	 	普門雜誌每月出版一次，旨在推廣佛法及弘揚佛教文化。
 	 	Universal Gate Magazine is published monthly with the aim of promoting Dharma and spreading Buddhist culture.
 	 	他在普門雜誌上發表了一篇關於禪修的文章，引起了廣泛的關注。
 	 	He published an article on meditation in the Universal Gate Magazine, which garnered widespread attention.
 	 	普門雜誌的編輯團隊由國際佛光會的會員組成，致力於維持內容的高品質。
 	 	The editorial team of Universal Gate Magazine is composed of members from the BLIA, dedicated to maintaining high-quality content.
 	 	多位信眾表示，透過閱讀普門雜誌，他們對佛教的了解更加深入。
 	 	Many devotees expressed that through reading the Universal Gate Magazine, their understanding of Buddhism deepened.
智慧與創新	Wisdom and Innovation
 	 	綜合智慧與創新的理念，這家公司快速推動科技的進步。
 	 	By integrating the concepts of wisdom and innovation, the company rapidly advances in technological progress.
 	 	佛光山的會長經常強調精神生活需要智慧與創新的平衡。
 	 	The president of BLIA at Fo Guang Shan often emphasizes the balance between wisdom and innovation in spiritual life.
 	 	理事會討論了如何在教育計劃中結合智慧與創新。
 	 	The BLIA council discussed how to incorporate wisdom and innovation within the education programs.
 	 	她在國際佛光會的行政文書組工作，致力於將智慧與創新融入日常運作中。
 	 	She works in the administrative documentation section of BLIA, dedicating herself to integrating wisdom and innovation into daily operations.
會務發展委員會	BLIA Affairs Development Committee
 	 	國際佛光會的會務發展委員會致力於推動組織的長期成長和拓展。
 	 	The BLIA Affairs Development Committee is dedicated to promoting the organization's long-term growth and expansion.
 	 	在年度會議中，會務發展委員會提出了未來五年的策略計畫。
 	 	During the annual conference, the BLIA Affairs Development Committee presented the strategic plan for the next five years.
 	 	他被任命為會務發展委員會的成員，以協助制定新的政策。
 	 	He was appointed as a member of the BLIA Affairs Development Committee to help formulate new policies.
 	 	會務發展委員會每季度召開會議，討論如何提高會務的效率和效果。
 	 	The BLIA Affairs Development Committee meets quarterly to discuss how to enhance the efficiency and effectiveness of its affairs.
會務議會	General Meeting
 	 	國際佛光會的會務議會將在下週五舉行，討論年度活動計劃。
 	 	The General Meeting of BLIA will be held next Friday to discuss the annual activity plan.
 	 	參加會務議會的成員需要提前提交報告，以便於議會討論。
 	 	Members attending the General Meeting need to submit their reports in advance for the meeting's discussion.
 	 	會務議會上，會長發表了對未來一年的願景和計劃。
 	 	At the General Meeting, the president delivered a speech outlining the vision and plans for the coming year.
 	 	此次會務議會的重點是如何增強會員與國際佛光會的聯繫與合作。
 	 	The focus of this General Meeting is how to enhance member engagement and collaboration with BLIA.
會員代表	Member Delegate
 	 	在國際佛光會的年會中，會員代表對於重要決策擁有投票權。
 	 	At the BLIA annual meeting, the member delegate has voting rights on important decisions.
 	 	作為會員代表，她負責將社區的意見帶到理事會進行討論。
 	 	As a member delegate, she is responsible for bringing the community's opinions to the council for discussion.
 	 	這位會員代表和其他志願者一起組織了一系列慈善活動。
 	 	The member delegate, along with other volunteers, organized a series of charity events.
 	 	新當選的會員代表將參與管理未來三年的專案。
 	 	The newly elected member delegate will be involved in managing projects for the next three years.
會員手冊	Member Handbook
 	 	每位新加入的會員都會收到一本詳盡的會員手冊，以了解國際佛光會的宗旨和活動。
 	 	Every new member receives a comprehensive Member Handbook to understand the aims and activities of the BLIA.
 	 	會員手冊中包含了有關如何參加志願服務活動的詳細信息。
 	 	The Member Handbook contains detailed information on how to participate in volunteer activities.
 	 	他在閱讀會員手冊後，對國際佛光會的運作有了更深入的了解。
 	 	After reading the Member Handbook, he gained a deeper understanding of the workings of the BLIA.
 	 	國際佛光會會長在會員手冊的序言中強調了團結和慈悲的重要性。
 	 	In the foreword of the Member Handbook, the President of BLIA emphasized the importance of unity and compassion.
會員拓習組	Member Recruitment Unit
 	 	會員拓習組致力於擴展國際佛光會的成員基礎，並確保每位新成員獲得必要的資源和支持。
 	 	The Member Recruitment Unit is dedicated to expanding the membership base of BLIA and ensuring every new member receives the necessary resources and support.
 	 	今年，會員拓習組成功舉辦了多場活動，吸引了大量對於佛學有興趣的新人加入。
 	 	This year, the Member Recruitment Unit successfully organized several events, attracting numerous newcomers interested in Buddhist studies.
 	 	為了促進組織的發展，會員拓習組不斷尋找創新的方式來連結潛在的成員。
 	 	To promote the growth of the organization, the Member Recruitment Unit continuously seeks innovative ways to connect with potential members.
 	 	會員拓習組的目標是在未來一年內將國際佛光會的會員人數增加到新的高度。
 	 	The goal of the Member Recruitment Unit is to increase the membership of BLIA to new heights in the coming year.
會員服務委員會	Member Services Committee
 	 	國際佛光會的會員服務委員會致力於提升會員的體驗和福祉。
 	 	The Member Services Committee of BLIA is dedicated to enhancing the experience and well-being of its members.
 	 	會員服務委員會為新進會員提供專門的迎新活動以促進融入。
 	 	The Member Services Committee organizes special orientation activities for new members to facilitate integration.
 	 	她在會員服務委員會中扮演著重要的角色，負責制定改善會員福利的政策。
 	 	She plays a crucial role in the Member Services Committee, responsible for formulating policies to improve member welfare.
 	 	今年，會員服務委員會計劃推出新的會員福利計劃。
 	 	This year, the Member Services Committee plans to launch a new membership benefits program.
會員福利組	Member Support Unit
 	 	會員福利組為國際佛光會的成員提供多樣化的支持活動和資源。
 	 	The Member Support Unit provides a variety of support activities and resources for the members of the Buddha's Light International Association (BLIA).
 	 	作為會員福利組的負責人，她定期組織活動來促進會員之間的交流與合作。
 	 	As the head of the Member Support Unit, she regularly organizes activities to promote interaction and cooperation among members.
 	 	會員福利組每月召開會議以確保所有成員的需求得到滿足。
 	 	The Member Support Unit holds monthly meetings to ensure that the needs of all members are met.
 	 	如果您對會員福利組的服務有任何疑問，請隨時聯繫我們的團隊。
 	 	If you have any questions about the services provided by the Member Support Unit, please feel free to contact our team.
會址籌建委員會	Site Planning Committee
 	 	國際佛光會的會址籌建委員會正在制定新辦公樓的藍圖。
 	 	The Site Planning Committee of the BLIA is drafting the blueprint for the new office building.
 	 	會址籌建委員會召開了會議，討論資金籌措的各種策略。
 	 	The Site Planning Committee held a meeting to discuss various strategies for fundraising.
 	 	這次會議上，會址籌建委員會的成員分享了最新的進度報告。
 	 	During the meeting, members of the Site Planning Committee shared the latest progress reports.
 	 	他被任命為國際佛光會會址籌建委員會的新主席。
 	 	He was appointed as the new chairperson of the Site Planning Committee of the BLIA.
會徽	BLIA Emblem
 	 	國際佛光會的會徽象徵著光明與希望，遍照十方。
 	 	The BLIA Emblem symbolizes light and hope, spreading across all directions.
 	 	每年大會的第一天，所有與會者都佩戴著會徽。
 	 	On the first day of the annual conference, all participants wear the BLIA Emblem.
 	 	設計新會員卡時，會徽被放置在顯著的位置上。
 	 	When designing new membership cards, the BLIA Emblem is prominently placed.
 	 	這枚會徽見證了我們多年來的辛勤努力和成就。
 	 	This BLIA Emblem has witnessed our years of hard work and achievements.
會旗	BLIA Flag
 	 	在慶祝活動中，會旗在會場中央莊嚴地升起，象徵著國際佛光會的精神。
 	 	During the celebration, the BLIA Flag was solemnly raised at the center of the venue, symbolizing the spirit of the BLIA.
 	 	每年全球會議時，各地代表都驕傲地展示他們的會旗。
 	 	Every year at the global conference, representatives from various regions proudly display their BLIA Flags.
 	 	新成立的分會獲頒會旗，代表著他們成為國際佛光會的一部分。
 	 	The newly established chapter was awarded a BLIA Flag, representing their becoming a part of the BLIA.
 	 	會旗飄揚在活動上空，激勵著成員們更加投入於佛教推廣的工作。
 	 	The BLIA Flag fluttered above the event, inspiring members to further dedicate themselves to the promotion of Buddhism.
會服旗袍	Women's Membership Dress
 	 	在國際佛光會的年會上，婦女們穿著會服旗袍參加了盛大的晚宴。
 	 	At the annual convention of the BLIA, women attended the grand banquet dressed in the Women's Membership Dress.
 	 	會服旗袍的設計兼具傳統與現代美感，深受會員喜愛。
 	 	The design of the Women's Membership Dress combines traditional and modern aesthetics, making it a favorite among the members.
 	 	她穿上了會服旗袍，準備在佛光會的活動中擔任義工。
 	 	She put on the Women's Membership Dress, ready to volunteer at the BLIA event.
 	 	作為國際佛光會的會長，她在致辭時穿著典雅的會服旗袍，儀態大方。
 	 	As the President of the BLIA, she wore an elegant Women's Membership Dress while delivering her speech, showcasing her graceful demeanor.
會服背心	Membership Vest
 	 	每位新加入的會員都會收到一件象徵身份的會服背心。
 	 	Every new member receives a membership vest as a symbol of their affiliation.
 	 	在大型會議上，參加者穿著會服背心以便於辨識。
 	 	At major conferences, participants wear membership vests for easy identification.
 	 	國際佛光會的會服背心上印有標誌和會徽，象徵著對組織的認同。
 	 	The membership vest of BLIA has the logo and emblem printed on it, symbolizing the organization's identity.
 	 	作為行政文書組的一員，她必須在活動時穿上會服背心。
 	 	As a member of the administrative documentation team, she is required to wear the membership vest during events.
會歌	BLIA Anthem
 	 	每次國際會議開始前，我們都會齊唱會歌。
 	 	Before the start of each international conference, we always sing the BLIA Anthem together.
 	 	在慶祝活動中，大眾高聲合唱會歌，展現了團結一致的精神。
 	 	During the celebration, the crowd sang the BLIA Anthem loudly, showcasing a spirit of unity.
 	 	作為國際佛光會的一員，我以能唱會歌而感到自豪。
 	 	As a member of BLIA, I feel proud to sing the BLIA Anthem.
 	 	這首會歌不僅僅是一首歌曲，更是我們信仰和願景的象徵。
 	 	This BLIA Anthem is not just a song but a symbol of our faith and vision.
會籍組	Membership Unit
 	 	國際佛光會的會籍組負責招募新成員和管理成員資料。
 	 	The Membership Unit of BLIA is responsible for recruiting new members and managing member information.
 	 	他在會籍組工作多年，累積了豐富的經驗與人脈。
 	 	He has worked in the Membership Unit for many years, accumulating a wealth of experience and connections.
 	 	會籍組今年的目標是增加會員的參與度和提升會員福利。
 	 	The goal of the Membership Unit this year is to increase member engagement and enhance member benefits.
 	 	作為會籍組的一員，她努力促進組織內部的溝通，使新成員更快融入。
 	 	As a member of the Membership Unit, she strives to facilitate internal communication to help new members integrate quickly.
會費	Membership Fee
 	 	國際佛光會的會費將用於支持多項慈善活動和文化交流。
 	 	The membership fee of the BLIA will support various charitable activities and cultural exchanges.
 	 	每年繳納會費的成員將享有參加特別活動的優先權。
 	 	Members who pay the annual membership fee will have priority in participating in special events.
 	 	會費使得國際佛光會能繼續提供高質量的課程和服務。
 	 	The membership fee enables the BLIA to continue providing high-quality courses and services.
 	 	對於無法支付會費的成員，國際佛光會提供經濟援助選項。
 	 	For members unable to pay the membership fee, the BLIA offers financial assistance options.
會長	President
 	 	他被推選為國際佛光會的會長，負責領導組織的全球運作。
 	 	He was elected as the President of the Buddha's Light International Association, responsible for leading the organization's global operations.
 	 	作為會長，她常常參加各種宗教及文化交流活動。
 	 	As the President, she often participates in various religious and cultural exchange activities.
 	 	會長在年度大會上發表了重要演講，強調和平與和諧的重要性。
 	 	The President delivered an important speech at the annual conference, emphasizing the importance of peace and harmony.
 	 	擔任會長期間，他致力於推動佛教教育的發展。
 	 	During his tenure as President, he dedicated himself to promoting the development of Buddhist education.
會長肩帶	Presidential Sash
 	 	在國際佛光會的年度會議中，會長穿戴會長肩帶登台發表講話，象徵他的領導權威。
 	 	At the annual conference of the BLIA, the president took the stage wearing the presidential sash to deliver a speech, symbolizing his leadership authority.
 	 	新的會長上任時，前任會長親自為他披上會長肩帶，以示傳承和祝福。
 	 	When the new president took office, the predecessor personally draped the presidential sash over him as a sign of succession and blessing.
 	 	這條會長肩帶是由精緻的絲綢製成，上面繡有國際佛光會的標誌。
 	 	The presidential sash is made of exquisite silk and is embroidered with the emblem of the BLIA.
 	 	每年在表彰大會上，會長肩帶都會由現任會長交接給下一任，象徵責任交接。
 	 	Each year at the awards ceremony, the presidential sash is passed from the current president to the successor, symbolizing the transition of responsibility.
朝山活動	Pilgrimage
 	 	參加朝山活動讓我感受到內心的平靜與充實。
 	 	Participating in the pilgrimage brought me inner peace and fulfillment.
 	 	許多信徒每年都會參加朝山活動，以冀求心靈的淨化。
 	 	Many devotees participate in the pilgrimage annually, seeking spiritual purification.
 	 	國際佛光會的會長帶領會眾遠赴印度參加朝山活動。
 	 	The President of BLIA led the congregation on a pilgrimage to India.
 	 	我們行政文書組負責安排今年朝山活動的所有後勤工作。
 	 	Our Administrative Affairs Group is responsible for organizing all logistics for this year's pilgrimage.
未來與希望	Future and Hope
 	 	佛光會的主席在會議中提到，青少年是社會的未來與希望，應予以更多的支持和關愛。
 	 	The president of BLIA mentioned in the meeting that the youth are the future and hope of society and should be given more support and care.
 	 	她對終身學習的堅持展現了她對未來與希望的重視。
 	 	Her commitment to lifelong learning demonstrates her emphasis on future and hope.
 	 	在這個動盪的世界中，和平成為人類未來與希望的燈塔。
 	 	In this turbulent world, peace has become the beacon of future and hope for humanity.
 	 	理事會的成員們一致認為，環境保護是地球未來與希望的關鍵所在。
 	 	The members of the BLIA council unanimously agreed that environmental protection is the key to the future and hope of the Earth.
東北亞聯誼委員會	North-East Asia Fellowship Committee
 	 	國際佛光會的東北亞聯誼委員會最近組織了一次跨國文化交流活動。
 	 	The North-East Asia Fellowship Committee of BLIA recently organized an international cultural exchange event.
 	 	在東北亞聯誼委員會會議上，各國代表分享了他們的佛教推廣經驗。
 	 	During the North-East Asia Fellowship Committee meeting, representatives from various countries shared their experiences in promoting Buddhism.
 	 	東北亞聯誼委員會致力於深化地區成員之間的溝通與合作。
 	 	The North-East Asia Fellowship Committee is dedicated to enhancing communication and cooperation among regional members.
 	 	她被任命為東北亞聯誼委員會的主席，負責推動該地區的活動計劃。
 	 	She was appointed as the chairperson of the North-East Asia Fellowship Committee, responsible for driving the activity plans in the region.
東南亞聯誼委員會	South-East Asia Fellowship Committee
 	 	東南亞聯誼委員會計劃組織一個文化交流活動, 促進不同國家的成員之間的和諧。
 	 	The South-East Asia Fellowship Committee plans to organize a cultural exchange event to promote harmony among members from different countries.
 	 	作為東南亞聯誼委員會的主席, 他強調了區域合作的重要性。
 	 	As the chairman of the South-East Asia Fellowship Committee, he emphasized the importance of regional cooperation.
 	 	國際佛光會的會員被邀請參加東南亞聯誼委員會的年度會議。
 	 	Members of the BLIA are invited to attend the annual meeting of the South-East Asia Fellowship Committee.
 	 	東南亞聯誼委員會成立了一個新項目, 旨在推廣佛教思想和價值觀。
 	 	The South-East Asia Fellowship Committee launched a new initiative aimed at promoting Buddhist teachings and values.
梵音樂舞藝術活動	Buddhist Music and Cultural Art Performance
 	 	國際佛光會舉辦了一場壯觀的梵音樂舞藝術活動，吸引了許多佛教信徒和文化愛好者參加。
 	 	The BLIA organized a spectacular Buddhist Music and Cultural Art Performance, attracting many Buddhist devotees and culture enthusiasts.
 	 	這次梵音樂舞藝術活動展示了各種傳統佛教音樂和舞蹈，讓觀眾感受到不同凡響的藝術魅力。
 	 	The Buddhist Music and Cultural Art Performance showcased various traditional Buddhist music and dance, offering the audience an extraordinary artistic charm.
 	 	參與此次梵音樂舞藝術活動的藝術家們均是一心不二地投入於推廣佛教文化的佼佼者。
 	 	The artists participating in the Buddhist Music and Cultural Art Performance were all dedicated promoters of Buddhist culture, single-heartedly committed to their cause.
 	 	在這場梵音樂舞藝術活動中，小朋友們透過欣賞表演領略到了佛教藝術的深厚底蘊。
 	 	During the Buddhist Music and Cultural Art Performance, children gained insights into the profound heritage of Buddhist arts through the performances.
榮譽總會長	Honorary President
 	 	榮譽總會長在國際佛光會的周年大會上發表了精彩的演講。
 	 	The Honorary President delivered an inspiring speech at the annual conference of BLIA.
 	 	作為榮譽總會長，他負責提供戰略指導和願景規劃。
 	 	As the Honorary President, he is responsible for providing strategic guidance and vision planning.
 	 	榮譽總會長退休後仍積極參與國際佛光會的各項活動。
 	 	Even after retirement, the Honorary President actively participates in various activities of BLIA.
 	 	新任榮譽總會長在儀式上接受了任命狀，承諾將繼續為會的發展貢獻力量。
 	 	The newly appointed Honorary President received the letter of appointment at the ceremony, promising to continue contributing to the development of the association.
檀導師	Lay Dharma Mentor
 	 	李先生被任命為國際佛光會的檀導師，負責組織每週的佛學討論。
 	 	Mr. Li was appointed as a Lay Dharma Mentor for the BLIA, responsible for organizing weekly Dharma discussions.
 	 	這位檀導師具有豐富的禪修經驗，能夠幫助初學者進入靜心的狀態。
 	 	The Lay Dharma Mentor has extensive meditation experience and can assist beginners in entering a calming state of mind.
 	 	作為檀導師，她在社區中心開設了一個系列的講座，吸引了許多學員。
 	 	As a Lay Dharma Mentor, she started a series of lectures at the community center, attracting many attendees.
 	 	國際佛光會的檀導師們每月聚會，分享他們在弘法過程中的挑戰和收穫。
 	 	The Lay Dharma Mentors of BLIA meet monthly to share their challenges and successes in the process of promoting the Dharma.
檀教師	Lay Dharma Lecturer
 	 	檀教師在這次佛學班中分享了關於慈悲的寶貴見解。
 	 	The Lay Dharma Lecturer shared valuable insights on compassion during the Buddhist class.
 	 	王女士最近被任命為國際佛光會的檀教師，負責教授佛法基礎課程。
 	 	Ms. Wang was recently appointed as a Lay Dharma Lecturer for BLIA, responsible for teaching basic Dharma courses.
 	 	作為一位檀教師，李先生每週末都會舉行共修會，帶領信眾學習佛法。
 	 	As a Lay Dharma Lecturer, Mr. Li holds group practice sessions every weekend, guiding devotees in learning the Dharma.
 	 	檀教師的演講深入淺出，使初學者也能輕鬆理解佛教的核心教義。
 	 	The Lay Dharma Lecturer's talk was insightful and accessible, allowing beginners to easily grasp the core teachings of Buddhism.
檀講師	Lay Dharma Teacher
 	 	檀講師在這次法會上分享了佛法的智慧，解答了大家的疑惑。
 	 	The Lay Dharma Teacher shared the wisdom of Dharma at the ceremony, answering everyone's questions.
 	 	作為國際佛光會的一名檀講師，他經常受邀到各地授課。
 	 	As a Lay Dharma Teacher of the BLIA, he is often invited to give lectures in different places.
 	 	檀講師以其深入淺出的教學方式，受到學員們的喜愛。
 	 	The Lay Dharma Teacher is loved by students for his clear and engaging teaching style.
 	 	她被推選為國際佛光會的檀講師，以推廣佛法教義。
 	 	She was selected as a Lay Dharma Teacher for the BLIA to promote the teachings of Dharma.
檀講師聯誼委員會	Lay Dharma Lecturers Fellowship Committee
 	 	檀講師聯誼委員會定期舉辦活動，以促進成員之間的交流和合作。
 	 	The Lay Dharma Lecturers Fellowship Committee regularly organizes events to promote communication and cooperation among its members.
 	 	作為檀講師聯誼委員會的主席，他負責籌備年度會議。
 	 	As the chairperson of the Lay Dharma Lecturers Fellowship Committee, he is responsible for organizing the annual conference.
 	 	檀講師聯誼委員會的宗旨是提供教育機會來提升講師們的佛教知識。
 	 	The mission of the Lay Dharma Lecturers Fellowship Committee is to provide educational opportunities to enhance the Buddhist knowledge of the lecturers.
 	 	她是檀講師聯誼委員會的活躍成員，經常參與各種研討會。
 	 	She is an active member of the Lay Dharma Lecturers Fellowship Committee, frequently participating in various seminars.
歐洲佛光幹部講習會	BLIA Europe Executive Seminar
 	 	歐洲佛光幹部講習會的主題是如何推廣佛教文化。
 	 	The theme of the BLIA Europe Executive Seminar was how to promote Buddhist culture.
 	 	參加歐洲佛光幹部講習會的成員們來自各個不同的國家。
 	 	Members attending the BLIA Europe Executive Seminar came from various countries.
 	 	在歐洲佛光幹部講習會中，理事會主席發表了重要講話。
 	 	During the BLIA Europe Executive Seminar, the president of the Board of Directors gave an important speech.
 	 	他在歐洲佛光幹部講習會中擔任翻譯，協助各國與會者的交流。
 	 	He served as a translator at the BLIA Europe Executive Seminar, assisting communication among participants from different countries.
歐洲聯誼委員會	Europe Fellowship Committee
 	 	歐洲聯誼委員會今天舉行了一場關於佛法的工作坊，吸引了許多會員參加。
 	 	The Europe Fellowship Committee held a workshop on Buddhism today, attracting many members to participate.
 	 	作為歐洲聯誼委員會的聯絡人，她負責協調各國會員間的交流與活動。
 	 	As the coordinator for the Europe Fellowship Committee, she is responsible for facilitating exchanges and activities among members from different countries.
 	 	歐洲聯誼委員會決定在明年舉辦一場大型的國際佛教研討會。
 	 	The Europe Fellowship Committee has decided to organize a large international Buddhist seminar next year.
 	 	在這次會議中，歐洲聯誼委員會分享了他們未來一年的活動計劃。
 	 	During this meeting, the Europe Fellowship Committee shared their activity plans for the upcoming year.
歡喜與融和	Joy and Harmony
 	 	國際佛光會的年會上，會長強調歡喜與融和的重要性，以促進會員間的團結與合作。
 	 	At the BLIA annual meeting, the president emphasized the importance of joy and harmony to promote unity and collaboration among members.
 	 	行政文書組在工作中始終秉持歡喜與融和的精神，確保了各項專案的順利進行。
 	 	The administrative documentation team always upholds the spirit of joy and harmony in their work, ensuring the smooth progress of various projects.
 	 	在家庭生活中，歡喜與融和的氣氛有助於增強親人的感情和彼此的理解。
 	 	In family life, an atmosphere of joy and harmony helps to strengthen the bonds and mutual understanding among relatives.
 	 	參加禪修營的學員們在歡喜與融和的氛圍中，感受到了內心的寧靜和平和。
 	 	Participants in the meditation retreat felt a sense of inner peace and tranquility in the atmosphere of joy and harmony.
殘障福利委員會	Support Committee for the Physically-Challenged
 	 	國際佛光會的殘障福利委員會每年舉辦一次慈善音樂會，為殘障人士籌集善款。
 	 	The Support Committee for the Physically-Challenged of BLIA organizes an annual charity concert to raise funds for individuals with disabilities.
 	 	殘障福利委員會致力於提升殘障人士的生活品質，並提供各種資源和支援。
 	 	The Support Committee for the Physically-Challenged is dedicated to enhancing the quality of life for people with disabilities by providing various resources and support.
 	 	作為殘障福利委員會的成員，她持續推動政策改進，確保每個殘障人士都能獲得應有的福利。
 	 	As a member of the Support Committee for the Physically-Challenged, she consistently advocates for policy improvements to ensure that every person with disabilities receives their rightful benefits.
 	 	殘障福利委員會在國際佛光會的理事會會議上提出了新的社區計劃，以便更好地支援殘障人士。
 	 	The Support Committee for the Physically-Challenged proposed new community programs at the BLIA's council meeting to better support individuals with disabilities.
永遠榮譽總會長	Honorary Headquarters President
 	 	在會議上，國際佛光會宣布將任命她為永遠榮譽總會長，以表彰她對組織做出的傑出貢獻。
 	 	At the meeting, the International Buddha's Light International Association announced her appointment as the Honorary Headquarters President in recognition of her outstanding contributions to the organization.
 	 	自從成為永遠榮譽總會長後，他對佛教理念的推廣更加熱忱，吸引了更多人加入這個全球性的團體。
 	 	Since becoming the Honorary Headquarters President, his enthusiasm for promoting Buddhist ideals has attracted more people to join the global organization.
 	 	永遠榮譽總會長的崇高地位使他能夠在各種國際會議上發表重要講話，推動佛教文化的交流。
 	 	The esteemed position of Honorary Headquarters President allows him to deliver important speeches at various international conferences, promoting the exchange of Buddhist culture.
 	 	她的友善和智慧讓她在擔任永遠榮譽總會長期間贏得了很多人的敬佩和尊重。
 	 	Her kindness and wisdom have earned her much admiration and respect during her tenure as Honorary Headquarters President.
法制處	Legal Affairs Office
 	 	國際佛光會的法制處負責處理與組織相關的法律事務和合規事宜。
 	 	The Legal Affairs Office of the BLIA is responsible for handling legal matters and compliance issues related to the organization.
 	 	所有與律師的會議由法制處安排和管理。
 	 	All meetings with lawyers are scheduled and managed by the Legal Affairs Office.
 	 	法制處正在進行新會員政策的法律審閱，以確保其符合國際標準。
 	 	The Legal Affairs Office is conducting a legal review of the new membership policy to ensure it complies with international standards.
 	 	法制處的人員定期參加專業培訓，以增強其法律知識和技能。
 	 	Staff from the Legal Affairs Office regularly attend professional training to enhance their legal knowledge and skills.
法制長	Legal Affairs Officer
 	 	國際佛光會的法制長負責起草和審核各項會議的法律文件。
 	 	The Legal Affairs Officer of the BLIA is responsible for drafting and reviewing the legal documents for various meetings.
 	 	作為一名法制長，他確保所有活動都符合法律規範並妥善處理相關事務。
 	 	As a Legal Affairs Officer, he ensures that all activities comply with legal standards and properly handle related matters.
 	 	法制長與理事會合作，以提供法律意見並制定新的政策。
 	 	The Legal Affairs Officer collaborates with the council to provide legal advice and formulate new policies.
 	 	在法律爭端中，法制長負責代表國際佛光會進行調解和談判。
 	 	In legal disputes, the Legal Affairs Officer is responsible for representing the BLIA in mediations and negotiations.
法寶節	Dharma Day
 	 	國際佛光會的成員們在法寶節這天齊聚一堂，聆聽法師的開示。
 	 	Members of BLIA gathered on Dharma Day to listen to the monk's teachings.
 	 	在法寶節期間，許多寺廟會舉行盛大的法會和祈福活動。
 	 	During Dharma Day, many temples hold grand Dharma assemblies and blessing ceremonies.
 	 	法寶節是一個重要的日子，信眾們誠心誦經來表達對佛法的尊敬。
 	 	Dharma Day is an important occasion when devotees sincerely chant sutras to express their respect for the Dharma.
 	 	理事會於法寶節前夕組織了一場專題討論會，鼓勵信眾深入了解佛教教義。
 	 	The BLIA Council organized a symposium on the eve of Dharma Day to encourage devotees to delve deeper into Buddhist teachings.
活動策劃委員會	Activity Planning Committee
 	 	國際佛光會的活動策劃委員會負責組織年度會議。
 	 	The BLIA Activity Planning Committee is responsible for organizing the annual conference.
 	 	這個活動策劃委員會正在為社區開發新的文化活動。
 	 	The Activity Planning Committee is developing new cultural activities for the community.
 	 	活動策劃委員會的成員來自不同背景，他們的多樣性增強了團隊的創意。
 	 	Members of the Activity Planning Committee come from diverse backgrounds, which enhances the team's creativity.
 	 	活動策劃委員會每月舉行會議以確保所有計劃順利進行。
 	 	The Activity Planning Committee holds monthly meetings to ensure all plans proceed smoothly.
獎懲評審委員會	Performance Review Committee
 	 	國際佛光會的獎懲評審委員會將負責評估所有會員的年度表現。
 	 	The Performance Review Committee of the BLIA is responsible for assessing the annual performance of all members.
 	 	在這次會議中，獎懲評審委員會決定了今年的優秀會員獎項得主。
 	 	During the meeting, the Performance Review Committee determined the awardees for this year's Outstanding Member Awards.
 	 	獎懲評審委員會的成員由各地區的會長共同選舉產生。
 	 	Members of the Performance Review Committee are elected jointly by the presidents of various regions.
 	 	為了確保公平，獎懲評審委員會制定了一套詳細的評估標準。
 	 	To ensure fairness, the Performance Review Committee has established a detailed set of evaluation criteria.
理事會	Board of Directors
 	 	國際佛光會的理事會在年中會議上通過了一項新政策。
 	 	The Board of Directors of the BLIA passed a new policy at the mid-year meeting.
 	 	理事會的成員來自不同的國家，帶來了多元的視角和經驗。
 	 	The members of the Board of Directors come from different countries, bringing diverse perspectives and experiences.
 	 	他被提名為國際佛光會理事會的副會長。
 	 	He was nominated as the Vice President of the BLIA Board of Directors.
 	 	理事會在周五上午召開緊急會議，以應對突發事件。
 	 	The Board of Directors held an emergency meeting on Friday morning to address the unexpected event.
環保與心保	Environmental and Spiritual Preservation
 	 	在國際佛光會，理事會重視環保與心保，將二者結合起來，推動綠色生活方式。
 	 	At the BLIA, the council values environmental and spiritual preservation, integrating the two to promote a green lifestyle.
 	 	會中的成員被鼓勵同時參與環保與心保的活動，以達到外在環境與內心世界的和諧。
 	 	Members of the association are encouraged to participate in activities that focus on both environmental and spiritual preservation to achieve harmony between the external environment and their inner world.
 	 	國際佛光會的主席強調，環保與心保是我們對地球及自身健康的責任。
 	 	The president of the BLIA emphasized that environmental and spiritual preservation is our responsibility toward the Earth and our health.
 	 	透過環保與心保的倡導，國際佛光會旨在樹立一個以善良和慈悲為核心的文明社會。
 	 	Through the advocacy of environmental and spiritual preservation, BLIA aims to establish a civilized society centered on kindness and compassion.
生壽婚慶儀禮	Birth and Marriage Celebrations
 	 	國際佛光會的義工在生壽婚慶儀禮中協助安排場地佈置和來賓接待。
 	 	BLIA volunteers assisted with venue setup and guest reception during the birth and marriage celebrations.
 	 	生壽婚慶儀禮是每個人生命中重要的里程碑，代表著幸福和團聚。
 	 	Birth and marriage celebrations are significant milestones in life, symbolizing happiness and reunion.
 	 	在生壽婚慶儀禮上，親友們聚集在一起，共同祝賀這些重要的時刻。
 	 	During birth and marriage celebrations, friends and family gather together to celebrate these important moments.
 	 	國際佛光會的主席在生壽婚慶儀禮的致辭中強調了愛與和諧的重要性。
 	 	The president of BLIA emphasized the importance of love and harmony in his speech at the birth and marriage celebrations.
當然主席	Ex-Officio Chairperson
 	 	在國際佛光會的會議中，當然主席需負責整個會議的主持和議程的安排。
 	 	In the International Buddha's Light Association (BLIA) meetings, the ex-officio chairperson is responsible for presiding over the entire meeting and arranging the agenda.
 	 	由於他的角色是當然主席，他有權參加所有的委員會會議。
 	 	As the ex-officio chairperson, he has the right to attend all committee meetings.
 	 	當然主席在理事會中有投票權，這使得他的意見至關重要。
 	 	The ex-officio chairperson holds voting rights in the board of directors, making his opinion crucial.
 	 	即使當然主席不能參加某次會議，他也會指定一名代理人擔此重任。
 	 	Even if the ex-officio chairperson cannot attend a particular meeting, he assigns a delegate to fulfill this role.
當然代表	Ex-Officio Delegate
 	 	作為國際佛光會的當然代表，他參加了年度大會，並負責報告過去一年的工作進展。
 	 	As an ex-officio delegate of BLIA, he attended the annual conference and was responsible for reporting on the past year's progress.
 	 	她被選為當然代表，因其在佛教慈善活動中的突出貢獻而獲得一致認可。
 	 	She was chosen as an ex-officio delegate due to her outstanding contributions to Buddhist charitable activities and received unanimous recognition.
 	 	當然代表在會議上擔任連結委員會與各分會的橋樑，確保溝通無礙。
 	 	The ex-officio delegate acted as a bridge between the committee and various chapters at the meeting, ensuring smooth communication.
 	 	他的當然代表角色使他在國際佛光會的各項決策進程中持有重要的發言權。
 	 	His role as an ex-officio delegate granted him a significant voice in the decision-making processes of BLIA.
當選證書	Election Certificate
 	 	在擔任國際佛光會( BLIA)會長後，他收到了當選證書，象徵著他的責任與承諾。
 	 	After being elected as the president of BLIA, he received the election certificate, symbolizing his responsibilities and commitment.
 	 	理事會舉辦了一個隆重的頒獎典禮，為新當選的成員頒發當選證書。
 	 	The council held a formal award ceremony to present the election certificates to the newly elected members.
 	 	當選證書在行政文書組的辦公室中存檔，作為未來的參考記錄。
 	 	The election certificate is archived in the office of the administrative documentation team for future reference.
 	 	他驕傲地展示自己的當選證書，上面簽有多位資深成員的名字。
 	 	He proudly displayed his election certificate, which bore the signatures of several senior members.
發心與發展	To Resolve and To Develop
 	 	國際佛光會理事會鼓勵會員們發心與發展，以達到個人和組織的進步。
 	 	The BLIA board encourages its members to resolve and to develop, aiming for both personal and organizational advancement.
 	 	他發心與發展，決定投身於莊嚴的佛教義工工作。
 	 	He resolved and committed to develop, choosing to engage earnestly in voluntary work at the Buddhist services.
 	 	這個項目結合瞭解發心與發展原則，以促進社區的可持續性。
 	 	The project integrates the principles of resolve and development to promote sustainability within the community.
 	 	在國際佛光會主席的帶領下，發心與發展被視為組織成功的關鍵。
 	 	Under the leadership of the BLIA president, resolve and development are viewed as key to the organization's success.
白象幹部	White Elephant Executive
 	 	在國際佛光會的會議上，白象幹部分享了幾個成功的案例，以激勵其他成員。
 	 	At the BLIA conference, the White Elephant Executive shared several success stories to inspire other members.
 	 	白象幹部負責監督國際佛光會的重大活動，以確保一切順利進行。
 	 	The White Elephant Executive is responsible for overseeing major events of the BLIA to ensure everything runs smoothly.
 	 	對於國際佛光會的成長，白象幹部扮演了至關重要的角色。
 	 	The White Elephant Executive has played a crucial role in the growth of the BLIA.
 	 	她被任命為白象幹部，主要因為她在管理上的出色能力和領導的潛力。
 	 	She was appointed as the White Elephant Executive primarily due to her outstanding management skills and leadership potential.
督導	Elder Advisor
 	 	在佛光會的年會中，許多重要決策都會徵詢督導的建議。
 	 	During the BLIA annual conference, many important decisions are made in consultation with the Elder Advisor.
 	 	這位督導在國際佛光會中以其智慧和經驗而聞名。
 	 	The Elder Advisor is renowned within the BLIA for their wisdom and experience.
 	 	他擔任督導多年，見證了組織的成長與轉變。
 	 	He has served as an Elder Advisor for many years, witnessing the growth and transformation of the organization.
 	 	督導在理事會中的發言總是受人尊重與重視。
 	 	The Elder Advisor's opinions in the council are always respected and valued.
督導聯誼委員會	Elder Advisors Fellowship Committee
 	 	國際佛光會的督導聯誼委員會負責每年舉辦全國性的成員交流活動。
 	 	The Elder Advisors Fellowship Committee of the BLIA is responsible for organizing nationwide member interaction events annually.
 	 	擔任督導聯誼委員會的主席，需要具備良好的領導能力和協調能力。
 	 	To serve as the chairperson of the Elder Advisors Fellowship Committee, one must possess excellent leadership and coordinating skills.
 	 	在佛光山的活動中，督導聯誼委員會總是提供寶貴的建議和支持。
 	 	During the events at Fo Guang Shan, the Elder Advisors Fellowship Committee consistently offers valuable recommendations and support.
 	 	他加入督導聯誼委員會，以便更好地聯絡和支持當地的佛教團體。
 	 	He joined the Elder Advisors Fellowship Committee to better connect with and support local Buddhist groups.
短期出家修道會	Short-term Monastic Retreat
 	 	她參加了由國際佛光會舉辦的短期出家修道會，體驗了佛教徒的日常生活。
 	 	She participated in a short-term monastic retreat organized by the BLIA to experience the daily life of a Buddhist monk.
 	 	這次短期出家修道會讓他對佛法有了更深刻的理解和體會。
 	 	The short-term monastic retreat gave him a deeper understanding and experience of the Dharma.
 	 	在短期出家修道會期間，參加者有機會學習冥想和佛教經典。
 	 	During the short-term monastic retreat, participants have the opportunity to learn meditation and Buddhist scriptures.
 	 	短期出家修道會提供了一個遠離世俗生活，專注於精神修煉的空間。
 	 	The short-term monastic retreat provides a space to step away from secular life and focus on spiritual cultivation.
社會慈善委員會	Social Charity Committee
 	 	國際佛光會的社會慈善委員會每年組織多次義工活動，幫助有需要的人。
 	 	The Social Charity Committee of BLIA organizes several volunteer activities each year to help those in need.
 	 	社會慈善委員會的成員們一心不二地致力於改善社區的生活品質。
 	 	Members of the Social Charity Committee single-heartedly work to improve the quality of life in the community.
 	 	今年，社會慈善委員會的主要目標是籌措資金以支援教育項目。
 	 	This year, the Social Charity Committee's main goal is to raise funds to support educational programs.
 	 	作為國際佛光會理事會的一部分，社會慈善委員會始終如一地推動社會正能量。
 	 	As part of the BLIA Council, the Social Charity Committee consistently promotes positive social energy.
社會教化委員會	Social Enrichment Committee
 	 	國際佛光會的社會教化委員會以推廣道德教育為目標，致力於社會和諧。
 	 	The Social Enrichment Committee of BLIA aims to promote moral education and is dedicated to social harmony.
 	 	社會教化委員會的成員每月舉行一次會議，討論如何加強社區的文化活動。
 	 	Members of the Social Enrichment Committee hold a monthly meeting to discuss ways to enhance cultural activities in the community.
 	 	作為社會教化委員會的副會長，他主導了多項社會服務計劃的推行。
 	 	As the vice-chairman of the Social Enrichment Committee, he led the implementation of several social service projects.
 	 	社會教化委員會計畫明年展開一系列的公眾演講，促進社會凝聚力。
 	 	The Social Enrichment Committee plans to launch a series of public talks next year to foster social cohesion.
社會福利委員會	Social Welfare Committee
 	 	國際佛光會的社會福利委員會致力於推動社會服務活動，以提升社區的福祉。
 	 	The Social Welfare Committee of the BLIA is dedicated to promoting social service activities to enhance the well-being of the community.
 	 	社會福利委員會將舉辦年度募款活動，以籌集資金支持弱勢群體。
 	 	The Social Welfare Committee will host its annual fundraising event to raise funds to support disadvantaged groups.
 	 	作為社會福利委員會的一員，她熱衷於參與各類義工服務，貢獻其時間與精力。
 	 	As a member of the Social Welfare Committee, she is passionate about participating in various volunteer services, contributing her time and efforts.
 	 	社會福利委員會最近推出了一項新計劃，旨在改善老年人的生活品質。
 	 	The Social Welfare Committee recently launched a new program aimed at improving the quality of life for the elderly.
社會關懷組	Community Services Unit
 	 	國際佛光會的社會關懷組最近舉辦了一場關愛老人的活動，吸引了眾多志工參與。
 	 	The Community Services Unit of the BLIA recently organized an event focused on elderly care, attracting numerous volunteers.
 	 	社會關懷組在疫情期間發放了數千份食品包，以協助困難中的家庭。
 	 	During the pandemic, the Community Services Unit distributed thousands of food packages to assist families in need.
 	 	在國際佛光會的年度大會上，社會關懷組的成員分享了他們的最新成果和未來計劃。
 	 	At the BLIA annual conference, members of the Community Services Unit shared their latest achievements and future plans.
 	 	社會關懷組一直致力於推動社區的和諧與關懷文化，每月舉辦多元化的社區活動。
 	 	The Community Services Unit is committed to promoting harmony and a culture of care in the community by organizing diverse activities every month.
祈求世界和平活動	Prayer for World Peace Ceremony
 	 	國際佛光會在年度祈求世界和平活動中吸引了成千上萬的參與者。
 	 	Thousands of participants were drawn to the annual Prayer for World Peace Ceremony organized by BLIA.
 	 	祈求世界和平活動旨在透過共同的冥想和祈禱來促進全球和諧。
 	 	The Prayer for World Peace Ceremony aims to promote global harmony through collective meditation and prayers.
 	 	BLIA的行政文書組負責組織和協調這場祈求世界和平的活動。
 	 	BLIA's Administrative Secretariat is responsible for organizing and coordinating the Prayer for World Peace Ceremony.
 	 	作為祈求世界和平活動的一部分，會長在開幕致辭中強調了和平的重要性。
 	 	As part of the Prayer for World Peace Ceremony, the President emphasized the importance of peace in her opening remarks.
禪淨修持組	Ch'an and Pure Land Cultivation Unit
 	 	國際佛光會的禪淨修持組每週定期舉辦靜坐與念佛活動，吸引了許多信眾參加。
 	 	The Ch'an and Pure Land Cultivation Unit of BLIA holds regular weekly meditation and chanting sessions, attracting many practitioners.
 	 	她在禪淨修持組中擔任指導老師，幫助會員靜心與專注。
 	 	She serves as an instructor in the Ch'an and Pure Land Cultivation Unit, helping members focus and attain mindfulness.
 	 	禪淨修持組的年度活動營提供了一個深入學習佛教禪修和淨土法門的機會。
 	 	The annual retreat organized by the Ch'an and Pure Land Cultivation Unit offers an opportunity for in-depth learning of Buddhist Ch'an meditation and Pure Land practices.
 	 	為了提升個人的修持水平，他決定加入國際佛光會的禪淨修持組。
 	 	To enhance his personal cultivation, he decided to join the Ch'an and Pure Land Cultivation Unit of BLIA.
禪淨共修獻燈祈福法會	Chan and Pure Land Prayer Service
 	 	國際佛光會(BLIA)舉辦了禪淨共修獻燈祈福法會，成員們齊聚一堂，祈求世界和平。
 	 	The Buddha's Light International Association (BLIA) hosted a Chan and Pure Land Prayer Service, where members gathered to pray for world peace.
 	 	在禪淨共修獻燈祈福法會上，會長分享了關於如何在日常生活中實踐佛法的心得。
 	 	During the Chan and Pure Land Prayer Service, the president shared insights on practicing Buddhism in daily life.
 	 	參加禪淨共修獻燈祈福法會的信眾將點燃的燈籠排列成祈福的圖案。
 	 	Participants of the Chan and Pure Land Prayer Service arranged the lit lanterns into a pattern symbolizing prayers for blessings.
 	 	禪淨共修獻燈祈福法會不僅提供了修行的機會，也加深了成員之間的友誼。
 	 	The Chan and Pure Land Prayer Service not only provided an opportunity for spiritual practice but also deepened the friendship among members.
禪淨密三修獻燈祈福法會	Chan, Pure Land, and Esoteric Dharma Function and Light Offering Ceremony
 	 	國際佛光會的會員們齊聚一堂，參加禪淨密三修獻燈祈福法會，祈願世界和平。
 	 	Members of BLIA gathered together to attend the Chan, Pure Land, and Esoteric Dharma Function and Light Offering Ceremony, praying for world peace.
 	 	在禪淨密三修獻燈祈福法會上，會長致辭表示希望藉此活動凝聚信眾和信仰的力量。
 	 	During the Chan, Pure Land, and Esoteric Dharma Function and Light Offering Ceremony, the president expressed hopes to unite the strength of devotees and faith through this event.
 	 	為了籌備禪淨密三修獻燈祈福法會，行政文書組忙碌地安排一切事宜，確保活動順利進行。
 	 	To prepare for the Chan, Pure Land, and Esoteric Dharma Function and Light Offering Ceremony, the administrative documentation team busily arranged everything to ensure the event proceeded smoothly.
 	 	這場禪淨密三修獻燈祈福法會吸引了大量信眾參加，大家在心中默默許願，希望家庭幸福安康。
 	 	The Chan, Pure Land, and Esoteric Dharma Function and Light Offering Ceremony attracted a large number of devotees, who silently made wishes in their hearts for family happiness and well-being.
禪與生活	Chan and Life
 	 	禪與生活的結合讓我們以更清晰和平靜的心態面對日常挑戰。
 	 	The integration of Chan and life allows us to face daily challenges with a clearer and more peaceful mindset.
 	 	通過禪與生活的修行，他找到了內心的平和與滿足。
 	 	Through the practice of Chan and life, he found inner peace and contentment.
 	 	國際佛光會理事會推廣禪與生活的活動，以提升會員的精神健康。
 	 	The BLIA Council promotes activities of Chan and life to enhance the spiritual well-being of its members.
 	 	她在國際佛光會擔任主席期間，強調禪與生活的教育，讓更多人受益。
 	 	During her tenure as a chairperson in BLIA, she emphasized education in Chan and Life, benefiting more people.
秘書處	Secretarial Affairs Office
 	 	國際佛光會的秘書處負責日常的行政工作，確保組織運行順暢。
 	 	The Secretarial Affairs Office of the BLIA is responsible for daily administrative tasks, ensuring the organization's smooth operation.
 	 	她在國際佛光會的秘書處工作多年，積累了豐富的經驗與技能。
 	 	She has worked in the Secretarial Affairs Office of the BLIA for many years, accumulating a wealth of experience and skills.
 	 	秘書處的員工們協力合作，以達成國際佛光會的各項活動目標。
 	 	The staff at the Secretarial Affairs Office collaborate to achieve the goals of various BLIA events and activities.
 	 	最近，秘書處引入了一套新系統，以提高工作效率和文件管理。
 	 	Recently, the Secretarial Affairs Office has implemented a new system to enhance work efficiency and document management.
秘書長	Secretary-General
 	 	國際佛光會的秘書長負責協調各分會的活動，確保資訊的流暢交流。
 	 	The Secretary-General of the BLIA is responsible for coordinating activities across chapters and ensuring smooth communication of information.
 	 	在法會上，秘書長發表了關於我們未來計畫的重要演講。
 	 	At the Dharma assembly, the Secretary-General delivered an important speech about our future plans.
 	 	秘書長的任務是促進組織內部的和諧與效率。
 	 	The Secretary-General's task is to promote harmony and efficiency within the organization.
 	 	秘書長每天都要處理大量的行政事務，確保各項工作的正常運作。
 	 	The Secretary-General deals with a large amount of administrative tasks every day to ensure the smooth running of operations.
章程	Articles of Incorporation
 	 	國際佛光會的章程詳細規範了組織的宗旨、目標和管理結構。
 	 	The Articles of Incorporation of the BLIA detail the organization's purpose, objectives, and management structure.
 	 	修改章程需要得到國際佛光會理事會的批准。
 	 	Amendments to the Articles of Incorporation require approval from the BLIA Board of Directors.
 	 	新會員需要認同並遵循國際佛光會的章程。
 	 	New members are required to acknowledge and adhere to the BLIA's Articles of Incorporation.
 	 	國際佛光會的章程在年度大會上被重新審視與確認。
 	 	The BLIA's Articles of Incorporation are reviewed and reaffirmed at the annual conference.
第一次世界大會	BLIA First General Conference
 	 	國際佛光會第一次世界大會在洛杉磯隆重召開，吸引了世界各地的成員參加。
 	 	The BLIA First General Conference was grandly held in Los Angeles, attracting members from all over the world.
 	 	在第一次世界大會上，會長發表了富有啟發性的演講。
 	 	During the BLIA First General Conference, the president delivered an inspiring speech.
 	 	第一次世界大會締造了一個團結和合作的平台，促進了國際佛光會的全球聯繫。
 	 	The BLIA First General Conference established a platform for unity and collaboration, enhancing BLIA's global connections.
 	 	許多未來的計劃和策略在第一次世界大會上討論並確立。
 	 	Many future plans and strategies were discussed and established at the BLIA First General Conference.
第二屆第四次理事會	Fourth Meeting of the Second Board of Directors
 	 	在國際佛光會第二屆第四次理事會上，成員們討論了未來一年的發展策略。
 	 	During the Fourth Meeting of the Second Board of Directors of BLIA, members discussed development strategies for the upcoming year.
 	 	國際佛光會會長在第二屆第四次理事會上強調了佛教慈善工作的重要性。
 	 	The President of BLIA emphasized the importance of Buddhist charity work at the Fourth Meeting of the Second Board of Directors.
 	 	第二屆第四次理事會由於諸多議題而開會時間延長。
 	 	The Fourth Meeting of the Second Board of Directors was extended due to numerous agenda items.
 	 	國際佛光會的成員們努力在第二屆第四次理事會中達成共識，以促進組織的發展。
 	 	Members of BLIA strived to reach a consensus during the Fourth Meeting of the Second Board of Directors to promote the growth of the organization.
籌備會	Organizing Committee
 	 	國際佛光會的籌備會正在策劃下一屆大會的各項事宜。
 	 	The Organizing Committee of BLIA is planning various aspects of the upcoming conference.
 	 	籌備會集合了各個單位的代表，共同協調今年的活動安排。
 	 	The Organizing Committee gathered representatives from various departments to coordinate this year's event arrangement.
 	 	她被選為籌備會的主席，負責指導整個籌備過程。
 	 	She was appointed as the chairperson of the Organizing Committee, responsible for overseeing the entire preparation process.
 	 	籌備會每週定期開會，以確保所有的準備工作都按時完成。
 	 	The Organizing Committee meets weekly to ensure all preparations are completed on time.
籌建佛光休閒中心委員會	Buddha's Light Resort Planning Committee
 	 	籌建佛光休閒中心委員會於今年成立，旨在推廣佛教文化休閒活動。
 	 	The Buddha's Light Resort Planning Committee was established this year with the aim of promoting Buddhist cultural leisure activities.
 	 	會長於會議中強調籌建佛光休閒中心委員會的重要性，以促進地方經濟發展。
 	 	The president highlighted the importance of the Buddha's Light Resort Planning Committee during the meeting to boost local economic development.
 	 	籌建佛光休閒中心委員會正在徵求志願者，協助未來活動的策劃與執行。
 	 	The Buddha's Light Resort Planning Committee is seeking volunteers to assist in the planning and execution of future events.
 	 	理事會欣然批准了籌建佛光休閒中心委員會的預算，以推動項目的順利進行。
 	 	The council gladly approved the budget for the Buddha's Light Resort Planning Committee to ensure the smooth progress of the project.
素食品嚐會	Vegetarian Food Fair
 	 	國際佛光會正在舉辦一場素食品嚐會，邀請大家前來品嚐健康美味的素食佳餚。
 	 	The Buddha's Light International Association is hosting a Vegetarian Food Fair, inviting everyone to taste delicious and healthy vegetarian cuisine.
 	 	素食品嚐會上有來自世界各地的各式素食，讓人目不暇給。
 	 	The Vegetarian Food Fair features a wide variety of vegetarian dishes from around the world, offering a feast for the eyes and the palate.
 	 	素食品嚐會的目的是推廣環保飲食和低碳生活。
 	 	The aim of the Vegetarian Food Fair is to promote eco-friendly eating and low-carbon living.
 	 	為了支持素食品嚐會，許多當地餐廳也加入提供特製的素食佳肴。
 	 	To support the Vegetarian Food Fair, many local restaurants have also joined in, offering specially crafted vegetarian dishes.
組織圖例	Organization Chart
 	 	國際佛光會設計了一個詳細的組織圖例，以清晰地展示各部門之間的關係。
 	 	The BLIA designed a detailed organization chart to clearly show the relationships between different departments.
 	 	行政文書組更新了組織圖例，以反映最新的職位變動。
 	 	The Administration and Documentation Unit updated the organization chart to reflect the latest changes in positions.
 	 	新入職的員工通過組織圖例了解了各個部門和他們的職責。
 	 	The new employees learned about the different departments and their responsibilities through the organization chart.
 	 	會長會議時，組織圖例被用來說明提案的結構和資源的分配。
 	 	During the president's meeting, the organization chart was used to explain the proposal's structure and resource allocation.
網路資訊組	Internet Unit
 	 	國際佛光會的網路資訊組負責更新和維護網站內容。
 	 	The Internet Unit of the BLIA is responsible for updating and maintaining the website content.
 	 	網路資訊組正在開發一個新的在線系統，以提高會員之間的互動。
 	 	The Internet Unit is developing a new online system to enhance interactions among members.
 	 	會長要求網路資訊組加強數據保護措施以確保資訊安全。
 	 	The president requested the Internet Unit to enhance data protection measures to ensure information security.
 	 	網路資訊組組織了一次培訓，幫助志工增進他們的數位技能。
 	 	The Internet Unit organized a training session to help volunteers improve their digital skills.
總務管理組	General Affairs Unit
 	 	總務管理組負責組織所有重要的活動，確保每個細節都完美無瑕。
 	 	The General Affairs Unit is responsible for organizing all major events, ensuring every detail is flawless.
 	 	如果您對會堂設施有任何疑問，可以聯繫我們的總務管理組。
 	 	If you have any questions about the facility, you can contact our General Affairs Unit.
 	 	總務管理組的成員來自不同國家，展現了國際佛光會的多元化。
 	 	Members of the General Affairs Unit come from different countries, showcasing the diversity of BLIA.
 	 	今年，我們將為總務管理組提供一系列的專業培訓，以提升他們的能力。
 	 	This year, we will provide a series of professional training sessions for the General Affairs Unit to enhance their capabilities.
總會長	President (BLIA World HQ)
 	 	國際佛光會總會長在年度大會上闡述了未來一年的計劃和目標。
 	 	The President of BLIA World HQ outlined the plans and goals for the coming year at the annual conference.
 	 	總會長訪問了各地分會，與會員們分享他在推動佛教事務方面的經驗。
 	 	The President of BLIA World HQ visited various chapters to share his experiences in promoting Buddhist affairs.
 	 	在全球疫情期間，總會長呼籲各地會員加強社會服務，幫助受影響的社群。
 	 	During the global pandemic, the President of BLIA World HQ urged members worldwide to enhance social services and assist affected communities.
 	 	總會長強調了國際佛光會在促進跨文化理解與和諧方面的重要作用。
 	 	The President of BLIA World HQ emphasized the important role of BLIA in promoting cross-cultural understanding and harmony.
署理會長	Acting President (BLIA World HQ)
 	 	在會長出訪期間，由署理會長主持會議，確保國際佛光會的運行不受影響。
 	 	During the president's overseas trip, the Acting President (BLIA World HQ) presided over the meeting to ensure the seamless operation of the BLIA.
 	 	署理會長積極推進佛光會的各項活動，增強全球成員之間的聯繫。
 	 	The Acting President (BLIA World HQ) actively facilitated various activities of the BLIA, strengthening the connections among its global members.
 	 	署理會長於今年上半年參加了多個國際佛教論壇，代表佛光會發表演講。
 	 	The Acting President (BLIA World HQ) attended several international Buddhist forums this past semester, delivering speeches on behalf of the BLIA.
 	 	在署理會長帶領下，國際佛光會的新增會員數量達到了歷史新高。
 	 	Under the leadership of the Acting President (BLIA World HQ), the number of new members joining the BLIA reached a record high.
美中聯誼委員會	America Central Fellowship Committee
 	 	美中聯誼委員會定期舉辦文化交流活動，促進中美兩國人民的相互理解。
 	 	The America Central Fellowship Committee regularly organizes cultural exchange events to promote mutual understanding between the people of China and the United States.
 	 	在國際佛光會的支持下，美中聯誼委員會成功舉辦了一場慈善晚宴，籌集了大量善款。
 	 	With support from the BLIA, the America Central Fellowship Committee successfully hosted a charity dinner, raising significant funds.
 	 	美中聯誼委員會會長在年終總結會上表彰了多位傑出的志工和成員。
 	 	At the year-end summary meeting, the President of the America Central Fellowship Committee recognized several outstanding volunteers and members.
 	 	美中聯誼委員會的年度報告顯示了過去一年在促進國際合作中的多項成就。
 	 	The annual report of the America Central Fellowship Committee highlighted numerous achievements in promoting international cooperation over the past year.
美東聯誼委員會	America East Fellowship Committee
 	 	國際佛光會美東聯誼委員會將主辦年度佛學講座，歡迎所有會員參加。
 	 	The America East Fellowship Committee of BLIA will host the annual Buddhist lecture series, welcoming all members to attend.
 	 	美東聯誼委員會的成員共同努力組織了這次成功的募款晚宴。
 	 	The members of the America East Fellowship Committee worked together to organize this successful fundraising dinner.
 	 	作為美東聯誼委員會的主席，她積極推動跨文化交流活動。
 	 	As the chairperson of the America East Fellowship Committee, she actively promotes cross-cultural exchange programs.
 	 	美東聯誼委員會討論了增強會員聯繫的方法，並計劃未來一年的活動日程。
 	 	The America East Fellowship Committee discussed ways to enhance member connections and planned the event schedule for the upcoming year.
美西聯誼委員會	America West Fellowship Committee
 	 	國際佛光會美西聯誼委員會計劃舉辦一場大型的佛學研討會，吸引了數百名參加者。
 	 	The BLIA America West Fellowship Committee is planning to host a large-scale Buddhist seminar, attracting hundreds of participants.
 	 	作為美西聯誼委員會的成員，她有機會協助組織許多次社區服務活動。
 	 	As a member of the America West Fellowship Committee, she has the opportunity to help organize numerous community service activities.
 	 	美西聯誼委員會正在尋求志願者以協助年度慶典的籌備工作。
 	 	The America West Fellowship Committee is seeking volunteers to assist in organizing the annual celebration.
 	 	他在美西聯誼委員會的貢獻獲得了理事會的高度讚揚。
 	 	His contributions to the America West Fellowship Committee were highly praised by the council.
聘任證書	Employment Certificate
 	 	國際佛光會(BLIA)為新任會長頒發了聘任證書，以表彰其領導地位。
 	 	BLIA issued an employment certificate to the newly appointed president to acknowledge their leadership position.
 	 	當他加入國際佛光會的理事會時，他收到了一份正式的聘任證書。
 	 	When he joined the board of directors at BLIA, he received an official employment certificate.
 	 	這份聘任證書證明她在國際佛光會的行政文書組中擔任了重要角色。
 	 	This employment certificate proves her crucial role in the administrative documentation division of BLIA.
 	 	每位新成員在加入國際佛光會的團隊時都會獲得一份聘任證書。
 	 	Every new member receives an employment certificate upon joining the team at BLIA.
聘任辦法	Employment Procedure
 	 	根據國際佛光會的聘任辦法，所有新職員必須完成三個月的培訓期。
 	 	According to the Employment Procedure of BLIA, all new staff members must complete a three-month training period.
 	 	理事會正在修訂聘任辦法，以確保所有員工享有平等的機會。
 	 	The board of directors is revising the Employment Procedure to ensure equal opportunities for all employees.
 	 	她在瞭解了聘任辦法後，決定申請國際佛光會的行政職位。
 	 	After understanding the Employment Procedure, she decided to apply for an administrative position at the BLIA.
 	 	聘任辦法詳細列出了各種職位的責任和權利，確保運作的透明性。
 	 	The Employment Procedure details the responsibilities and rights of various positions, ensuring operational transparency.
聘書	Employment Contract
 	 	他在加入國際佛光會擔任會長時，收到了正式的聘書。
 	 	He received an official employment contract when he joined the Buddha's Light International Association as the Chairman.
 	 	國際佛光會的行政文書組負責準備新成員的聘書。
 	 	The Document Administration Unit of the Buddha's Light International Association is responsible for preparing employment contracts for new members.
 	 	在簽署聘書之前，請仔細檢查所有條款和細節。
 	 	Please review all terms and details carefully before signing the employment contract.
 	 	她對於國際佛光會提供的聘書感到非常滿意，因為它符合她的期望。
 	 	She was very satisfied with the employment contract offered by the Buddha's Light International Association as it met her expectations.
職訓聯絡組	Training & Development Unit
 	 	國際佛光會的職訓聯絡組最近更新了培訓課程，以提高成員的技能。
 	 	The BLIA's Training & Development Unit recently updated their training programs to enhance members' skills.
 	 	她在職訓聯絡組的工作中展現了卓越的組織能力，使所有活動井然有序。
 	 	She demonstrated exceptional organizational skills in her role at the Training & Development Unit, ensuring all activities ran smoothly.
 	 	校友們可以透過職訓聯絡組的活動網絡，獲得更多的職業發展機會。
 	 	Alumni can access more career development opportunities through the network of activities organized by the Training & Development Unit.
 	 	這次會議由職訓聯絡組策劃，旨在幫助新進成員適應組織的工作文化。
 	 	The conference, organized by the Training & Development Unit, aims to help new members adapt to the organization’s work culture.
自然與生命	Nature and Life
 	 	他總是喜歡在大自然中漫步，感受自然與生命的和諧。
 	 	He always loves to take walks in nature, feeling the harmony of nature and life.
 	 	這本書探討了自然與生命的關係，並如何保持這種和諧。
 	 	This book explores the relationship between nature and life and how to maintain this harmony.
 	 	她通過冥想來體會自然與生命之美，使心靈得到淨化。
 	 	She experiences the beauty of nature and life through meditation, cleansing her mind.
 	 	在國際佛光會的環保活動中，成員們學習到了保護自然與生命的重要性。
 	 	During BLIA's environmental activities, members learned the importance of protecting nature and life.
自覺與行佛	Self-awareness and Practicing the Buddha’s Way
 	 	他每天早晨都會靜坐以提升自覺與行佛的能力。
 	 	He meditates every morning to enhance his self-awareness and practice the Buddha’s way.
 	 	自覺與行佛之道，幫助她在逆境中保持平和的心態。
 	 	Self-awareness and practicing the Buddha’s way help her maintain a calm mindset during adversity.
 	 	國際佛光會的會長強調自覺與行佛的重要性，作為精神修行的核心。
 	 	The President of BLIA emphasized the importance of self-awareness and practicing the Buddha’s way as the core of spiritual cultivation.
 	 	透過自覺與行佛，他逐漸看到了生命的本質，並找到了內心的平靜。
 	 	Through self-awareness and practicing the Buddha’s way, he gradually saw the essence of life and found inner peace.
花藝大展	Floral Exhibition
 	 	國際佛光會的會員們正在籌備一場盛大的花藝大展，期待吸引眾多愛好者參加。
 	 	The members of BLIA are organizing a grand floral exhibition, hoping to attract many enthusiasts.
 	 	花藝大展展示了來自世界各地的花卉藝術作品，展現了不同文化的美麗。
 	 	The floral exhibition showcased floral art from around the world, reflecting the beauty of different cultures.
 	 	作為國際佛光會的活動，這次花藝大展還包括一系列精彩的工作坊和講座。
 	 	As an event by BLIA, the floral exhibition also includes a series of engaging workshops and lectures.
 	 	我最喜歡的花藝大展部分是那些用花材創作的各種創新設計。
 	 	My favorite part of the floral exhibition was the innovative designs created using flower materials.
菩提眷屬	Bodhi Couple
 	 	他們被稱為佛門中的菩提眷屬，因為他們不僅在家中互相支持，也在修行上互相成長。
 	 	They are referred to as a Bodhi Couple in the Buddhist community because they not only support each other at home but also grow together in their spiritual practice.
 	 	作為菩提眷屬，他們共同致力於推廣佛教教育，並積極參加國際佛光會(BLIA)的活動。
 	 	As a Bodhi Couple, they are committed to promoting Buddhist education and actively participate in BLIA activities.
 	 	在國際佛光會(BLIA)的年會上，這對菩提眷屬被表彰為該年度最具影響力的佛教家庭。
 	 	At the BLIA annual conference, this Bodhi Couple was recognized as the most influential Buddhist family of the year.
 	 	他們在自己的社區中樹立了作為菩提眷屬的榜樣，展示了佛教信仰在家庭生活中的重要性。
 	 	They set an example as a Bodhi Couple in their community, demonstrating the importance of Buddhist faith in family life.
菩提種子	bodhi seeds
 	 	在佛教中，菩提種子象徵著覺悟和智慧。
 	 	In Buddhism, bodhi seeds symbolize enlightenment and wisdom.
 	 	他們在寺廟的花園中種下菩提種子，希望能啟發更多人的靈性之路。
 	 	They planted bodhi seeds in the temple's garden, hoping to inspire more people's spiritual journey.
 	 	這些菩提種子被視為神聖的象徵，許多人會將它們製成念珠。
 	 	These bodhi seeds are considered sacred symbols, and many people fashion them into prayer beads.
 	 	國際佛光會的青年理事會成員將菩提種子分發給參加活動的各界人士，傳遞和平與善良的訊息。
 	 	Members of the BLIA Youth Council distributed bodhi seeds to participants, spreading messages of peace and goodwill.
菩薩與義工	Bodhisattva and Volunteer
 	 	國際佛光會的義工們如同菩薩般服務人群，無私奉獻。
 	 	The volunteers of the BLIA serve the community like Bodhisattvas, with selfless dedication.
 	 	每位義工都可以視為現代的菩薩，因為他們致力於減輕他人的痛苦。
 	 	Each volunteer can be seen as a modern-day Bodhisattva as they are committed to alleviating the suffering of others.
 	 	在會長的帶領下，義工們學習菩薩的精神，努力在社區中傳播慈悲和智慧。
 	 	Under the president's leadership, the volunteers learn the spirit of the Bodhisattva, striving to spread compassion and wisdom within the community.
 	 	行政文書組的義工們就像菩薩一樣，在幕後默默無聞地支持所有活動。
 	 	Volunteers in the administrative documentation group are like Bodhisattvas, quietly supporting all events from behind the scenes.
蔬食A計畫	Vege Plan A
 	 	國際佛光會正在推行蔬食A計畫，以提高人們對健康飲食的關注。
 	 	BLIA is implementing Vege Plan A to raise awareness about healthy eating.
 	 	許多成員報名參加了蔬食A計畫的活動，希望改善自己的飲食習慣。
 	 	Many members signed up for activities under Vege Plan A, hoping to improve their eating habits.
 	 	蔬食A計畫的目標是鼓勵更多人選擇素食，以減少對環境的負擔。
 	 	The goal of Vege Plan A is to encourage more people to choose vegetarianism and reduce environmental impact.
 	 	在蔬食A計畫下，國際佛光會推出了一系列新的素食菜譜。
 	 	Under Vege Plan A, BLIA has launched a series of new vegetarian recipes.
行政文書組	Administration Unit
 	 	國際佛光會的行政文書組負責處理所有會議的紀錄和文件。
 	 	The Administration Unit of BLIA is responsible for managing all meeting records and documents.
 	 	每當有大型活動時，行政文書組都需要加班確保一切準備就緒。
 	 	Whenever there's a major event, the Administration Unit has to work overtime to ensure everything is ready.
 	 	行政文書組的人員需要擁有強大的組織和溝通能力。
 	 	Members of the Administration Unit need to possess strong organizational and communication skills.
 	 	她在行政文書組的工作表現一向出色，獲得了會長的讚賞。
 	 	Her performance in the Administration Unit has always been outstanding, earning her praise from the president.
行腳托缽	Alms Procession
 	 	每年，國際佛光會的會長會帶領僧侶們進行行腳托缽，以推廣慈善和祈願世界和平。
 	 	Every year, the President of the BLIA leads monks in an alms procession to promote charity and pray for world peace.
 	 	行腳托缽是佛教僧侶每日生活的一部分，他們以此方式接受供養並教導世人佈施的重要性。
 	 	The alms procession is a part of the daily life of Buddhist monks, through which they receive offerings and teach the importance of giving.
 	 	參與行腳托缽的活動讓我深刻體會到簡單生活與感恩的意義。
 	 	Participating in the alms procession activity allowed me to deeply understand the meaning of simple living and gratitude.
 	 	週末的早晨，國際佛光會的理事會安排了一場行腳托缽，吸引了眾多信眾參加。
 	 	On a weekend morning, the BLIA's Council organized an alms procession, attracting many devotees to participate.
覺世旬刊	Awaken The World Journal
 	 	《覺世旬刊》為讀者提供了深刻的佛學見解和時事觀點。
 	 	The Awaken The World Journal provides readers with profound Buddhist insights and viewpoints on current affairs.
 	 	國際佛光會（BLIA）每月定期舉辦《覺世旬刊》專題討論會，吸引了很多信徒參加。
 	 	BLIA holds regular monthly symposiums on the Awaken The World Journal, attracting many followers to participate.
 	 	編輯們為確保《覺世旬刊》的內容既豐富又啟發人心，付出了很多努力。
 	 	The editors have put in much effort to ensure that the contents of the Awaken The World Journal are both enriching and inspiring.
 	 	我每個月都期待著《覺世旬刊》的發行，它帶給我無限的思考和啟示。
 	 	I look forward to the release of the Awaken The World Journal every month, as it brings me endless thoughts and inspiration.
觀察員	Observer
 	 	作為國際佛光會的觀察員，他負責記錄會議中的重要討論和決策。
 	 	As an observer for the BLIA, he was responsible for documenting key discussions and decisions at the meeting.
 	 	觀察員在禮儀活動中保持謹慎，以確保一切都能和諧地進行。
 	 	The observer remained vigilant during the ceremonial event to ensure everything proceeded harmoniously.
 	 	她被選為佛學研討會的觀察員，以便對整個過程進行客觀評估。
 	 	She was selected as an observer for the Buddhist seminar to provide an objective evaluation of the process.
 	 	這位觀察員的報告在理事會的戰略規劃中發揮了至關重要的作用。
 	 	The observer's report played a crucial role in the strategic planning of the BLIA council.
觀禮員	Spectator
 	 	作為觀禮員，他有機會參加國際佛光會舉辦的隆重儀式。
 	 	As a spectator, he had the opportunity to attend the grand ceremony organized by the BLIA.
 	 	觀禮員們都靜靜地觀賞佛光會的年度表演。
 	 	The spectators quietly enjoyed the annual performance by the BLIA.
 	 	許多觀禮員對今年法會的精彩安排讚譽不已。
 	 	Many spectators praised the wonderful arrangements of this year's Dharma assembly.
 	 	觀禮員需要提前登記才能參加這場重要的活動。
 	 	Spectators need to register in advance to attend this significant event.
調解聯誼委員會	Mediation Committee
 	 	國際佛光會的調解聯誼委員會致力於促進會員之間的和平解決衝突。
 	 	The Mediation Committee of BLIA is dedicated to promoting peaceful conflict resolution among its members.
 	 	他在調解聯誼委員會擔任多年的主席，努力促進各方的對話。
 	 	He served as the chairman of the Mediation Committee for many years, striving to promote dialogue among all parties.
 	 	調解聯誼委員會最近成功調解了一起成員之間的爭端，顯示其在糾紛解決方面的專業性。
 	 	The Mediation Committee recently successfully mediated a dispute between members, demonstrating their expertise in conflict resolution.
 	 	加入調解聯誼委員會的志願者接受了專門訓練，以提升他們的協調能力。
 	 	Volunteers joining the Mediation Committee undergo special training to improve their coordination skills.
護法敬僧委員會	Dharma and Sangha Affairs Committee
 	 	護法敬僧委員會負責策劃每年一次的僧伽關懷活動。
 	 	The Dharma and Sangha Affairs Committee is responsible for organizing the annual Sangha care event.
 	 	在上次會議中，護法敬僧委員會決定設立新的獎學金來支持年輕僧人。
 	 	At the last meeting, the Dharma and Sangha Affairs Committee decided to establish a new scholarship to support young monks.
 	 	護法敬僧委員會的成員們齊心協力，確保整個慶典順利進行。
 	 	Members of the Dharma and Sangha Affairs Committee worked together to ensure the smooth running of the entire celebration.
 	 	年度報告中顯示，護法敬僧委員會在推動國際佛光會的精神關懷議題上成就顯著。
 	 	The annual report showed that the Dharma and Sangha Affairs Committee made significant achievements in promoting spiritual care initiatives within BLIA.
讀書會帶領人講習會	Humanistic Buddhism Reading Group Facilitator’s Training Seminar
 	 	這次的讀書會帶領人講習會吸引了來自全國的五十位參加者，他們都渴望學習如何更好地推廣人間佛教。
 	 	This Humanistic Buddhism Reading Group Facilitator’s Training Seminar attracted fifty participants from across the country, all eager to learn how to better promote Humanistic Buddhism.
 	 	國際佛光會的理事會組織這個讀書會帶領人講習會，以增強會內成員的帶領能力和佛學知識。
 	 	The BLIA's board organized this Humanistic Buddhism Reading Group Facilitator’s Training Seminar to enhance the leadership skills and Buddhist knowledge of its members.
 	 	參加者反映這次讀書會帶領人講習會的內容豐富且實用，讓他們受益匪淺。
 	 	Participants reported that the content of the Humanistic Buddhism Reading Group Facilitator’s Training Seminar was rich and practical, providing them with immense benefits.
 	 	讀書會帶領人講習會結束時，會長親自頒發結業證書給所有完成課程的學員。
 	 	At the conclusion of the Humanistic Buddhism Reading Group Facilitator’s Training Seminar, the president personally awarded certificates of completion to all participants who finished the program.
讀書發表會	Buddhism Study Workshop
 	 	今年的讀書發表會將在國際佛光會會議廳舉行，歡迎所有會員參加。
 	 	This year's Buddhism Study Workshop will be held at the BLIA conference hall, and all members are welcome to attend.
 	 	讀書發表會是深入學習佛教經典和交流心得的好機會。
 	 	The Buddhism Study Workshop is an excellent opportunity for in-depth study of Buddhist scriptures and exchanging insights.
 	 	她在讀書發表會上分享了自己對《心經》的見解，獲得許多人的認同。
 	 	She shared her insights on the Heart Sutra at the Buddhism Study Workshop, gaining recognition from many attendees.
 	 	透過參加讀書發表會，信眾們加深了對佛法的理解與實踐。
 	 	By participating in the Buddhism Study Workshop, devotees deepened their understanding and practice of the Dharma.
財務處	Treasurer's Office
 	 	國際佛光會的財務處負責監督和管理組織的所有財務活動。
 	 	The Treasurer's Office in the BLIA is responsible for overseeing and managing all financial activities of the organization.
 	 	每年年底，財務處皆會向理事會提交一份詳細的財務報告。
 	 	At the end of each year, the Treasurer's Office submits a detailed financial report to the board of directors.
 	 	今年，財務處引入了新系統以提升資金管理的效率。
 	 	This year, the Treasurer's Office introduced a new system to enhance the efficiency of fund management.
 	 	在佛光會的年度大會上，財務處的工作報告被廣泛讚揚。
 	 	At the BLIA annual conference, the report from the Treasurer's Office was widely praised.
財務長	Treasurer
 	 	他擔任國際佛光會的財務長，負責監督所有資金流動和預算編制。
 	 	He serves as the Treasurer of the BLIA, overseeing all cash flow and budget preparation.
 	 	作為財務長，她的工作是確保年度報告的準確性和透明度。
 	 	As the Treasurer, her job is to ensure the accuracy and transparency of the annual financial reports.
 	 	在這次理事會會議上，財務長提交了詳細的季度財務報告。
 	 	At this board meeting, the Treasurer presented a detailed quarterly financial report.
 	 	新任的財務長帶來了多年的金融管理經驗，幫助提升了國際佛光會的財務健康。
 	 	The newly appointed Treasurer brings years of financial management experience, contributing to the improved financial health of the BLIA.
財務開發委員會	Financial Resources Committee
 	 	國際佛光會的財務開發委員會正在籌劃新的募款計劃，以支持全球的佛教教育計劃。
 	 	The Financial Resources Committee of the BLIA is planning new fundraising initiatives to support global Buddhist educational programs.
 	 	作為財務開發委員會的成員之一，他負責審核並建議各項財務策略，以提升資金效益。
 	 	As a member of the Financial Resources Committee, he is responsible for reviewing and recommending financial strategies to enhance funding efficiency.
 	 	財務開發委員會最近發表了一份報告，詳述了過去一年的募款活動成果。
 	 	The Financial Resources Committee recently published a report detailing the outcomes of fundraising activities over the past year.
 	 	她被任命為財務開發委員會的主席，領導團隊探索創新的資金來源。
 	 	She was appointed as the chairperson of the Financial Resources Committee, leading the team to explore innovative funding sources.
資源開發委員會	Resources Development Committee
 	 	在國際佛光會的全球會議上，資源開發委員會提交了一份關於資源優化的詳細報告。
 	 	At the global conference of the BLIA, the Resources Development Committee submitted a detailed report on resource optimization.
 	 	資源開發委員會與行政文書組合作，確保慈善活動得到充分的支持和資金。
 	 	The Resources Development Committee collaborated with the Administrative Documentation Group to ensure full support and funding for the charity events.
 	 	她被任命為資源開發委員會的主任，負責全方位提升會內資源的利用效率。
 	 	She was appointed as the head of the Resources Development Committee, responsible for enhancing the efficiency of resource usage within the organization.
 	 	資源開發委員會的成員來自不同國家，旨在促進國際合作與資源共享。
 	 	The members of the Resources Development Committee come from various countries, aiming to promote international collaboration and resource sharing.
資訊文宣組	Information and Promotion Unit
 	 	國際佛光會的資訊文宣組負責製作年度活動的宣傳資料。
 	 	The Information and Promotion Unit of BLIA is responsible for creating promotional materials for the annual events.
 	 	在年度會議上，資訊文宣組展示了他們最新的多媒體宣傳方案。
 	 	The Information and Promotion Unit presented their latest multimedia promotional plan at the annual conference.
 	 	資訊文宣組的成員緊密合作，以提升國際佛光會的公眾形象。
 	 	Members of the Information and Promotion Unit work closely together to enhance the public image of BLIA.
 	 	她被任命為資訊文宣組的組長，並負責監督所有宣傳活動。
 	 	She was appointed as the head of the Information and Promotion Unit, overseeing all promotional activities.
資訊網路委員會	Information Network Committee
 	 	國際佛光會的資訊網路委員會負責維護會內的數位通訊和網絡安全。
 	 	The Information Network Committee of the BLIA is responsible for maintaining digital communications and network security within the association.
 	 	她被選為資訊網路委員會的主席，領導網路技術團隊。
 	 	She was elected as the chairperson of the Information Network Committee, leading the network technology team.
 	 	資訊網路委員會最近更新了其網站，以提升使用者體驗和功能。
 	 	The Information Network Committee recently updated its website to enhance user experience and functionality.
 	 	國際佛光會的行政文書組與資訊網路委員會合作，確保各部門之間的流暢溝通。
 	 	The BLIA's Administrative Documentation Division collaborates with the Information Network Committee to ensure smooth communication between departments.
輔導法師	Monastics Advisor
 	 	作為輔導法師，他需要協助年輕僧侶解決在修行上遇到的挑戰。
 	 	As a Monastics Advisor, he needs to assist young monks in overcoming challenges encountered in their practice.
 	 	輔導法師參加了國際佛光會組織的理事會會議，分享他的建議和觀察。
 	 	The Monastics Advisor attended the BLIA council meeting to share his insights and recommendations.
 	 	每月一次，輔導法師會舉辦開示課程，幫助大眾加深對佛法的理解。
 	 	Once a month, the Monastics Advisor holds lecture sessions to help the public deepen their understanding of Buddhism.
 	 	這位新任輔導法師對如何推動國際佛光會的青年活動有獨到的見解。
 	 	The newly appointed Monastics Advisor has unique insights on promoting youth activities within the BLIA.
道場護持組	Dharma Center Patrons' Unit
 	 	她被提升為國際佛光會道場護持組的組長，負責組織各項支持活動。
 	 	She was promoted to the head of the Dharma Center Patrons' Unit in the BLIA, responsible for organizing various support activities.
 	 	在學佛的路上，道場護持組的支援讓他有了更堅實的信念。
 	 	On his path of learning Buddhism, the support from the Dharma Center Patrons' Unit gave him a firmer conviction.
 	 	道場護持組定期舉辦培訓課程，增加成員的服務能力。
 	 	The Dharma Center Patrons' Unit regularly holds training courses to enhance the service capabilities of its members.
 	 	她加入了道場護持組，積極參與社區服務活動。
 	 	She joined the Dharma Center Patrons' Unit and actively participated in community service activities.
金剛居士	Buddha’s Light Men
 	 	金剛居士們為這次佛教慶典籌備了數個月，確保一切井然有序。
 	 	The Buddha’s Light Men have been preparing for the Buddhist celebration for several months, ensuring everything is in perfect order.
 	 	作為金剛居士的一員，他肩負起維護寺院的重任，致力於日常運作和活動的協調。
 	 	As a member of the Buddha’s Light Men, he undertakes the responsibility of maintaining the temple, dedicating himself to the coordination of daily operations and activities.
 	 	金剛居士們在社區活動中展現了團結一致的精神，提供各類義務服務。
 	 	The Buddha’s Light Men demonstrated a spirit of unity during community events, offering various volunteer services.
 	 	國際佛光會的主席讚揚了金剛居士們在弘揚佛法和慈悲服務方面的傑出貢獻。
 	 	The chairman of the BLIA praised the Buddha’s Light Men for their outstanding contributions to promoting Dharma and compassionate service.
金獅幹部	Golden Lion Executive
 	 	張先生在國際佛光會擔任金獅幹部，負責領導並推動重要的文化交流活動。
 	 	Mr. Zhang serves as a Golden Lion Executive at BLIA, responsible for leading and promoting important cultural exchange activities.
 	 	作為金獅幹部，她致力於推動國際佛光會的青年發展計劃。
 	 	As a Golden Lion Executive, she is dedicated to advancing the youth development programs at BLIA.
 	 	國際佛光會的金獅幹部們齊聚一堂，商討來年的活動計畫。
 	 	The Golden Lion Executives of BLIA came together to discuss the activity plans for the coming year.
 	 	成為金獅幹部以後，他在國際佛光會中擔任更有責任感的角色。
 	 	After becoming a Golden Lion Executive, he assumed a more responsible role within BLIA.
長老	Elder
 	 	長老在法會上分享了他多年的修行心得，給予大眾無盡的啟發。
 	 	The elder shared his years of cultivation insights at the Dharma assembly, providing endless inspiration to the audience.
 	 	這位長老在國際佛光會的地位相當崇高，許多人都來向他請教佛法。
 	 	This elder holds a highly esteemed position in the BLIA, with many seeking his counsel on Dharma teachings.
 	 	長老們在理事會中發揮重要作用，協助制定組織未來的發展方向。
 	 	Elders play a crucial role in the council, assisting in setting the future direction of the organization.
 	 	每一次的會議後，長老們都會聚在一起討論接下來的行動計劃。
 	 	After each meeting, the elders gather to discuss the upcoming action plans.
青少年教育委員會	Youth Education Committee
 	 	國際佛光會的青少年教育委員會致力於培養年輕人的道德價值觀與人文素養。
 	 	The Youth Education Committee of the BLIA is dedicated to nurturing the moral values and humanistic qualities of young people.
 	 	在今年的會議中，青少年教育委員會介紹了多個新的學習計劃，吸引了許多成員參與。
 	 	During this year's meeting, the Youth Education Committee introduced several new learning programs, drawing participation from many members.
 	 	青少年教育委員會舉辦的研討會受到家長和青少年的熱烈歡迎，大家對活動內容讚譽有加。
 	 	The seminar organized by the Youth Education Committee was warmly received by both parents and teenagers, who praised the content highly.
 	 	她在青少年教育委員會擔任義工的經歷讓她深入了解了教育的影響力和價值。
 	 	Her experience volunteering for the Youth Education Committee gave her deep insights into the impact and value of education.
非洲聯誼委員會	Africa Fellowship Committee
 	 	國際佛光會非洲聯誼委員會近日舉辦了一場文化交流活動，吸引了各界人士踴躍參加。
 	 	The Africa Fellowship Committee of BLIA recently organized a cultural exchange event that attracted enthusiastic participation from various sectors.
 	 	作為非洲聯誼委員會的成員，我們致力於加強與當地社區的聯繫，促進和諧。
 	 	As members of the Africa Fellowship Committee, we are committed to strengthening ties with local communities to promote harmony.
 	 	非洲聯誼委員會與多個地區的佛教組織合作，開展了一系列社會服務活動。
 	 	The Africa Fellowship Committee collaborated with several regional Buddhist organizations to conduct a series of community service activities.
 	 	為了擴大影響力，非洲聯誼委員會計畫推出一系列的教育和培訓項目。
 	 	To expand its impact, the Africa Fellowship Committee plans to launch a range of educational and training programs.
非漢語系聯誼委員會	Multi-Language Fellowship Committee
 	 	國際佛光會的非漢語系聯誼委員會舉辦了多場活動，促進不同文化背景信徒之間的交流。
 	 	The Multi-Language Fellowship Committee of BLIA organized several events to foster communication among followers from diverse cultural backgrounds.
 	 	擔任非漢語系聯誼委員會會長的她，積極推動跨文化交流與合作。
 	 	As the president of the Multi-Language Fellowship Committee, she actively promoted cross-cultural communication and cooperation.
 	 	非漢語系聯誼委員會的新計畫旨在提升非母語背景成員的語言能力。
 	 	The new initiative by the Multi-Language Fellowship Committee aims to enhance the language skills of members from non-native backgrounds.
 	 	會議中，非漢語系聯誼委員會提出了多項計畫，以支持語言多樣性的增進。
 	 	During the meeting, the Multi-Language Fellowship Committee proposed several programs to support the enhancement of linguistic diversity.
預備會員	Initiate Member
 	 	作為預備會員，他需要完成一系列的培訓課程。
 	 	As an initiate member, he needs to complete a series of training courses.
 	 	預備會員可以參加國際佛光會的各項活動，以了解更多組織的宗旨。
 	 	Initiate members can participate in various activities of the BLIA to learn more about the organization's mission.
 	 	她被接納為國際佛光會的預備會員，這是她邁向正式會員的重要一步。
 	 	She was accepted as an initiate member of the BLIA, an important step towards becoming a full member.
 	 	預備會員的責任包括協助組織活動和支援其他會員。
 	 	The responsibilities of initiate members include assisting in organizing activities and supporting other members.
預備檀講師研習	Preparatory Lay Dharma Lecturer Seminar
 	 	國際佛光會的預備檀講師研習提供了豐富的學習經驗，讓參加者能深入理解佛教教義。
 	 	The Preparatory Lay Dharma Lecturer Seminar at the International Buddhist Light Association provides a rich learning experience, enabling participants to gain a deep understanding of Buddhist doctrines.
 	 	今年的預備檀講師研習吸引了來自各地的學員，共同探索佛學智慧。
 	 	This year's Preparatory Lay Dharma Lecturer Seminar attracted participants from various regions to explore the wisdom of Buddhism together.
 	 	他報名參加了預備檀講師研習，以便將來能夠更好地服務於國際佛光會的社區。
 	 	He enrolled in the Preparatory Lay Dharma Lecturer Seminar so that he could better serve the community of the International Buddhist Light Association in the future.
 	 	在預備檀講師研習中，學員們不僅學習教義，還參加各種實踐活動以增強自己的教學技能。
 	 	At the Preparatory Lay Dharma Lecturer Seminar, participants not only learn doctrines but also engage in various practical activities to enhance their teaching skills.
